kind	obfType	obfMember	realType	realMember	conf	basis	flags
field	<PrivateImplementationDetails>	993FFD07DBEDB3A89A1204EB701EEC37211183CC26FFF0FDB7A8BA9339EE9139	<PrivateImplementationDetails>	067FBCFD72CCDA52EC9F702A609426BB6D12337F8AE49296BE7D352DDCA7CA52	0.30	order	S
field	<PrivateImplementationDetails>	C9A41E886E10FA50CE7E72EADDC32AD60DFE8E753C25AE3B8539F1574FAB125A	<PrivateImplementationDetails>	8B8ABE3DCD9131F0CA3298DB0F66EE5FC74FC2809DB5835C27B2E328189F8BF4	0.30	order	S
method	SFS.UI.ADHTESAQVDPONAGS	PFJDDHBJPNJ	SFS.UI.ScrollElement	GetParentRect	0.95	ilhash	-
method	SFS.UI.ADHTESAQVDPONAGS	KBCKIDNKPNK	SFS.UI.ScrollElement	get_RubberbandDistance	0.95	ilhash	-
method	SFS.UI.ADHTESAQVDPONAGS	EBCAAKCKCLI	SFS.UI.ScrollElement	GetRect	0.95	ilhash	-
method	SFS.UI.ADHTESAQVDPONAGS	AKFHKLCFCDO	SFS.UI.ScrollElement	<RegisterScrolling>b__27_0	0.95	ilhash	-
method	SFS.UI.ADHTESAQVDPONAGS	AKFHKLCFCDO	SFS.UI.ScrollElement	<RegisterScrolling>b__27_1	0.95	ilhash	-
field	SFS.UI.ADHTESAQVDPONAGS	BPJIMOPNFON	SFS.UI.ScrollElement	velocity	0.80	shape	I
field	SFS.UI.ADHTESAQVDPONAGS	MFKNBKNLGPN	SFS.UI.ScrollElement	update	0.80	shape	I
field	SFS.UI.ADHTESAQVDPONAGS	PJICGHOMKLM	SFS.UI.ScrollElement	rubberbandVelocityX	0.30	order	I
field	SFS.UI.ADHTESAQVDPONAGS	FPBKEOPBPCO	SFS.UI.ScrollElement	rubberbandVelocityY	0.30	order	I
prop	SFS.UI.ADHTESAQVDPONAGS	GBOHGOACAGN	SFS.UI.ScrollElement	FreeMoveSpace	0.90	accessor	P
prop	SFS.UI.ADHTESAQVDPONAGS	DNGPMODLMGF	SFS.UI.ScrollElement	PercentPosition	0.90	accessor	P
method	SFS.UI.ADHTESAQVDPONAGS/FNOPEBPBILP	FGOBGMJLPFI	SFS.UI.ScrollElement/<>c__DisplayClass26_0	<RegisterScrolling>b__1	0.95	ilhash	-
method	SFS.UI.ADHTESAQVDPONAGS/FNOPEBPBILP	CKCHIJAPGKJ	SFS.UI.ScrollElement/<>c__DisplayClass26_0	<RegisterScrolling>b__3	0.95	ilhash	-
method	SFS.UI.ADHTESAQVDPONAGS/FNOPEBPBILP	MPOCGCFCFNK	SFS.UI.ScrollElement/<>c__DisplayClass26_0	<RegisterScrolling>b__2	0.95	ilhash	-
method	SFS.UI.ADHTESAQVDPONAGS/FNOPEBPBILP	FBCLFLBLNBO	SFS.UI.ScrollElement/<>c__DisplayClass26_0	<RegisterScrolling>b__0	0.95	ilhash	-
method	AGCLJBCCIFC	BPFLOJJHDHC	SFS.Input.DragData	DeltaWorld	0.95	ilhash	P
field	AGCLJBCCIFC	CIAPKPFCEDA	SFS.Input.DragData	deltaPixel	0.80	shape	I
method	AGJKHGPKAGK	OEOIAEBNAMI	SFS.Logs.Step_Any_Landmarks	IsCompleted	0.95	ilhash	VP
method	AGJKHGPKAGK	GDOKOOLENFE	SFS.Logs.Step_Any_Landmarks	OnConflict	0.95	ilhash	VP
field	AGJKHGPKAGK	HPBIJKGAKEA	SFS.Logs.Step_Any_Landmarks	count	0.80	shape	I
field	AHKCCGGAGCK	BDEDLOHJJKN	SFS.Input.OnInputStayData	inputType	0.30	order	I
field	AHKCCGGAGCK	OLMPNIOEKJI	SFS.Input.OnInputStayData	position	0.30	order	I
field	AHKCCGGAGCK	CHPBLHBNLIO	SFS.Input.OnInputStayData	delta	0.30	order	I
method	SFS.World.Maps.AJVBCYJRXYHMHTNG	BOIGPNGLMOC	SFS.World.Maps.MapView	TryTrackSatellites	0.95	ilhash	-
method	SFS.World.Maps.AJVBCYJRXYHMHTNG	DEEILBIGPMB	SFS.World.Maps.MapView	OnTargetChange	0.95	ilhash	-
method	SFS.World.Maps.AJVBCYJRXYHMHTNG	LPMPGJMAALB	SFS.World.Maps.MapView	get_MaxViewDistance	0.95	ilhash	S
method	SFS.World.Maps.AJVBCYJRXYHMHTNG	NIACNLPFPJJ	SFS.World.Maps.MapView	<Start>b__8_0	0.95	ilhash	-
method	SFS.World.Maps.AJVBCYJRXYHMHTNG	EKKIFLHDIPD	SFS.World.Maps.MapView	SwitchTarget	0.95	ilhash	-
method	SFS.World.Maps.AJVBCYJRXYHMHTNG	HNKDPHLAECI	SFS.World.Maps.MapView	<Start>b__8_1	0.95	ilhash	-
method	SFS.World.Maps.AJVBCYJRXYHMHTNG	BNHJKMBKDPL	SFS.World.Maps.MapView	OnDrag	0.95	ilhash	-
method	SFS.World.Maps.AJVBCYJRXYHMHTNG	KIBJGALIHHM	SFS.World.Maps.MapView	OnViewChange	0.95	ilhash	-
method	SFS.World.Maps.AJVBCYJRXYHMHTNG	EIIMJIFBGHK	SFS.World.Maps.MapView	OnZoom	0.95	ilhash	-
method	SFS.World.Maps.AJVBCYJRXYHMHTNG	ACFNGEHGLEE	SFS.World.Maps.MapView	ViewDistanceFilter	0.95	ilhash	S
method	SFS.World.Maps.AJVBCYJRXYHMHTNG	DMKLLAINFKE	SFS.World.Maps.MapView	TransitionView	0.95	ilhash	-
method	SFS.World.Maps.AJVBCYJRXYHMHTNG	OEHNIAAGNCM	SFS.World.Maps.MapView	TryTrackParent	0.95	ilhash	-
field	SFS.World.Maps.AJVBCYJRXYHMHTNG	GDNCENAMBJL	SFS.World.Maps.MapView	MinViewDistance	0.80	shape	S
method	SFS.World.Maps.AJVBCYJRXYHMHTNG/<>c	GDFNMEDKMMM	SFS.World.Maps.MapView/<>c	<get_MaxViewDistance>b__2_1	0.95	ilhash	-
method	SFS.World.Maps.AJVBCYJRXYHMHTNG/<>c	DDCDHLBFEBA	SFS.World.Maps.MapView/<>c	<get_MaxViewDistance>b__2_0	0.95	ilhash	-
method	SFS.World.Maps.AJVBCYJRXYHMHTNG/MapObject_Local	MFNOGGJCACK	SFS.World.Maps.MapView/MapObject_Local	IsEqual	0.95	ilhash	V
method	SFS.World.Maps.AJVBCYJRXYHMHTNG/View	JEBJDILGFIE	SFS.World.Maps.MapView/View	Lerp	0.95	ilhash	SP
method	SFS.World.Maps.AJVBCYJRXYHMHTNG/View	FFFNMOGMNDH	SFS.World.Maps.MapView/View	ToLogarithmicLerp	0.95	ilhash	SP
method	AKHBHJPKGJM	FPAEGPEPKHA	SFS.UI.ModGUI.ButtonWithLabel	Init	0.95	ilhash	VP
field	AKHBHJPKGJM	FLGEAMKLNLO	SFS.UI.ModGUI.ButtonWithLabel	label	0.30	order	I
field	AKHBHJPKGJM	KDOMFIHPOAC	SFS.UI.ModGUI.ButtonWithLabel	button	0.30	order	I
method	SFS.UI.AKKJAROURWNNHFON/GPKKOJJHMAN	IKMIJNAKIKO	SFS.UI.TutorialsMenu/<>c__DisplayClass4_0	<OnOpen>b__0	0.95	ilhash	-
method	AKMKBAIGABH	ACKFLBIPNHG	SFS.Parts.Modules.UV_Splittable	GetSplits	0.45	virtual-order?	V
method	AKMKBAIGABH	AMHHDAHDBBG	SFS.Parts.Modules.UV_Splittable	Split	0.45	virtual-order?	V
field	AKMKBAIGABH	MOIELDNGNLH	SFS.Parts.Modules.UV_Splittable	element	0.30	order	I
method	AKMKBAIGABH/<>c	LLBHKOPPNPH	SFS.Parts.Modules.UV_Splittable/<>c	<GetSplits>b__2_0	0.95	ilhash	-
field	AMBCEBIOJDD	OLMPNIOEKJI	SFS.Input.OnTouchLongClickData	position	0.80	shape	I
method	AMGBAMLLMNK	HEGBNNLCCIE	SFS.ConvexPolygon	Intersects	0.95	ilhash	P
method	AMGBAMLLMNK	HIIEJDBDPDC	SFS.ConvexPolygon	ProjectPolygon	0.95	ilhash	-
method	AMGBAMLLMNK	CAMIANCNJFM	SFS.ConvexPolygon	IntervalDistance	0.95	ilhash	S
method	AMGBAMLLMNK	EBLBFCHMAHI	SFS.ConvexPolygon	GetDistanceToPolygon	0.95	ilhash	P
method	AMGBAMLLMNK	EIDNAAOGGHI	SFS.ConvexPolygon	ProjectSurface	0.95	ilhash	S
method	AMGBAMLLMNK	GDJJFHCNJAH	SFS.ConvexPolygon	<Intersects>g__ExpandTo|8_0	0.95	ilhash	S
method	AMGBAMLLMNK	DKBABIKHHDI	SFS.ConvexPolygon	Intersect	0.95	ilhash	S
method	AMGBAMLLMNK	KMHHBNBDJJB	SFS.ConvexPolygon	ExpandBounds	0.95	ilhash	S
field	AMGBAMLLMNK	CFOJGBLJEPL	SFS.ConvexPolygon	points	0.30	order	I
field	AMGBAMLLMNK	EGAAOHDDBEH	SFS.ConvexPolygon	surfaces	0.30	order	I
field	AMGBAMLLMNK	MGNCPDFHHAD	SFS.ConvexPolygon	bounds	0.80	shape	I
field	ANDBKFHOABI	FEKMPMOPKAC	SDWebImageDownloaderError	type	0.80	shape	I
field	ANDBKFHOABI	EFLBEMMKFPA	SDWebImageDownloaderError	description	0.80	shape	I
method	SFS.Input.AUSIVZAXIBUONJGA	FBDONEHCLAN	SFS.Input.Screen_Game	SFS.Input.I_Touchable.OnMouseExit	0.95	ilhash	VN
method	SFS.Input.AUSIVZAXIBUONJGA	MKJGEBFNIMI	SFS.Input.Screen_Game	SFS.Input.I_Touchable.OnZoom	0.95	ilhash	VN
method	SFS.Input.AUSIVZAXIBUONJGA	LDKLBOIIHML	SFS.Input.Screen_Game	SFS.Input.I_Touchable.OnDrag	0.95	ilhash	VN
method	SFS.Input.AUSIVZAXIBUONJGA	KIELLGFILJO	SFS.Input.Screen_Game	SFS.Input.I_Touchable.PointcastElement	0.95	ilhash	VN
method	SFS.Input.AUSIVZAXIBUONJGA	EJKHAKLJLHE	SFS.Input.Screen_Game	SFS.Input.I_Touchable.OnNotStationary	0.95	ilhash	VN
method	SFS.Input.AUSIVZAXIBUONJGA	MJNJNJHOIHF	SFS.Input.Screen_Game	SFS.Input.I_Touchable.OnTouchLongClick	0.95	ilhash	VN
method	SFS.Input.AUSIVZAXIBUONJGA	MBDFOLJJHBD	SFS.Input.Screen_Game	SFS.Input.I_Touchable.OnInputEnd	0.95	ilhash	VN
method	SFS.Input.AUSIVZAXIBUONJGA	NKIMMOGGAMN	SFS.Input.Screen_Game	SFS.Input.I_Touchable.GetPriority	0.95	ilhash	VN
method	SFS.Input.AUSIVZAXIBUONJGA	MAAMPGMAJNB	SFS.Input.Screen_Game	SFS.Input.I_Touchable.OnInputStay	0.95	ilhash	VN
method	SFS.Input.AUSIVZAXIBUONJGA	DINFHLHJIIH	SFS.Input.Screen_Game	SFS.Input.I_Touchable.OnInputStart	0.95	ilhash	VN
method	SFS.Input.AUSIVZAXIBUONJGA	FNLFIEFOCAO	SFS.Input.Screen_Game	SFS.Input.I_Touchable.OnMouseEnter	0.95	ilhash	VN
prop	SFS.Input.AUSIVZAXIBUONJGA	BDFDPJFAOKO	SFS.Input.Screen_Game	PauseWhileOpen	0.90	accessor	P
method	AVGNVPEJXVMJOISB	NOOJDALDEEN	BuildSelectMenu	<Awake>b__2_1	0.95	ilhash	-
method	AVGNVPEJXVMJOISB	HHKIBMBCJDG	BuildSelectMenu	ResetScrollPosition	0.95	ilhash	-
method	AVGNVPEJXVMJOISB	LNDHCKEKHBI	BuildSelectMenu	<Awake>b__2_0	0.95	ilhash	-
field	AWWBOAXKLVTJDXIG`1	BEFHCMJKBBA	Singleton`1	_instance	0.80	shape	S
prop	AWWBOAXKLVTJDXIG`1	EJBGMCDPPJH	Singleton`1	instance	0.90	accessor	P
method	SFS.Builds.AWZJJVNLNRKVIRBM	NMNOHDMCHKL	SFS.Builds.BuildStatsDrawer	<GetThrust>g__IsThrustNotBlocked|15_0	0.95	ilhash	S
method	SFS.Builds.AWZJJVNLNRKVIRBM	CCDFDDEELBH	SFS.Builds.BuildStatsDrawer	MarkDirty	0.95	ilhash	-
method	SFS.Builds.AWZJJVNLNRKVIRBM	AACDLJIMBGD	SFS.Builds.BuildStatsDrawer	GetMass	0.95	ilhash	-
method	SFS.Builds.AWZJJVNLNRKVIRBM	OPMGBKAGDBI	SFS.Builds.BuildStatsDrawer	<Start>b__7_1	0.95	ilhash	-
method	SFS.Builds.AWZJJVNLNRKVIRBM	FLCJPNJOHGC	SFS.Builds.BuildStatsDrawer	<Start>b__7_0	0.95	ilhash	-
method	SFS.Builds.AWZJJVNLNRKVIRBM	PDPALMFFDFA	SFS.Builds.BuildStatsDrawer	Draw	0.95	ilhash	-
method	SFS.Builds.AWZJJVNLNRKVIRBM	CIPOOGKCLNA	SFS.Builds.BuildStatsDrawer	GetHeight	0.95	ilhash	-
method	SFS.Builds.AWZJJVNLNRKVIRBM	LIODAGPCNOA	SFS.Builds.BuildStatsDrawer	GetThrust	0.95	ilhash	-
method	SFS.Builds.AWZJJVNLNRKVIRBM/<>c	MBJFIDBLNNP	SFS.Builds.BuildStatsDrawer/<>c	<GetMass>b__14_0	0.95	ilhash	-
method	SFS.Builds.AWZJJVNLNRKVIRBM/OHCGPHHENFK	FBAHGJKLLDF	SFS.Builds.BuildStatsDrawer/<>c__DisplayClass15_1	<GetThrust>b__1	0.95	ilhash	-
method	SFS.Parts.Modules.ActivationSequenceModule	BFMBBAFCLGK	SFS.Parts.Modules.ActivationSequenceModule	get_CanActivate	0.95	ilhash	-
method	SFS.Parts.Modules.ActivationSequenceModule	HNELEEEJGLB	SFS.Parts.Modules.ActivationSequenceModule	get_Index	0.95	ilhash	-
method	SFS.Parts.Modules.ActiveModule	PCKCGBAFMOD	SFS.Parts.Modules.ActiveModule	UpdateActive	0.95	ilhash	-
prop	SFS.Parts.Modules.ActiveModule	JILLOPBCKEJ	SFS.Parts.Modules.ActiveModule	Priority	0.90	accessor	P
method	SFS.Parts.Modules.AdaptModule	PCFNBFEKAFA	SFS.Parts.Modules.AdaptModule	InAdaptRange	0.95	ilhash	-
method	SFS.Parts.Modules.AdaptModule	CFDFDJDNGCO	SFS.Parts.Modules.AdaptModule	<Adapt>g__GetOutputOffset|24_1	0.95	ilhash	S
method	SFS.Parts.Modules.AdaptModule	PMPJAOKNIKD	SFS.Parts.Modules.AdaptModule	MatchingNormals	0.95	ilhash	-
method	SFS.Parts.Modules.AdaptModule	EBONBKGFFFI	SFS.Parts.Modules.AdaptModule	GetPositionDifference	0.95	ilhash	-
method	SFS.Parts.Modules.AdaptModule	KPNPGLCMFAC	SFS.Parts.Modules.AdaptModule	MatchingType	0.95	ilhash	S
method	SFS.Parts.Modules.AdaptModule	PBOJDDNNHAD	SFS.Parts.Modules.AdaptModule	<Start>b__20_0	0.95	ilhash	-
method	SFS.Parts.Modules.AdaptModule	GBLFPPKNCEC	SFS.Parts.Modules.AdaptModule	<CacheCandidates>g__AddCandidatesFromCell|23_0	0.95	ilhash	-
method	SFS.Parts.Modules.AdaptModule	MOHAPHONPDG	SFS.Parts.Modules.AdaptModule	<Adapt>g__GetPositionDifference_Local|24_0	0.95	ilhash	-
method	SFS.Parts.Modules.AdaptModule	IDHELIJLNDE	SFS.Parts.Modules.AdaptModule	<UpdateAdaptation>g__Adapt|22_0	0.95	ilhash	S
method	SFS.Parts.Modules.AdaptModule	DICDLMHKKGJ	SFS.Parts.Modules.AdaptModule	Adapt	0.95	ilhash	-
method	SFS.Parts.Modules.AdaptModule	EAODCLBPDBC	SFS.Parts.Modules.AdaptModule	AcceptedDynamic	0.95	ilhash	-
method	SFS.Parts.Modules.AdaptModule	MNCCAPBBJAG	SFS.Parts.Modules.AdaptModule	GetBestPoint	0.95	ilhash	-
method	SFS.Parts.Modules.AdaptModule	APEDIBDHIAE	SFS.Parts.Modules.AdaptModule	InPositionRange	0.95	ilhash	-
method	SFS.Parts.Modules.AdaptModule	GLKDLKINHAN	SFS.Parts.Modules.AdaptModule	CacheCandidates	0.95	ilhash	-
method	SFS.Parts.Modules.AdaptModule	PNIBGFKFKOL	SFS.Parts.Modules.AdaptModule	SpatiallyMatches	0.95	ilhash	-
field	SFS.Parts.Modules.AdaptModule	DLHHIFEGMIH	SFS.Parts.Modules.AdaptModule	Range	0.30	order	S
field	SFS.Parts.Modules.AdaptModule	HLINLCNLMIK	SFS.Parts.Modules.AdaptModule	AreaMargin	0.30	order	S
field	SFS.Parts.Modules.AdaptModule	LBDOIFCCIDL	SFS.Parts.Modules.AdaptModule	s_allTriggerPoints	0.30	order	S
field	SFS.Parts.Modules.AdaptModule	KPBJIKKMANM	SFS.Parts.Modules.AdaptModule	s_triggers	0.80	shape	S
field	SFS.Parts.Modules.AdaptModule	NLLICHCONIO	SFS.Parts.Modules.AdaptModule	s_cellPool	0.80	shape	S
field	SFS.Parts.Modules.AdaptModule	AFIEDPOHHJP	SFS.Parts.Modules.AdaptModule	s_adaptModules	0.30	order	S
field	SFS.Parts.Modules.AdaptModule	ANJHGJKHJAK	SFS.Parts.Modules.AdaptModule	s_adaptModulesReverse	0.30	order	S
field	SFS.Parts.Modules.AdaptModule	JOJMCNFCLDF	SFS.Parts.Modules.AdaptModule	s_acceptedTriggers	0.30	order	S
field	SFS.Parts.Modules.AdaptModule	FIJIBNKCODO	SFS.Parts.Modules.AdaptModule	s_bestCurrent	0.30	order	S
field	SFS.Parts.Modules.AdaptModule	CCGFGDFCNFM	SFS.Parts.Modules.AdaptModule	s_bestNext	0.30	order	S
field	SFS.Parts.Modules.AdaptModule	LFBIFEGLGOP	SFS.Parts.Modules.AdaptModule	initialized	0.80	shape	I
prop	SFS.Parts.Modules.AdaptModule	JILLOPBCKEJ	SFS.Parts.Modules.AdaptModule	Priority	0.90	accessor	P
method	SFS.Parts.Modules.AdaptTriggerModule	COJODFGGNIF	SFS.Parts.Modules.AdaptTriggerModule	I_InitializePartModule.get_Priority	0.95	ilhash	VN
method	SFS.Parts.Modules.AdaptTriggerModule	GLMJIGOCIHE	SFS.Parts.Modules.AdaptTriggerModule	<I_InitializePartModule.Initialize>b__5_0	0.95	ilhash	-
method	SFS.Parts.Modules.AdaptTriggerModule	BOGBFJLCIGC	SFS.Parts.Modules.AdaptTriggerModule	I_InitializePartModule.Initialize	0.95	ilhash	VN
field	SFS.Parts.Modules.AdaptTriggerModule	LFBIFEGLGOP	SFS.Parts.Modules.AdaptTriggerModule	initialized	0.80	shape	I
method	AeroFormula	DLIDKHMIMID	AeroFormula	GetShockOpacity	0.95	ilhash	-
method	AeroFormula	PAFJINDJPJG	AeroFormula	GetEverything	0.95	ilhash	P
method	AeroFormula	DIEHODNEEEF	AeroFormula	GetTemperature	0.95	ilhash	-
method	AeroFormula	PMPAKFEJJBF	AeroFormula	<GetShockOpacity>g__Apply|5_0	0.95	ilhash	S
method	AeroFormula	BNHFIMPLDJI	AeroFormula	GetQ	0.95	ilhash	-
method	SFS.World.Aero_Local	MFNOGGJCACK	SFS.World.Aero_Local	IsEqual	0.95	ilhash	V
method	AndroidMigration	CAEPEEAFLFB	AndroidMigration	set_HasMigrated	0.95	ilhash	S
method	AndroidMigration	HJBKMDAJAIJ	AndroidMigration	set_HasStartedMigration	0.95	ilhash	S
method	AndroidMigration	GJILKINAJDG	AndroidMigration	get_HasMigrated	0.95	ilhash	SP
method	AndroidMigration	BHDDBLPBCAO	AndroidMigration	get_HasStartedMigration	0.95	ilhash	SP
field	AndroidMigration	<BBFLCCNCNCN>k__BackingField	AndroidMigration	<HasStartedMigration>k__BackingField	0.30	order	S
field	AndroidMigration	<PMLNAOOLMAI>k__BackingField	AndroidMigration	<HasMigrated>k__BackingField	0.30	order	S
method	SFS.World.Arrowkeys_Local	MFNOGGJCACK	SFS.World.Arrowkeys_Local	IsEqual	0.95	ilhash	V
method	SFS.World.PlanetModules.Atmosphere_Visuals/ColorGradient	OADLJALMIPL	SFS.World.PlanetModules.Atmosphere_Visuals/ColorGradient	Evaluate	0.95	ilhash	P
method	SFS.Parts.Modules.AudioModule	BEBLIPKCHPN	SFS.Parts.Modules.AudioModule	OnPitchChange	0.95	ilhash	-
method	SFS.Parts.Modules.AudioModule	CHGEDIPPBPG	SFS.Parts.Modules.AudioModule	OnVolumeChange	0.95	ilhash	-
method	SFS.Parts.Modules.AudioModule	NNAHDPKCFNC	SFS.Parts.Modules.AudioModule	Stop	0.95	ilhash	-
method	SFS.Parts.Modules.AudioModule	FMFJHIOKDMB	SFS.Parts.Modules.AudioModule	Play	0.95	ilhash	-
field	SFS.Parts.Modules.AudioModule	EEEANAFENLC	SFS.Parts.Modules.AudioModule	init	0.80	shape	I
field	SFS.Parts.Modules.AudioModule	NINEAFFHHDM	SFS.Parts.Modules.AudioModule	playingSoundEffect	0.80	shape	I
method	BAJPGFALBBC	ECMMKKFPKMH	SFS.World.Legacy.LegacyConverter	Convert_Orbit	0.95	ilhash	S
method	BAJPGFALBBC	GDFJNGDPMFH	SFS.World.Legacy.LegacyConverter	Convert_PostProcessing	0.95	ilhash	S
method	BAJPGFALBBC	GIBMFNKACHH	SFS.World.Legacy.LegacyConverter	Convert_Atmosphere_Physics	0.95	ilhash	S
method	BAJPGFALBBC	KAEJJDMGPOC	SFS.World.Legacy.LegacyConverter	CheckAndConvert_Planet	0.95	ilhash	SP
method	BAJPGFALBBC	CFHGOIGCOMP	SFS.World.Legacy.LegacyConverter	Convert_TerrainFormula	0.95	ilhash	S
method	BAJPGFALBBC	HLPICNEIJFJ	SFS.World.Legacy.LegacyConverter	FromJson_Old	0.95	ilhash	S
method	BAJPGFALBBC	BJKOICIDLOB	SFS.World.Legacy.LegacyConverter	Convert_Planet	0.95	ilhash	S
method	BAJPGFALBBC	MJBDGJABMIL	SFS.World.Legacy.LegacyConverter	Convert_Terrain	0.95	ilhash	S
method	BAJPGFALBBC	JHMGFALONGA	SFS.World.Legacy.LegacyConverter	Convert_Atmosphere_Visuals	0.95	ilhash	S
method	BAJPGFALBBC	PLKMBHGBDJE	SFS.World.Legacy.LegacyConverter	Convert_Basic	0.95	ilhash	S
method	BAJPGFALBBC/<>c	MNCKEGFFEIL	SFS.World.Legacy.LegacyConverter/<>c	<Convert_PostProcessing>b__5_0	0.95	ilhash	-
method	BAJPGFALBBC/<>c	PFGHBHBFEOB	SFS.World.Legacy.LegacyConverter/<>c	<Convert_Atmosphere_Visuals>b__9_0	0.95	ilhash	-
prop	BAMGEBOMDHC	JILLOPBCKEJ	I_InitializePartModule	Priority	0.90	accessor	P
method	BAYCMCXIWARLWDMM	ILGCJBHEKEL	StarGenerator	CreateStars	0.95	ilhash	-
method	BBNLAMGOJCF	KOJOKBONNAI	SFS.UI.NewElementBuilder`1	SizeSync	0.95	ilhash	P
method	BBNLAMGOJCF	MIDFAKKNMHF	SFS.UI.NewElementBuilder`1	OnCreated	0.75	virtual-order	VAN
method	BBNLAMGOJCF	EBFABMIMDOA	SFS.UI.NewElementBuilder`1	MaxSize	0.95	ilhash	P
method	BBNLAMGOJCF	DPLJEHAIKJG	SFS.UI.NewElementBuilder`1	MinSize	0.95	ilhash	P
method	BBNLAMGOJCF	IDDDPPOCEJI	SFS.UI.NewElementBuilder`1	CreateElement	0.95	ilhash	V
field	BBNLAMGOJCF	MOIELDNGNLH	SFS.UI.NewElementBuilder`1	element	0.30	order	I
field	BBNLAMGOJCF	IKEIHLIMNAJ	SFS.UI.NewElementBuilder`1	minWidth	0.30	order	I
field	BBNLAMGOJCF	IINLIMAFBED	SFS.UI.NewElementBuilder`1	minHeight	0.30	order	I
field	BBNLAMGOJCF	FMBHGOGKENL	SFS.UI.NewElementBuilder`1	maxWidth	0.30	order	I
field	BBNLAMGOJCF	AGKJAHKADDG	SFS.UI.NewElementBuilder`1	maxHeight	0.30	order	I
field	BBNLAMGOJCF	AKPONGPDDPO	SFS.UI.NewElementBuilder`1	syncCarrier	0.30	order	I
method	BEACPOGCNBL	JCFKIHNDGGG	Clipper2Lib.OutPtPoolList	Add	0.95	ilhash	P
field	BEACPOGCNBL	BCHEPNHPCEN	Clipper2Lib.OutPtPoolList	UseOutPtPool	0.80	shape	S
field	BGLAHCPDGCC	HDKBJBJJOHB	SFS.Input.ZoomData	zoomDelta	0.80	shape	I
field	BGLAHCPDGCC	LHOBFNHPCCH	SFS.Input.ZoomData	zoomPosition	0.80	shape	I
method	BIBADKFELLH	MBENOEOGDDD	Firebase.Internal.FirebaseInterops	GetIsDataCollectionDefaultEnabled	0.95	ilhash	SP
method	BIBADKFELLH	NMEGOMFMAHD	Firebase.Internal.FirebaseInterops	InitializeAuthReflection	0.95	ilhash	S
method	BIBADKFELLH	FKAIDLMPGNB	Firebase.Internal.FirebaseInterops	InitializeAppCheckReflection	0.95	ilhash	S
method	BIBADKFELLH	OAFDNPKBDHC	Firebase.Internal.FirebaseInterops	GetVersionInfoSdkVersion	0.95	ilhash	S
method	BIBADKFELLH	HLGNAEBLEFJ	Firebase.Internal.FirebaseInterops	GetAuthTokenAsync	0.95	ilhash	S
method	BIBADKFELLH	KEACKHCEKAO	Firebase.Internal.FirebaseInterops	AddFirebaseTokensAsync	0.95	ilhash	S
method	BIBADKFELLH	KFALGPAACPM	Firebase.Internal.FirebaseInterops	GetAppCheckTokenAsync	0.95	ilhash	S
method	BIBADKFELLH	EINAILAIMOG	Firebase.Internal.FirebaseInterops	InitializeAppReflection	0.95	ilhash	S
method	BIBADKFELLH	ICKLDEMIOKE	Firebase.Internal.FirebaseInterops	LogError	0.95	ilhash	S
field	BIBADKFELLH	OKGKHNONEEK	Firebase.Internal.FirebaseInterops	_dataCollectionProperty	0.30	order	S
field	BIBADKFELLH	DBNPDFPCKOE	Firebase.Internal.FirebaseInterops	_appCheckType	0.30	order	S
field	BIBADKFELLH	EOCIAFEOOJO	Firebase.Internal.FirebaseInterops	_appCheckGetInstanceMethod	0.30	order	S
field	BIBADKFELLH	DBHKHOJCIMI	Firebase.Internal.FirebaseInterops	_appCheckGetTokenMethod	0.30	order	S
field	BIBADKFELLH	MEKMPHFHPJE	Firebase.Internal.FirebaseInterops	_appCheckTokenResultProperty	0.30	order	S
field	BIBADKFELLH	KIHNFDMEEBM	Firebase.Internal.FirebaseInterops	_appCheckTokenTokenProperty	0.30	order	S
field	BIBADKFELLH	ILOPPBAHANJ	Firebase.Internal.FirebaseInterops	_appCheckReflectionInitialized	0.30	order	S
field	BIBADKFELLH	OMFCCPNIACH	Firebase.Internal.FirebaseInterops	appCheckHeader	0.30	order	S
field	BIBADKFELLH	BIOCEGPDCJI	Firebase.Internal.FirebaseInterops	_authType	0.30	order	S
field	BIBADKFELLH	LCIBOHCKKLB	Firebase.Internal.FirebaseInterops	_authGetAuthMethod	0.30	order	S
field	BIBADKFELLH	AJBCBEKDOIL	Firebase.Internal.FirebaseInterops	_authCurrentUserProperty	0.30	order	S
field	BIBADKFELLH	FGKEOMFLHIL	Firebase.Internal.FirebaseInterops	_userTokenAsyncMethod	0.30	order	S
field	BIBADKFELLH	LALELBGAGBF	Firebase.Internal.FirebaseInterops	_userTokenTaskResultProperty	0.30	order	S
field	BIBADKFELLH	LCMJANMINOC	Firebase.Internal.FirebaseInterops	_authReflectionInitialized	0.30	order	S
field	BIBADKFELLH	FFILNGJOEDC	Firebase.Internal.FirebaseInterops	authHeader	0.30	order	S
field	BIBADKFELLH	IGEGPACNECI	Firebase.Internal.FirebaseInterops	_unknownSdkVersion	0.30	order	S
field	BIBADKFELLH	JMCHJFMBBDC	Firebase.Internal.FirebaseInterops	_sdkVersionFetcher	0.80	shape	S
method	BIBADKFELLH/<>c	EBCJPHBPOHB	Firebase.Internal.FirebaseInterops/<>c	<.cctor>b__15_0	0.95	ilhash	-
method	BKIMGFAPNIG	DMAGJOGOMHB	Text_Static	SetLines	0.95	ilhash	SP
method	BKIMGFAPNIG	EIPFDAHMICE	Text_Static	Clear	0.95	ilhash	SP
method	BKIMGFAPNIG	NPBNIMKAEIO	Text_Static	AddLines	0.95	ilhash	SP
method	SFS.World.Maps.BMAUCCSTVIXTOWAQ	INDFDJBJFFP	SFS.World.Maps.MapEnvironment	CreateCircle	0.95	ilhash	S
method	SFS.World.Maps.BMAUCCSTVIXTOWAQ	ILDPEEBOINL	SFS.World.Maps.MapEnvironment	CreateEnvironment	0.95	ilhash	-
method	SFS.World.Maps.BMAUCCSTVIXTOWAQ	MEAONNCAKPD	SFS.World.Maps.MapEnvironment	CreateTerrain	0.95	ilhash	-
method	SFS.World.Maps.BMAUCCSTVIXTOWAQ	JHHKPLBFNDO	SFS.World.Maps.MapEnvironment	SetupChunk	0.95	ilhash	S
field	SFS.World.Maps.BMAUCCSTVIXTOWAQ	BKIKOHDIOAF	SFS.World.Maps.MapEnvironment	environments	0.80	shape	I
method	SFS.World.Maps.BMAUCCSTVIXTOWAQ/BKAGOHBJDNP	DAOAFPOHJOO	SFS.World.Maps.MapEnvironment/<>c__DisplayClass6_0	<CreateEnvironments>b__0	0.95	ilhash	-
method	BNEPALDAJFA	IHHMOBFGAMI	LayoutUtility	DisableChildControl	0.95	ilhash	SP
method	BNFOKPOHHJM	FOLMBCJEEKB	SFS.Career.I_TechTreeData	get_GrayOut	0.75	virtual-order	VANP
method	BNFOKPOHHJM	JFIGADMFANA	SFS.Career.I_TechTreeData	get_Name_ID	0.75	virtual-order	VANP
prop	BNFOKPOHHJM	NPGOBBLJEIK	SFS.Career.I_TechTreeData	IsComplete	0.90	accessor	P
prop	BNFOKPOHHJM	GNILLGNIDJE	SFS.Career.I_TechTreeData	Value	0.90	accessor	P
method	BNLGPGBJAAF	CANILKIFNNG	ListUtility	RemoveRange	0.95	ilhash	SP
method	BNLGPGBJAAF	NOLJLAKBBFK	ListUtility	AddAndReturn	0.95	ilhash	SP
method	BNLGPGBJAAF	GOHMKLAMLAA	ListUtility	Collapse	0.95	ilhash	SP
method	BNLGPGBJAAF	PHPPHCAEFNP	ListUtility	GetBest	0.95	ilhash	SP
method	BNLGPGBJAAF	HDPBJEOKFEI	ListUtility	IsValidIndex	0.95	ilhash	SP
method	BNLGPGBJAAF	OOKAOFPDOCF	ListUtility	IsValidInsert	0.95	ilhash	SP
method	BNLGPGBJAAF	BEDCBFBLMAO	ListUtility	ForEach	0.95	ilhash	SP
method	BNLGPGBJAAF/OKHICHDJFKL	ODKBACHDLPA	ListUtility/<>c__DisplayClass2_0`1	<RemoveRange>b__0	0.95	ilhash	-
field	BOEHCOLLPBJ	AEBONEDPDDH	SFS.Parsers.Json.Exclusions.Inclusion`1/<>c__DisplayClass2_0	prop	0.30	order	I
method	BOJNCONNAOM	FPAEGPEPKHA	SFS.UI.ModGUI.Separator	Init	0.95	ilhash	VP
method	SFS.World.Drag.BQKECEFXKZYTTPVF	GMMAGLJOLLB	SFS.World.Drag.AeroModule	RadixSort	0.50	order-sig	S
method	SFS.World.Drag.BQKECEFXKZYTTPVF	OEGPJKNEAID	SFS.World.Drag.AeroModule	get_PhysicsMode	0.45	virtual-order?	VAN
method	SFS.World.Drag.BQKECEFXKZYTTPVF	NJAIKBEKOCG	SFS.World.Drag.AeroModule	GetLocation	0.45	virtual-order?	VAN
method	SFS.World.Drag.BQKECEFXKZYTTPVF	DGMLJDDIFNI	SFS.World.Drag.AeroModule	<GetExposedSurfaces>g__RemoveSection|16_1	0.95	ilhash	S
method	SFS.World.Drag.BQKECEFXKZYTTPVF	GIMBBFMPCFL	SFS.World.Drag.AeroModule	RemoveHighSlopeSurfaces	0.95	ilhash	S
method	SFS.World.Drag.BQKECEFXKZYTTPVF	LAKEABBGEEC	SFS.World.Drag.AeroModule	<FixedUpdate>g__Formula|9_0	0.95	ilhash	S
method	SFS.World.Drag.BQKECEFXKZYTTPVF	NNIBGNJFMKL	SFS.World.Drag.AeroModule	<GetExposedSurfaces>g__SetSectionEnd|16_3	0.95	ilhash	S
method	SFS.World.Drag.BQKECEFXKZYTTPVF	CMOMIPLAPGB	SFS.World.Drag.AeroModule	<GetExposedSurfaces>g__InsertSection|16_0	0.95	ilhash	S
method	SFS.World.Drag.BQKECEFXKZYTTPVF	MFGEBKDPBNG	SFS.World.Drag.AeroModule	CalculateDragForce	0.95	ilhash	S
method	SFS.World.Drag.BQKECEFXKZYTTPVF	NBNNMIOGCKO	SFS.World.Drag.AeroModule	ApplyForce	0.95	ilhash	-
method	SFS.World.Drag.BQKECEFXKZYTTPVF	NJAIKBEKOCG	SFS.World.Drag.AeroModule	GetDragSurfaces	0.45	virtual-order?	VAN
method	SFS.World.Drag.BQKECEFXKZYTTPVF	BCIIAIMEHON	SFS.World.Drag.AeroModule	AddForceAtPosition	0.45	virtual-order?	VAN
method	SFS.World.Drag.BQKECEFXKZYTTPVF	IHGJBDJDGFO	SFS.World.Drag.AeroModule	ApplyProtectionZone	0.95	ilhash	S
method	SFS.World.Drag.BQKECEFXKZYTTPVF	EPOJOLLKJAN	SFS.World.Drag.AeroModule	FixedUpdate_Reentry_And_Heating	0.95	ilhash	-
method	SFS.World.Drag.BQKECEFXKZYTTPVF	AACDLJIMBGD	SFS.World.Drag.AeroModule	GetMass	0.45	virtual-order?	VAN
method	SFS.World.Drag.BQKECEFXKZYTTPVF	ONDLEKIPCDL	SFS.World.Drag.AeroModule	<GetExposedSurfaces>g__SetSectionStart|16_2	0.95	ilhash	S
field	SFS.World.Drag.BQKECEFXKZYTTPVF	ILEONCABELC	SFS.World.Drag.AeroModule	frameIndex	0.80	shape	I
method	SFS.World.Drag.BQKECEFXKZYTTPVF/DALNFMKGILF	FFFHMJOEFDC	SFS.World.Drag.AeroModule/<>c__DisplayClass19_0	<RemoveHighSlopeSurfaces>b__0	0.95	ilhash	-
method	SFS.World.BSMSMHDJHLDCCEWB	JAAOAOBPENA	SFS.World.GameManager	<OpenMenu>b__13_5	0.95	ilhash	-
method	SFS.World.BSMSMHDJHLDCCEWB	AIIJBNIBBOP	SFS.World.GameManager	LoadAndLaunch	0.95	ilhash	-
method	SFS.World.BSMSMHDJHLDCCEWB	IDKDMENBPMG	SFS.World.GameManager	IsOnLaunchpad	0.95	ilhash	S
method	SFS.World.BSMSMHDJHLDCCEWB	BPONOCMINGK	SFS.World.GameManager	ClearWorld	0.50	order-sig	-
method	SFS.World.BSMSMHDJHLDCCEWB	LNJPFNHJNNF	SFS.World.GameManager	LoadSaveForLaunch	0.95	ilhash	-
method	SFS.World.BSMSMHDJHLDCCEWB	BMEHDJLFIKB	SFS.World.GameManager	<OpenClearDebrisMenu>g__ClearDebris|18_2	0.95	ilhash	-
method	SFS.World.BSMSMHDJHLDCCEWB	MKKHOCKCLID	SFS.World.GameManager	<Start>g__UpdateCanVelocityOffset|9_0	0.95	ilhash	S
method	SFS.World.BSMSMHDJHLDCCEWB	NNMOMBDNDKJ	SFS.World.GameManager	OpenClearDebrisMenu	0.95	ilhash	-
method	SFS.World.BSMSMHDJHLDCCEWB	JGKABDKPLDK	SFS.World.GameManager	<Start>b__9_1	0.95	ilhash	-
method	SFS.World.BSMSMHDJHLDCCEWB	PHPBIKLIPGJ	SFS.World.GameManager	UpdatePersistent	0.95	ilhash	-
method	SFS.World.BSMSMHDJHLDCCEWB	PFPCGINMKFM	SFS.World.GameManager	<OpenMenu>b__13_3	0.95	ilhash	-
method	SFS.World.BSMSMHDJHLDCCEWB	IHCGHPDIBHJ	SFS.World.GameManager	<Start>b__9_4	0.95	ilhash	-
method	SFS.World.BSMSMHDJHLDCCEWB	PKGGMPFNDAJ	SFS.World.GameManager	LoadPersistentAndLaunch	0.95	ilhash	-
method	SFS.World.BSMSMHDJHLDCCEWB	GJNLOPKNPPP	SFS.World.GameManager	<Start>b__9_3	0.95	ilhash	-
method	SFS.World.BSMSMHDJHLDCCEWB	LJOGNAKPOPM	SFS.World.GameManager	<Start>b__9_2	0.95	ilhash	-
method	SFS.World.BSMSMHDJHLDCCEWB	FAGDPAJJJPG	SFS.World.GameManager	CreateWorldSave	0.95	ilhash	-
field	SFS.World.BSMSMHDJHLDCCEWB	JMBGHFEGIKP	SFS.World.GameManager	timeSinceLastSave	0.80	shape	I
method	SFS.World.BSMSMHDJHLDCCEWB/<>c	LHHBLBDKOIH	SFS.World.GameManager/<>c	<OpenClearDebrisMenu>b__18_1	0.95	ilhash	-
method	SFS.World.BSMSMHDJHLDCCEWB/<>c	HCFDDFHDJNP	SFS.World.GameManager/<>c	<OpenClearDebrisMenu>b__18_0	0.95	ilhash	-
method	SFS.World.BSMSMHDJHLDCCEWB/<>c	EHPHCBHHIEF	SFS.World.GameManager/<>c	<RevertToBuild>b__17_1	0.95	ilhash	-
method	SFS.World.BSMSMHDJHLDCCEWB/<>c	OEBMPOMMKED	SFS.World.GameManager/<>c	<RevertToBuild>b__17_0	0.95	ilhash	-
method	SFS.World.BSMSMHDJHLDCCEWB/<>c	ANLOOEJAJOD	SFS.World.GameManager/<>c	<RevertToLaunch>b__16_1	0.95	ilhash	-
method	SFS.World.BSMSMHDJHLDCCEWB/<>c	KIKNBEOJPEO	SFS.World.GameManager/<>c	<RevertToLaunch>b__16_0	0.95	ilhash	-
method	SFS.World.BSMSMHDJHLDCCEWB/<>c	NKDGNPIICIP	SFS.World.GameManager/<>c	<OpenMenu>b__13_15	0.95	ilhash	-
method	SFS.World.BSMSMHDJHLDCCEWB/<>c	LJFMPNBHLAJ	SFS.World.GameManager/<>c	<OpenMenu>b__13_14	0.95	ilhash	-
method	SFS.World.BSMSMHDJHLDCCEWB/<>c	IBAPDEJPBDI	SFS.World.GameManager/<>c	<OpenMenu>b__13_9	0.95	ilhash	-
method	SFS.World.BSMSMHDJHLDCCEWB/<>c	BDBBABNHKPG	SFS.World.GameManager/<>c	<OpenMenu>b__13_13	0.95	ilhash	-
method	SFS.World.BSMSMHDJHLDCCEWB/<>c	BMNHADNGJGN	SFS.World.GameManager/<>c	<OpenMenu>b__13_12	0.95	ilhash	-
method	SFS.World.BSMSMHDJHLDCCEWB/<>c	JJEMBJDHGNN	SFS.World.GameManager/<>c	<OpenMenu>b__13_11	0.95	ilhash	-
method	SFS.World.BSMSMHDJHLDCCEWB/<>c	LODEPDOAMOC	SFS.World.GameManager/<>c	<OpenMenu>b__13_10	0.95	ilhash	-
method	SFS.World.BSMSMHDJHLDCCEWB/<>c	AACGIGOMPNE	SFS.World.GameManager/<>c	<OpenMenu>b__13_8	0.95	ilhash	-
method	SFS.World.BSMSMHDJHLDCCEWB/<>c	PJGCPBFPHAJ	SFS.World.GameManager/<>c	<OpenMenu>b__13_7	0.95	ilhash	-
method	SFS.World.BSMSMHDJHLDCCEWB/<>c	EDPFLGDNDMH	SFS.World.GameManager/<>c	<OpenMenu>b__13_6	0.95	ilhash	-
method	SFS.World.BSMSMHDJHLDCCEWB/<>c	CGEIGKABKCM	SFS.World.GameManager/<>c	<OpenMenu>b__13_4	0.95	ilhash	-
method	SFS.World.BSMSMHDJHLDCCEWB/<>c	DIDMCNIHKJM	SFS.World.GameManager/<>c	<OpenMenu>b__13_2	0.95	ilhash	-
method	SFS.World.BSMSMHDJHLDCCEWB/<>c	IMOMPEEHEFH	SFS.World.GameManager/<>c	<OpenMenu>b__13_1	0.95	ilhash	-
method	SFS.World.BSMSMHDJHLDCCEWB/<>c	ADMDHNOKFGJ	SFS.World.GameManager/<>c	<OpenMenu>b__13_0	0.95	ilhash	-
field	SFS.World.BSMSMHDJHLDCCEWB/<>c	<>9__14_0	SFS.World.GameManager/<>c	<>9__13_0	0.30	order	S
field	SFS.World.BSMSMHDJHLDCCEWB/<>c	<>9__14_1	SFS.World.GameManager/<>c	<>9__13_1	0.30	order	S
field	SFS.World.BSMSMHDJHLDCCEWB/<>c	<>9__14_2	SFS.World.GameManager/<>c	<>9__13_2	0.30	order	S
field	SFS.World.BSMSMHDJHLDCCEWB/<>c	<>9__14_4	SFS.World.GameManager/<>c	<>9__13_4	0.30	order	S
field	SFS.World.BSMSMHDJHLDCCEWB/<>c	<>9__14_6	SFS.World.GameManager/<>c	<>9__13_6	0.30	order	S
field	SFS.World.BSMSMHDJHLDCCEWB/<>c	<>9__14_7	SFS.World.GameManager/<>c	<>9__13_7	0.30	order	S
field	SFS.World.BSMSMHDJHLDCCEWB/<>c	<>9__14_8	SFS.World.GameManager/<>c	<>9__13_8	0.30	order	S
field	SFS.World.BSMSMHDJHLDCCEWB/<>c	<>9__14_9	SFS.World.GameManager/<>c	<>9__13_9	0.30	order	S
field	SFS.World.BSMSMHDJHLDCCEWB/<>c	<>9__14_10	SFS.World.GameManager/<>c	<>9__13_10	0.30	order	S
field	SFS.World.BSMSMHDJHLDCCEWB/<>c	<>9__14_11	SFS.World.GameManager/<>c	<>9__13_11	0.30	order	S
field	SFS.World.BSMSMHDJHLDCCEWB/<>c	<>9__14_12	SFS.World.GameManager/<>c	<>9__13_12	0.30	order	S
field	SFS.World.BSMSMHDJHLDCCEWB/<>c	<>9__14_13	SFS.World.GameManager/<>c	<>9__13_13	0.30	order	S
field	SFS.World.BSMSMHDJHLDCCEWB/<>c	<>9__14_14	SFS.World.GameManager/<>c	<>9__13_14	0.30	order	S
field	SFS.World.BSMSMHDJHLDCCEWB/<>c	<>9__14_15	SFS.World.GameManager/<>c	<>9__13_15	0.30	order	S
field	SFS.World.BSMSMHDJHLDCCEWB/<>c	<>9__19_0	SFS.World.GameManager/<>c	<>9__16_0	0.30	order	S
field	SFS.World.BSMSMHDJHLDCCEWB/<>c	<>9__19_1	SFS.World.GameManager/<>c	<>9__16_1	0.30	order	S
method	SFS.World.BSMSMHDJHLDCCEWB/ECGECJCPKIN	GPGABFNOAIP	SFS.World.GameManager/<>c__DisplayClass16_0	<RevertToLaunch>g__Confirm|2	0.95	ilhash	-
method	SFS.World.BSMSMHDJHLDCCEWB/LBMHBBHGNLL	LJEKNHFBMNK	SFS.World.GameManager/<>c__DisplayClass17_0	<RevertToBuild>g__Confirm|2	0.95	ilhash	-
method	SFS.World.BSMSMHDJHLDCCEWB/NGDDELCJMKM	DECBIILEEFF	SFS.World.GameManager/<>c__DisplayClass26_0	<LoadPersistentAndLaunch>b__0	0.95	ilhash	-
method	SFS.Career.BTSEIEDBQEVGWICC	COLAEGEDECM	SFS.Career.TT_Parts	UpdateUI	0.95	ilhash	-
method	SFS.Career.BTSEIEDBQEVGWICC	PMPJOAKMMDA	SFS.Career.TT_Parts	<Buy>b__8_0	0.95	ilhash	-
method	SFS.Career.BTSEIEDBQEVGWICC	DIPGFCIOGKI	SFS.Career.TT_Parts	Buy	0.95	ilhash	-
method	SFS.Career.BTSEIEDBQEVGWICC	JAOMMBFJJNI	SFS.Career.TT_Parts	OnParentsComplete	0.95	ilhash	V
method	SFS.Career.BTSEIEDBQEVGWICC	AKENKFLBOMH	SFS.Career.TT_Parts	get_CostText	0.95	ilhash	-
field	SFS.Career.BTSEIEDBQEVGWICC	JBJDNIDOOPB	SFS.Career.TT_Parts	data	0.80	shape	I
field	SFS.Career.BTSEIEDBQEVGWICC	DFNPMDLIGJK	SFS.Career.TT_Parts	displayName	0.80	shape	I
field	SFS.Career.BTSEIEDBQEVGWICC	GFMIGGBFCAA	SFS.Career.TT_Parts	cost	0.80	shape	I
prop	SFS.Career.BTSEIEDBQEVGWICC	BCCCLOPCOAC	SFS.Career.TT_Parts	Data	0.90	accessor	P
method	SFS.Career.BTSEIEDBQEVGWICC/<>c	IEMEAILKIHM	SFS.Career.TT_Parts/<>c	<Initialize>b__7_2	0.95	ilhash	-
method	SFS.Career.BTSEIEDBQEVGWICC/<>c	HJFNKNIELKH	SFS.Career.TT_Parts/<>c	<Initialize>b__7_0	0.95	ilhash	-
method	SFS.Career.BTSEIEDBQEVGWICC/HGDKPBDLMCC	ICAAKPNEFBA	SFS.Career.TT_Parts/<>c__DisplayClass7_0	<Initialize>b__1	0.95	ilhash	-
method	SFS.Career.BTSEIEDBQEVGWICC/IJOKPCADHNI	EEMMJIGJLCK	SFS.Career.TT_Parts/<>c__DisplayClass7_1	<Initialize>b__3	0.95	ilhash	-
method	SFS.WorldBase.BVJLBZMSXVRVRKLZ	BIBBLJJAPEK	SFS.WorldBase.Planet	GetOrbitalDepth	0.95	ilhash	-
method	SFS.WorldBase.BVJLBZMSXVRVRKLZ	LLGADOMBOON	SFS.WorldBase.Planet	GetHeightInAtmosphere	0.95	ilhash	-
method	SFS.WorldBase.BVJLBZMSXVRVRKLZ	LBPBIPIINEO	SFS.WorldBase.Planet	GetSatellites	0.95	ilhash	-
method	SFS.WorldBase.BVJLBZMSXVRVRKLZ	BFEANFMPBII	SFS.WorldBase.Planet	GetRepeat	0.95	ilhash	-
method	SFS.WorldBase.BVJLBZMSXVRVRKLZ	CMGOILNGPNE	SFS.WorldBase.Planet	CreateFrontCloudsMaterial	0.95	ilhash	-
method	SFS.WorldBase.BVJLBZMSXVRVRKLZ	GFNKNNJHFOF	SFS.WorldBase.Planet	OnStart	0.95	ilhash	-
method	SFS.WorldBase.BVJLBZMSXVRVRKLZ	LOAOPCGKGAP	SFS.WorldBase.Planet	<GetSatellites>b__90_0	0.95	ilhash	-
method	SFS.WorldBase.BVJLBZMSXVRVRKLZ	HKNEODMHPDO	SFS.WorldBase.Planet	CreateWaterMaterial	0.95	ilhash	-
method	SFS.WorldBase.BVJLBZMSXVRVRKLZ	DLHJCPBMHID	SFS.WorldBase.Planet	CreateRingsMaterial	0.95	ilhash	-
method	SFS.WorldBase.BVJLBZMSXVRVRKLZ	IFMPHGDBDDF	SFS.WorldBase.Planet	<SetupData>b__80_0	0.95	ilhash	-
method	SFS.WorldBase.BVJLBZMSXVRVRKLZ	OOFPPPAMIBP	SFS.WorldBase.Planet	set_DisplayName	0.95	ilhash	-
method	SFS.WorldBase.BVJLBZMSXVRVRKLZ	ABHOKINOBLF	SFS.WorldBase.Planet	UpdateName	0.95	ilhash	-
method	SFS.WorldBase.BVJLBZMSXVRVRKLZ	JLCNLHIAHDN	SFS.WorldBase.Planet	CreateTerrainMaterial	0.95	ilhash	-
method	SFS.WorldBase.BVJLBZMSXVRVRKLZ	IFJNJCEKHGP	SFS.WorldBase.Planet	CreateAtmosphereMaterial	0.95	ilhash	-
field	SFS.WorldBase.BVJLBZMSXVRVRKLZ	<ONHJJLAJBFM>k__BackingField	SFS.WorldBase.Planet	<DisplayName>k__BackingField	0.80	shape	I
prop	SFS.WorldBase.BVJLBZMSXVRVRKLZ	NNLGFBPPJIK	SFS.WorldBase.Planet	Radius	0.90	accessor	P
prop	SFS.WorldBase.BVJLBZMSXVRVRKLZ	NNHEKMOGCMI	SFS.WorldBase.Planet	SurfaceArea	0.90	accessor	P
prop	SFS.WorldBase.BVJLBZMSXVRVRKLZ	HLJLOAFKEKI	SFS.WorldBase.Planet	AtmosphereHeightPhysics	0.90	accessor	P
prop	SFS.WorldBase.BVJLBZMSXVRVRKLZ	JODHLGALJHJ	SFS.WorldBase.Planet	TimewarpRadius_Ascend	0.90	accessor	P
prop	SFS.WorldBase.BVJLBZMSXVRVRKLZ	MFNGMMILFEL	SFS.WorldBase.Planet	TimewarpRadius_Descend	0.90	accessor	P
prop	SFS.WorldBase.BVJLBZMSXVRVRKLZ	NIPKKMJFNLA	SFS.WorldBase.Planet	OrbitRadius	0.90	accessor	P
prop	SFS.WorldBase.BVJLBZMSXVRVRKLZ	IPBFBEHNDEL	SFS.WorldBase.Planet	HasParent	0.90	accessor	P
prop	SFS.WorldBase.BVJLBZMSXVRVRKLZ	AFDGJCNHGDB	SFS.WorldBase.Planet	HasAtmospherePhysics	0.90	accessor	P
prop	SFS.WorldBase.BVJLBZMSXVRVRKLZ	GBOAAFFCGLL	SFS.WorldBase.Planet	HasAtmosphereVisuals	0.90	accessor	P
prop	SFS.WorldBase.BVJLBZMSXVRVRKLZ	HIDGOBPMHAB	SFS.WorldBase.Planet	HasFrontClouds	0.90	accessor	P
prop	SFS.WorldBase.BVJLBZMSXVRVRKLZ	EOFGFABGOPF	SFS.WorldBase.Planet	HasRings	0.90	accessor	P
prop	SFS.WorldBase.BVJLBZMSXVRVRKLZ	KFMCNFDGKAP	SFS.WorldBase.Planet	DontDistortTextureCutout	0.90	accessor	P
prop	SFS.WorldBase.BVJLBZMSXVRVRKLZ	MJPNNJECJDO	SFS.WorldBase.Planet	VacuumStartHeight	0.90	accessor	P
prop	SFS.WorldBase.BVJLBZMSXVRVRKLZ	GJANKFEPGAF	SFS.WorldBase.Planet	RewardMultiplier	0.90	accessor	P
prop	SFS.WorldBase.BVJLBZMSXVRVRKLZ	MGOJFODNKIF	SFS.WorldBase.Planet	DisplayName	0.90	accessor	P
method	SFS.WorldBase.BVJLBZMSXVRVRKLZ/<>c	CMFEOAKNGAJ	SFS.WorldBase.Planet/<>c	<GetSatellites>b__90_1	0.95	ilhash	-
method	SFS.Builds.BWGDMFIOERXMIRLU	KMHKMJLNNBM	SFS.Builds.BuildMenus	<Start>b__17_6	0.95	ilhash	-
method	SFS.Builds.BWGDMFIOERXMIRLU	DONAPDGPMJE	SFS.Builds.BuildMenus	<Start>g__SelectAll|17_5	0.95	ilhash	S
method	SFS.Builds.BWGDMFIOERXMIRLU	APEMCNDNHCB	SFS.Builds.BuildMenus	ApplyOrientationChange	0.95	ilhash	S
method	SFS.Builds.BWGDMFIOERXMIRLU	JFGCELBPGLB	SFS.Builds.BuildMenus	<Start>g__Delete|17_4	0.95	ilhash	S
method	SFS.Builds.BWGDMFIOERXMIRLU	JCEMOAEAOKD	SFS.Builds.BuildMenus	<OpenAttachedPartsMenu>b__22_0	0.95	ilhash	-
method	SFS.Builds.BWGDMFIOERXMIRLU	BPCKFHEMOGD	SFS.Builds.BuildMenus	Copy	0.95	ilhash	-
method	SFS.Builds.BWGDMFIOERXMIRLU	BFCOLNLNAOC	SFS.Builds.BuildMenus	<Start>b__17_3	0.95	ilhash	-
method	SFS.Builds.BWGDMFIOERXMIRLU	OLCCHMFPPID	SFS.Builds.BuildMenus	Paste	0.95	ilhash	-
method	SFS.Builds.BWGDMFIOERXMIRLU	LELPJCKKKFI	SFS.Builds.BuildMenus	UpdateLeftUI	0.95	ilhash	-
method	SFS.Builds.BWGDMFIOERXMIRLU	ANGBCCFBGPD	SFS.Builds.BuildMenus	TryDoubleClick	0.95	ilhash	-
method	SFS.Builds.BWGDMFIOERXMIRLU	GDJCBKGPDJB	SFS.Builds.BuildMenus	<Start>b__17_7	0.95	ilhash	-
method	SFS.Builds.BWGDMFIOERXMIRLU	HOEKHOEOEKG	SFS.Builds.BuildMenus	<Start>b__17_2	0.95	ilhash	-
method	SFS.Builds.BWGDMFIOERXMIRLU	BCEFJPCMGFB	SFS.Builds.BuildMenus	<TryDoubleClick>b__34_0	0.95	ilhash	-
method	SFS.Builds.BWGDMFIOERXMIRLU	MFMFEHEIGEA	SFS.Builds.BuildMenus	<Start>b__17_8	0.95	ilhash	-
field	SFS.Builds.BWGDMFIOERXMIRLU	GDEJCBNBKIC	SFS.Builds.BuildMenus	lastClickTime	0.30	order	I
field	SFS.Builds.BWGDMFIOERXMIRLU	AHLINAGHJHL	SFS.Builds.BuildMenus	lastClickedPart	0.80	shape	I
field	SFS.Builds.BWGDMFIOERXMIRLU	EDBLHDLPKAG	SFS.Builds.BuildMenus	clipboard	0.80	shape	I
field	SFS.Builds.BWGDMFIOERXMIRLU	EFBIBNICOFC	SFS.Builds.BuildMenus	offset	0.30	order	I
prop	SFS.Builds.BWGDMFIOERXMIRLU	NPEGOGIOJDD	SFS.Builds.BuildMenus	IsEditingStage	0.90	accessor	P
method	SFS.Builds.BWGDMFIOERXMIRLU/<>c	CNEPNGHBPMA	SFS.Builds.BuildMenus/<>c	<Start>b__17_0	0.95	ilhash	-
method	SFS.Builds.BWGDMFIOERXMIRLU/<>c	LLJIPIAEEKJ	SFS.Builds.BuildMenus/<>c	<Start>b__17_1	0.95	ilhash	-
method	SFS.Builds.BWGDMFIOERXMIRLU/<>c	GILPELMCIAH	SFS.Builds.BuildMenus/<>c	<OnAreaSelect>b__29_0	0.95	ilhash	-
method	SFS.Parts.Modules.BaseMesh	EMHPKPDPHAF	SFS.Parts.Modules.BaseMesh	ApplyMeshData	0.95	ilhash	-
method	SFS.Parts.Modules.BaseMesh	GGJAPIKOLAN	SFS.Parts.Modules.BaseMesh	<ApplyMeshData>g__SetMaterials|11_3	0.95	ilhash	-
method	SFS.Parts.Modules.BaseMesh	DAHJINEDOFL	SFS.Parts.Modules.BaseMesh	<ApplyMeshData>g__SetPropertyBlock|11_4	0.95	ilhash	-
method	SFS.Parts.Modules.BaseMesh	IEDGKGPMBIF	SFS.Parts.Modules.BaseMesh	<ApplyMeshData>g__Set_TrySubmeshes|11_0	0.95	ilhash	-
method	SFS.Parts.Modules.BaseMesh	NMDMPNLDEMG	SFS.Parts.Modules.BaseMesh	<ApplyMeshData>g__Set_Multiple|11_1	0.95	ilhash	-
method	SFS.Parts.Modules.BaseMesh	OCPAMHOBEJL	SFS.Parts.Modules.BaseMesh	GetFilter	0.95	ilhash	-
method	SFS.Parts.Modules.BaseMesh	IFICKKDMJML	SFS.Parts.Modules.BaseMesh	GetRenderer	0.95	ilhash	-
method	SFS.Parts.Modules.BaseMesh	JNFAMBLHIFM	SFS.Parts.Modules.BaseMesh	GetMesh	0.95	ilhash	-
method	SFS.Parts.Modules.BaseMesh	AGBJBEPOHPO	SFS.Parts.Modules.BaseMesh	<ApplyMeshData>g__Set_Basic|11_2	0.95	ilhash	-
field	SFS.Parts.Modules.BaseMesh	JGJMLKEKHKL	SFS.Parts.Modules.BaseMesh	baseDepthID	0.30	order	S
field	SFS.Parts.Modules.BaseMesh	CDDLNHKMMGM	SFS.Parts.Modules.BaseMesh	depthMultiplierID	0.30	order	S
field	SFS.Parts.Modules.BaseMesh	BNCDMPJMEDN	SFS.Parts.Modules.BaseMesh	meshRendererCache	0.80	shape	I
field	SFS.Parts.Modules.BaseMesh	LEPPMNNEEEG	SFS.Parts.Modules.BaseMesh	meshFilterCache	0.80	shape	I
field	SFS.Parts.Modules.BaseMesh	OAMCJMFMBLD	SFS.Parts.Modules.BaseMesh	appliedMaterials	0.80	shape	I
field	SFS.Parts.Modules.BaseMesh	DDBPFEKAALC	SFS.Parts.Modules.BaseMesh	appliedMaterial	0.80	shape	I
field	SFS.Parts.Modules.BaseMesh	EMJJAALOGCH	SFS.Parts.Modules.BaseMesh	propertyBlock	0.80	shape	I
field	SFS.Parts.Modules.BaseMesh	MNNHBCHMPIC	SFS.Parts.Modules.BaseMesh	sortingLayer	0.80	shape	I
field	SFS.Parts.Modules.BaseMesh	LFOCACHLJLJ	SFS.Parts.Modules.BaseMesh	meshReference	0.80	shape	I
method	SFS.Parts.BasicTexture/Layer	LIEILBLHNLF	SFS.Parts.BasicTexture/Layer	Get_Rect	0.95	ilhash	P
method	SFS.Builds.Blueprint	OIBOKHFNLHI	SFS.Builds.Blueprint	TryLoad	0.95	ilhash	SP
method	SFS.Builds.Blueprint	EJBFBCKHJNL	SFS.Builds.Blueprint	Save	0.95	ilhash	SP
method	SFS.Variables.Bool_Local	MFNOGGJCACK	SFS.Variables.Bool_Local	IsEqual	0.95	ilhash	V
method	SFS.Variables.Bool_Reference	LJHJHCJGNCI	SFS.Variables.Bool_Reference	GetVariableList	0.95	ilhash	VP
method	SFS.Variables.Bool_Reference	HIBMENCNCON	SFS.Variables.Bool_Reference	GetVariable	0.95	ilhash	VP
method	SFS.Variables.Bool_Reference	MFNOGGJCACK	SFS.Variables.Bool_Reference	IsEqual	0.95	ilhash	V
method	SFS.Parts.Modules.BoosterModule	OCLHNEIINBM	SFS.Parts.Modules.BoosterModule	SFS.World.ResourceDrawer.I_Resource.get_WetMass	0.95	ilhash	VN
method	SFS.Parts.Modules.BoosterModule	LPKIMINGEHM	SFS.Parts.Modules.BoosterModule	SFS.World.ResourceDrawer.I_Resource.get_ResourcePercent	0.95	ilhash	VN
method	SFS.Parts.Modules.BoosterModule	JFNPLMEAMIB	SFS.Parts.Modules.BoosterModule	PositionFlameHitbox	0.95	ilhash	-
method	SFS.Parts.Modules.BoosterModule	FAEBNJBILCM	SFS.Parts.Modules.BoosterModule	SFS.World.ResourceDrawer.I_Resource.get_ResourceType	0.95	ilhash	VN
method	SFS.Parts.Modules.BoosterModule	MMOLIPGMCNH	SFS.Parts.Modules.BoosterModule	RecalculateMass	0.95	ilhash	-
method	SFS.Parts.Modules.BoosterModule	ALFAADJFDLE	SFS.Parts.Modules.BoosterModule	I_InitializePartModule.Initialize	0.50	order-sig	-
method	SFS.Parts.Modules.BoosterModule	JGFHPCJOOAD	SFS.Parts.Modules.BoosterModule	CanUseBooster	0.95	ilhash	-
method	SFS.Parts.Modules.BoosterModule	BOGBFJLCIGC	SFS.Parts.Modules.BoosterModule	<I_InitializePartModule.Initialize>b__50_0	0.50	order-sig	VN
method	SFS.Parts.Modules.BoosterModule	DDLFCAEHIFJ	SFS.Parts.Modules.BoosterModule	get_FuelMass	0.95	ilhash	-
method	SFS.Parts.Modules.BoosterModule	BIAMNBHNNKG	SFS.Parts.Modules.BoosterModule	Ignite	0.95	ilhash	-
method	SFS.Parts.Modules.BoosterModule	JGGBKBHLDDK	SFS.Parts.Modules.BoosterModule	TryIgnite	0.95	ilhash	-
method	SFS.Parts.Modules.BoosterModule	NELPCJLMEEE	SFS.Parts.Modules.BoosterModule	get_BurnTimeLeft	0.95	ilhash	-
method	SFS.Parts.Modules.BoosterModule	COJODFGGNIF	SFS.Parts.Modules.BoosterModule	I_InitializePartModule.get_Priority	0.95	ilhash	VN
method	SFS.Parts.Modules.BoosterModule	FGPDJOAGELO	SFS.Parts.Modules.BoosterModule	get_TotalFuelCapacity	0.95	ilhash	-
field	SFS.Parts.Modules.BoosterModule	PCKPDJPCCKM	SFS.Parts.Modules.BoosterModule	originalPosition	0.80	shape	I
prop	SFS.Parts.Modules.BoosterModule	KCHMKBGGDBG	SFS.Parts.Modules.BoosterModule	Throttle	0.90	accessor	P
prop	SFS.Parts.Modules.BoosterModule	HBKBGLHDLNI	SFS.Parts.Modules.BoosterModule	ThrustAmount	0.90	accessor	P
prop	SFS.Parts.Modules.BoosterModule	GAOLALMOOAA	SFS.Parts.Modules.BoosterModule	ThrustNormal	0.90	accessor	P
prop	SFS.Parts.Modules.BoosterModule	PDBFEJIJAGG	SFS.Parts.Modules.BoosterModule	ThrustPosition	0.90	accessor	P
prop	SFS.Parts.Modules.BoosterModule	BLFNHDBNFFD	SFS.Parts.Modules.BoosterModule	HeatOn	0.90	accessor	P
prop	SFS.Parts.Modules.BoosterModule	KFPLAEIPPJN	SFS.Parts.Modules.BoosterModule	HeatHolder	0.90	accessor	P
prop	SFS.Parts.Modules.BoosterModule	HAMBEPIJLKD	SFS.Parts.Modules.BoosterModule	HeatHitbox	0.90	accessor	P
prop	SFS.Parts.Modules.BoosterModule	LHFKJJJELGJ	SFS.Parts.Modules.BoosterModule	ThrottleOut	0.90	accessor	P
prop	SFS.Parts.Modules.BoosterModule	MFBCAIIJKJB	SFS.Parts.Modules.BoosterModule	On	0.90	accessor	P
method	SFS.Parts.Modules.BoosterModule/BMMGBDDNCFL	JGDMCKLKMOP	SFS.Parts.Modules.BoosterModule/<>c__DisplayClass47_0	<Draw>g__SetResource|8	0.95	ilhash	-
method	SFS.Parts.Modules.BoosterModule/BMMGBDDNCFL	JHGDKNJANFP	SFS.Parts.Modules.BoosterModule/<>c__DisplayClass47_0	<Draw>g__Get|5	0.95	ilhash	-
method	SFS.Parts.Modules.BoosterModule/BMMGBDDNCFL	AOHICENKOIA	SFS.Parts.Modules.BoosterModule/<>c__DisplayClass47_0	<Draw>g__MaxSize|4	0.95	ilhash	-
method	SFS.Parts.Modules.BoosterModule/BMMGBDDNCFL	LHENCJLMGBC	SFS.Parts.Modules.BoosterModule/<>c__DisplayClass47_0	<Draw>b__2	0.95	ilhash	-
method	SFS.Parts.Modules.BoosterModule/BMMGBDDNCFL	IHEGPJFJOOO	SFS.Parts.Modules.BoosterModule/<>c__DisplayClass47_0	<Draw>g__Unregister|7	0.95	ilhash	-
method	SFS.Parts.Modules.BoosterModule/BMMGBDDNCFL	CONHLOOBPNC	SFS.Parts.Modules.BoosterModule/<>c__DisplayClass47_0	<Draw>g__GetLabelAndValue|3	0.95	ilhash	-
method	SFS.Parts.Modules.BoosterModule/BMMGBDDNCFL	HAHJGAOBCEI	SFS.Parts.Modules.BoosterModule/<>c__DisplayClass47_0	<Draw>b__0	0.95	ilhash	-
method	SFS.Parts.Modules.BoosterModule/BMMGBDDNCFL	KLAIGENFAKJ	SFS.Parts.Modules.BoosterModule/<>c__DisplayClass47_0	<Draw>g__Register|6	0.95	ilhash	-
method	SFS.Parts.Modules.BoosterModule/BMMGBDDNCFL	IPNNDOJLKJN	SFS.Parts.Modules.BoosterModule/<>c__DisplayClass47_0	<Draw>b__1	0.95	ilhash	-
method	SFS.Parts.Modules.BoosterModule/OGHGFKOFLBP	JCFLEFKFHGO	SFS.Parts.Modules.BoosterModule/<>c__DisplayClass47_1	<Draw>b__9	0.95	ilhash	-
method	SFS.Parts.Modules.BoxPolygon	BOGBFJLCIGC	SFS.Parts.Modules.BoxPolygon	I_InitializePartModule.Initialize	0.95	ilhash	VN
method	SFS.Parts.Modules.BoxPolygon	COJODFGGNIF	SFS.Parts.Modules.BoxPolygon	I_InitializePartModule.get_Priority	0.95	ilhash	VN
method	SFS.Stats.Branch	DCIIOOGBHBB	SFS.Stats.Branch	AddEvent_Log	0.95	ilhash	P
method	SFS.Parts.Modules.BurnMark	PCKPBHBDLEJ	SFS.Parts.Modules.BurnMark	<ApplyTexture>b__16_0	0.95	ilhash	-
method	SFS.Parts.Modules.BurnMark	APIGIDGNPBL	SFS.Parts.Modules.BurnMark	CreateTexture	0.95	ilhash	-
method	SFS.Parts.Modules.BurnMark	ODDHMPIBDIF	SFS.Parts.Modules.BurnMark	ApplyIntensity	0.95	ilhash	-
method	SFS.Parts.Modules.BurnMark	LIDHIHGMBKH	SFS.Parts.Modules.BurnMark	GetRotatedVertices	0.95	ilhash	-
method	SFS.Parts.Modules.BurnMark	KFIKFBLEAEM	SFS.Parts.Modules.BurnMark	ApplyUV	0.95	ilhash	-
method	SFS.Parts.Modules.BurnMark	MKNCFMLGGMI	SFS.Parts.Modules.BurnMark	GetBounds	0.95	ilhash	S
method	SFS.Parts.Modules.BurnMark	KFDOHJODLPM	SFS.Parts.Modules.BurnMark	ApplyTexture	0.95	ilhash	-
method	SFS.Parts.Modules.BurnMark	ECCJKHDAJCJ	SFS.Parts.Modules.BurnMark	SetPropertyBlock	0.95	ilhash	-
method	SFS.Parts.Modules.BurnMark	BOGCBIDAJHJ	SFS.Parts.Modules.BurnMark	DrawSurfaces	0.95	ilhash	-
method	SFS.Parts.Modules.BurnMark	FAKAGFHJFCH	SFS.Parts.Modules.BurnMark	GetCutBounds	0.95	ilhash	-
method	SFS.Parts.Modules.BurnMark	AENIBHBGJFD	SFS.Parts.Modules.BurnMark	<CreateTexture>g__GetHeightAtX|15_0	0.95	ilhash	S
method	SFS.Parts.Modules.BurnMark	EIKNDNANMLD	SFS.Parts.Modules.BurnMark	CutSurfaces	0.95	ilhash	-
field	SFS.Parts.Modules.BurnMark	KIAHHKGLDFJ	SFS.Parts.Modules.BurnMark	margin	0.30	order	S
field	SFS.Parts.Modules.BurnMark	EPOJFECDJNF	SFS.Parts.Modules.BurnMark	textureWidth	0.30	order	S
field	SFS.Parts.Modules.BurnMark	ACPCPONIALI	SFS.Parts.Modules.BurnMark	Opacity	0.30	order	S
field	SFS.Parts.Modules.BurnMark	HPPNBHBCMMC	SFS.Parts.Modules.BurnMark	OffsetTexture	0.30	order	S
field	SFS.Parts.Modules.BurnMark	OMGKFGKGDGC	SFS.Parts.Modules.BurnMark	meshReferences	0.80	shape	I
field	SFS.Parts.Modules.BurnMark	ACDJDDGMDHF	SFS.Parts.Modules.BurnMark	offsetTexture	0.80	shape	I
field	SFS.Parts.Modules.BurnMark	HMAMJIIKPCB	SFS.Parts.Modules.BurnMark	opacity	0.80	shape	I
method	SFS.Parts.Modules.BurnMark/<>c	LDJACEDPPFM	SFS.Parts.Modules.BurnMark/<>c	<Initialize>b__8_0	0.95	ilhash	-
method	SFS.Parts.Modules.BurnMark/Burn	HIMAAONPKNN	SFS.Parts.Modules.BurnMark/Burn	GetCopy	0.95	ilhash	P
method	SFS.Parts.Modules.BurnMark/BurnSave	PEFAHHJBCGL	SFS.Parts.Modules.BurnMark/BurnSave	FromSurfaceSave	0.95	ilhash	-
method	SFS.Parts.Modules.BurnMark/BurnSave	AJPPLJECMDO	SFS.Parts.Modules.BurnMark/BurnSave	ToSurfaceSave	0.95	ilhash	-
method	SFS.Parts.Modules.BurnMark/BurnSave	OAAFFMMDFLH	SFS.Parts.Modules.BurnMark/BurnSave	FromSave	0.95	ilhash	P
method	SFS.Parts.Modules.BurnMark/GOBFHONACBE	BOOKHDIGHPH	SFS.Parts.Modules.BurnMark/<>c__DisplayClass18_0	<ApplyIntensity>b__0	0.95	ilhash	-
field	SFS.Parts.Modules.BurnMark/HECMBCKOLBA	ILIJKLFMFLP	SFS.Parts.Modules.BurnMark/Bounds	xMin	0.30	order	I
field	SFS.Parts.Modules.BurnMark/HECMBCKOLBA	ABBCHINHMEG	SFS.Parts.Modules.BurnMark/Bounds	xMax	0.30	order	I
field	SFS.Parts.Modules.BurnMark/HECMBCKOLBA	LNBKFKLBKKN	SFS.Parts.Modules.BurnMark/Bounds	yMin	0.30	order	I
field	SFS.Parts.Modules.BurnMark/HECMBCKOLBA	IONCEGIFMCJ	SFS.Parts.Modules.BurnMark/Bounds	yMax	0.30	order	I
field	SFS.Parts.Modules.BurnMark/LJHCALNIJHF	AAGBHHOCAIG	SFS.Parts.Modules.BurnMark/MeshReference	renderer	0.80	shape	I
field	SFS.Parts.Modules.BurnMark/LJHCALNIJHF	DBDDKPJJBHG	SFS.Parts.Modules.BurnMark/MeshReference	filter	0.80	shape	I
method	CBHCIGBCDDL	PDPALMFFDFA	ModLoader.IUnloadableMod	Unload	0.75	virtual-order	VANP
method	CBJPABDCHOF	OEOIAEBNAMI	SFS.Logs.Step_Land	IsCompleted	0.75	virtual-order	VP
method	SFS.Stats.CCGWSJHZVANHUAHT	KKGAIPDDJLD	SFS.Stats.LogManager	<ClearBranches>g__CollectParentBranches|6_0	0.95	ilhash	-
method	SFS.Stats.CCGWSJHZVANHUAHT	IJPJLFHGOLB	SFS.Stats.LogManager	CreateBranch	0.95	ilhash	-
method	CCHBNHINIAG	MBCCBIDKFHO	SFS.Sharing.RequestUtil	PostRequest	0.95	ilhash	P
method	CCHBNHINIAG	CCCOCOMAIFM	SFS.Sharing.RequestUtil	AuthedGetRequest	0.95	ilhash	P
method	CCHBNHINIAG	JNPDGFBAMNF	SFS.Sharing.RequestUtil	Initialize	0.95	ilhash	P
method	CCHBNHINIAG	FICFCPFDDLE	SFS.Sharing.RequestUtil	AuthedPostRequest	0.95	ilhash	P
method	CCHBNHINIAG	CDDHMHGLBIP	SFS.Sharing.RequestUtil	SetAgentHeader	0.95	ilhash	-
method	CCHBNHINIAG	GOMLKFLAHJI	SFS.Sharing.RequestUtil	GetRequest	0.95	ilhash	P
method	CCHBNHINIAG	NJBMCDKCOHL	SFS.Sharing.RequestUtil	SendRequest	0.95	ilhash	P
method	CCHBNHINIAG	KONCALLGIMO	SFS.Sharing.RequestUtil	SetToken	0.95	ilhash	P
method	CCHBNHINIAG	CJONDIMPPBN	SFS.Sharing.RequestUtil	UploadJson	0.95	ilhash	S
method	CCHBNHINIAG	HCMANNCLOFF	SFS.Sharing.RequestUtil	FetchRemotes	0.95	ilhash	-
field	CCHBNHINIAG	MMEMICILKNA	SFS.Sharing.RequestUtil	_url	0.30	order	I
field	CCHBNHINIAG	IBGMKPJDBOK	SFS.Sharing.RequestUtil	_userAgent	0.30	order	I
field	CCHBNHINIAG	HBGHJJKDBAC	SFS.Sharing.RequestUtil	_token	0.30	order	I
field	CCHBNHINIAG	GFFJBHPFJBA	SFS.Sharing.RequestUtil	ready	0.80	shape	I
method	CCHBNHINIAG/FDMFNKPMDCC	MENABFLLJNL	SFS.Sharing.RequestUtil/<>c__DisplayClass5_0	<SendRequest>b__0	0.95	ilhash	-
method	CCMOBCNLKJE	FIDGGLEHFDL	SFS.Translations.TranslationEditorHelper	UpdateIdsForLanguage	0.95	ilhash	SP
method	CCMOBCNLKJE	MCLOCLLKDLE	SFS.Translations.TranslationEditorHelper	SaveToFile	0.95	ilhash	SP
method	SFS.UI.CEXQHFCAERNURDUI	GBOIKDBEHFM	SFS.UI.CycleSelector	OnClick	0.95	ilhash	-
field	SFS.UI.CEXQHFCAERNURDUI	MAJHKFONHDC	SFS.UI.CycleSelector	selectedIndex	0.80	shape	I
prop	SFS.UI.CEXQHFCAERNURDUI	OGHBNFEPJPA	SFS.UI.CycleSelector	SelectedIndex	0.90	accessor	P
method	SFS.World.Maps.CFUAVJQCIKDSJTVF	NHLNPHHKEEH	SFS.World.Maps.MapManager	DrawPlanetNames	0.95	ilhash	S
method	SFS.World.Maps.CFUAVJQCIKDSJTVF	OAODPJOGECI	SFS.World.Maps.MapManager	TrySelect	0.95	ilhash	S
method	SFS.World.Maps.CFUAVJQCIKDSJTVF	OIJOFJHELNM	SFS.World.Maps.MapManager	Unselect	0.95	ilhash	S
method	SFS.World.Maps.CFUAVJQCIKDSJTVF	MPDNFLMEOME	SFS.World.Maps.MapManager	DrawPlanetDots	0.95	ilhash	S
method	SFS.World.Maps.CFUAVJQCIKDSJTVF	GJDDMEIFKHD	SFS.World.Maps.MapManager	DrawReset	0.95	ilhash	S
method	SFS.World.Maps.CFUAVJQCIKDSJTVF	JAODGBAKCLL	SFS.World.Maps.MapManager	DrawLandmarks	0.95	ilhash	S
method	SFS.World.Maps.CFUAVJQCIKDSJTVF	GLCAIAAKIDO	SFS.World.Maps.MapManager	DrawPlanetName	0.95	ilhash	S
method	SFS.World.Maps.CFUAVJQCIKDSJTVF	PIGAHMPPEIO	SFS.World.Maps.MapManager	OnMapModeChange	0.95	ilhash	-
method	SFS.World.Maps.CFUAVJQCIKDSJTVF	IFBMCMADMOF	SFS.World.Maps.MapManager	DrawMap	0.95	ilhash	-
method	SFS.World.Maps.CFUAVJQCIKDSJTVF	ADPABOFILKI	SFS.World.Maps.MapManager	OnInputEnd	0.95	ilhash	-
method	SFS.World.Maps.CFUAVJQCIKDSJTVF	BJEFLHIKFPG	SFS.World.Maps.MapManager	RaycastMapElements	0.95	ilhash	S
method	SFS.World.Maps.CFUAVJQCIKDSJTVF	BDGIOEIPGIJ	SFS.World.Maps.MapManager	DrawTrajectories	0.95	ilhash	S
method	SFS.World.Maps.CFUAVJQCIKDSJTVF	OCMDHIOACLF	SFS.World.Maps.MapManager	<RaycastMapElements>g__GetDistanceSqrt|8_2	0.95	ilhash	S
method	SFS.World.Maps.CFUAVJQCIKDSJTVF/<>c	CFHFCEMPJLA	SFS.World.Maps.MapManager/<>c	<DrawTrajectories>b__13_3	0.95	ilhash	-
method	SFS.World.Maps.CFUAVJQCIKDSJTVF/<>c	GCBHNPELPCP	SFS.World.Maps.MapManager/<>c	<DrawTrajectories>b__13_1	0.95	ilhash	-
method	SFS.World.Maps.CFUAVJQCIKDSJTVF/<>c	FEGPAOJDMFO	SFS.World.Maps.MapManager/<>c	<DrawTrajectories>b__13_2	0.95	ilhash	-
method	SFS.World.Maps.CFUAVJQCIKDSJTVF/<>c	ANOINJBDADM	SFS.World.Maps.MapManager/<>c	<DrawTrajectories>b__13_0	0.95	ilhash	-
field	SFS.World.Maps.CFUAVJQCIKDSJTVF/<>c	<>9__14_0	SFS.World.Maps.MapManager/<>c	<>9__13_0	0.30	order	S
field	SFS.World.Maps.CFUAVJQCIKDSJTVF/<>c	<>9__14_1	SFS.World.Maps.MapManager/<>c	<>9__13_1	0.30	order	S
field	SFS.World.Maps.CFUAVJQCIKDSJTVF/<>c	<>9__14_2	SFS.World.Maps.MapManager/<>c	<>9__13_2	0.30	order	S
field	SFS.World.Maps.CFUAVJQCIKDSJTVF/<>c	<>9__14_3	SFS.World.Maps.MapManager/<>c	<>9__13_3	0.30	order	S
method	SFS.World.Maps.CFUAVJQCIKDSJTVF/ANFMLJMGPAB	JKDMPGLFCLL	SFS.World.Maps.MapManager/<>c__DisplayClass8_0	<RaycastMapElements>b__0	0.95	ilhash	-
method	SFS.World.Maps.CFUAVJQCIKDSJTVF/ANFMLJMGPAB	GHAAJLEKIPN	SFS.World.Maps.MapManager/<>c__DisplayClass8_0	<RaycastMapElements>b__1	0.95	ilhash	-
method	SFS.World.Maps.CFUAVJQCIKDSJTVF/HDNDBHOFDFC	EPMJCLDLIKG	SFS.World.Maps.MapManager/<>c__DisplayClass14_0	<DrawPlanetNames>b__1	0.95	ilhash	-
method	SFS.World.Maps.CFUAVJQCIKDSJTVF/HDNDBHOFDFC	FMJLCKODKPL	SFS.World.Maps.MapManager/<>c__DisplayClass14_0	<DrawPlanetNames>b__0	0.95	ilhash	-
method	SFS.World.Maps.CFUAVJQCIKDSJTVF/HOPEFNCNDJO	CEKMALHGOJB	SFS.World.Maps.MapManager/<>c__DisplayClass13_0	<DrawTrajectories>b__4	0.95	ilhash	-
method	SFS.World.Maps.CFUAVJQCIKDSJTVF/OBCGFDOCJCM	NJDADJIEMCL	SFS.World.Maps.MapManager/<>c__DisplayClass14_1	<DrawPlanetNames>b__2	0.95	ilhash	-
method	CGBMKPKGMFL	ENOKDMDMLLJ	DebugPacker	<SetupLogsExport_World>g__Write|1_2	0.95	ilhash	S
method	CGBMKPKGMFL	ELLFCGEEDDF	DebugPacker	SetupLogsExport	0.95	ilhash	SP
method	CGBMKPKGMFL	BFKEBBDLLEI	DebugPacker	<SetupLogsExport>g__Write|0_2	0.95	ilhash	S
method	CGBMKPKGMFL	KNPJDEPCNNE	DebugPacker	<SetupLogsExport>g__WriteFileEntry|0_1	0.95	ilhash	S
method	CGBMKPKGMFL	CBFKOJBCFPE	DebugPacker	SetupLogsExport_World	0.95	ilhash	SP
method	CGBMKPKGMFL/<>c	BPPNHMGFFPF	DebugPacker/<>c	<SetupLogsExport>b__0_0	0.95	ilhash	-
method	CGBMKPKGMFL/OFMBEEFOJNL	AHMIKNOPEPD	DebugPacker/<>c__DisplayClass1_0	<SetupLogsExport_World>g__WriteFileEntry|1	0.95	ilhash	-
method	CGBMKPKGMFL/OFMBEEFOJNL	BCGFDDKAGBJ	DebugPacker/<>c__DisplayClass1_0	<SetupLogsExport_World>b__0	0.95	ilhash	-
field	CGHMLNCHHEK	AEOOHGIEHGN	SFS.Parts.UsePartData	sharedData	0.30	order	I
field	CGHMLNCHHEK	FMNMDJHAHHL	SFS.Parts.UsePartData	successfullyUsedPart	0.80	shape	I
field	CGHMLNCHHEK	IJLMPEIAKJJ	SFS.Parts.UsePartData	clickPolygon	0.30	order	I
field	CGHMLNCHHEK/BGCJLLLHFHI	FIJPCAJKKGA	SFS.Parts.UsePartData/SharedData	fromStaging	0.30	order	I
field	CGHMLNCHHEK/BGCJLLLHFHI	GCFODMFBFDO	SFS.Parts.UsePartData/SharedData	onPostPartsActivation	0.80	shape	I
field	CGHMLNCHHEK/BGCJLLLHFHI	EIMKABINADL	SFS.Parts.UsePartData/SharedData	hasToggledRCS	0.30	order	I
field	SFS.UI.CGWQNUVMQUTTONUP	KLNHJEOFKBL	SFS.UI.RadioGroup	selected	0.80	shape	I
prop	SFS.UI.CGWQNUVMQUTTONUP	BHIJNPNACAP	SFS.UI.RadioGroup	Selected	0.90	accessor	P
prop	SFS.UI.CGWQNUVMQUTTONUP	OBEGGFGKALH	SFS.UI.RadioGroup	SelectedButton	0.90	accessor	P
method	CIMBDKLBFPO	HFKABINFLFC	SFS.Analytics.AnalyticsUtility	SendEvent	0.95	ilhash	SP
method	CIMBDKLBFPO	FEALHPFNFIE	SFS.Analytics.AnalyticsUtility	SetUserProperty	0.95	ilhash	SP
method	CIMBDKLBFPO	MHEAPGELONE	SFS.Analytics.AnalyticsUtility	SendEventToJordiServer	0.95	ilhash	SP
method	CIMBDKLBFPO/<>c	KFLMMBPCMOO	SFS.Analytics.AnalyticsUtility/<>c	<SendEventToJordiServer>b__3_0	0.95	ilhash	-
method	CIMBDKLBFPO/<>c	EOLNKMLDJAI	SFS.Analytics.AnalyticsUtility/<>c	<SendEventToJordiServer>b__3_1	0.95	ilhash	-
method	CIMBDKLBFPO/<>c	ENLLJJNLBJG	SFS.Analytics.AnalyticsUtility/<>c	<SendEvent>b__0_0	0.95	ilhash	-
method	CIMBDKLBFPO/<>c	BHBDEPAINGK	SFS.Analytics.AnalyticsUtility/<>c	<SendEvent>b__0_1	0.95	ilhash	-
method	CIMBDKLBFPO/FAJMALJHJLM	OBJCEHGJKLG	SFS.Analytics.AnalyticsUtility/<>c__DisplayClass3_0	<SendEventToJordiServer>b__2	0.95	ilhash	-
field	CJPEHRILYAWISMEI	DJIMKMADEJK	MonoBehaviourCached	_transform	0.80	shape	I
field	CJPEHRILYAWISMEI	LJHJPCNPAFC	MonoBehaviourCached	_gameObject	0.80	shape	I
prop	CJPEHRILYAWISMEI	ONAPEEGJFDI	MonoBehaviourCached	transform	0.90	accessor	P
prop	CJPEHRILYAWISMEI	LCIGFPMONEC	MonoBehaviourCached	gameObject	0.90	accessor	P
prop	SFS.World.CKAUAXYAELQLQBKA	GPOBBJCNLAA	SFS.World.SelectableObject	Location	0.90	accessor	P
prop	SFS.World.CKAUAXYAELQLQBKA	PBFOKKFAOKJ	SFS.World.SelectableObject	Trajectory	0.90	accessor	P
prop	SFS.World.CKAUAXYAELQLQBKA	PJIMPPOHLAJ	SFS.World.SelectableObject	EncounterText	0.90	accessor	P
prop	SFS.World.CKAUAXYAELQLQBKA	HGFBMINPGAA	SFS.World.SelectableObject	OrbitDepth	0.90	accessor	P
prop	SFS.World.CKAUAXYAELQLQBKA	KNCKFPOEFPP	SFS.World.SelectableObject	ClickDepth	0.90	accessor	P
prop	SFS.World.CKAUAXYAELQLQBKA	KGKNKIMPCLC	SFS.World.SelectableObject	Select_MenuPosition	0.90	accessor	P
prop	SFS.World.CKAUAXYAELQLQBKA	PGKKODIMMGD	SFS.World.SelectableObject	Select_DisplayName	0.90	accessor	P
prop	SFS.World.CKAUAXYAELQLQBKA	HJBGHFPNGBO	SFS.World.SelectableObject	Select_CanNavigate	0.90	accessor	P
prop	SFS.World.CKAUAXYAELQLQBKA	NALFCMCAOHO	SFS.World.SelectableObject	Select_CanFocus	0.90	accessor	P
prop	SFS.World.CKAUAXYAELQLQBKA	BEMLLECJIGA	SFS.World.SelectableObject	Select_CanRename	0.90	accessor	P
prop	SFS.World.CKAUAXYAELQLQBKA	EKLLEPDMOMD	SFS.World.SelectableObject	Select_CanEndMission	0.90	accessor	P
prop	SFS.World.CKAUAXYAELQLQBKA	MIOPPFBOBKC	SFS.World.SelectableObject	Select_EndMissionText	0.90	accessor	P
prop	SFS.World.CKAUAXYAELQLQBKA	NLIHIMLAGND	SFS.World.SelectableObject	Select_EndMissionIcon	0.90	accessor	P
prop	SFS.World.CKAUAXYAELQLQBKA	NPFGNMJHOPO	SFS.World.SelectableObject	Navigation_Tolerance	0.90	accessor	P
method	CLBFIEFKPDN	GADKHFCFPHG	SFS.UI.Quicksave_Saving	SFS.UI.I_SavingBase.CanSave	0.95	ilhash	VN
method	CLBFIEFKPDN	NNOBCKLCEJD	SFS.UI.Quicksave_Saving	SFS.UI.I_SavingBase.Load	0.95	ilhash	VN
method	CLBFIEFKPDN	FCHBJBHBGBE	SFS.UI.Quicksave_Saving	SFS.UI.I_SavingBase.Save	0.95	ilhash	VN
method	CLBFIEFKPDN	EBMLKGHAPMF	SFS.UI.Quicksave_Saving	SFS.UI.I_SavingBase.Delete	0.95	ilhash	VN
method	CLBFIEFKPDN	LNLMBNGKAIK	SFS.UI.Quicksave_Saving	SFS.UI.I_SavingBase.get_LoadButtonText	0.95	ilhash	VN
method	CLBFIEFKPDN	ILIMDHKHEJL	SFS.UI.Quicksave_Saving	SFS.UI.I_SavingBase.GetOrderer	0.95	ilhash	VN
method	CLBFIEFKPDN	CBCANJLMJOF	SFS.UI.Quicksave_Saving	SFS.UI.I_SavingBase.Import	0.95	ilhash	VN
method	CLBFIEFKPDN	PPJACMPEABP	SFS.UI.Quicksave_Saving	SFS.UI.I_SavingBase.GetImportAvailability	0.95	ilhash	VN
method	CLBFIEFKPDN	AFPBACCNHAA	SFS.UI.Quicksave_Saving	SFS.UI.I_SavingBase.Rename	0.95	ilhash	VN
method	CLBFIEFKPDN	FHEGILCNGEK	SFS.UI.Quicksave_Saving	SFS.UI.I_SavingBase.get_Title	0.95	ilhash	VN
field	CLBFIEFKPDN	BJNABLHHBCF	SFS.UI.Quicksave_Saving	paths	0.80	shape	I
field	CLBFIEFKPDN	AOEHOLNKPBH	SFS.UI.Quicksave_Saving	getQuicksave	0.80	shape	I
field	CLBFIEFKPDN	ONEPMGCIOKJ	SFS.UI.Quicksave_Saving	loadQuicksave	0.80	shape	I
method	CLBFIEFKPDN/<>c	CFCBKKFPAKG	SFS.UI.Quicksave_Saving/<>c	<SFS.UI.I_SavingBase.Save>b__10_0	0.95	ilhash	-
method	CLBFIEFKPDN/<>c	GPGMAGNKNIP	SFS.UI.Quicksave_Saving/<>c	<SFS.UI.I_SavingBase.Save>b__10_3	0.95	ilhash	-
method	CLBFIEFKPDN/<>c	EHOAGCFJLOI	SFS.UI.Quicksave_Saving/<>c	<SFS.UI.I_SavingBase.Save>b__10_2	0.95	ilhash	-
method	CLBFIEFKPDN/<>c	GAHOAPHNACL	SFS.UI.Quicksave_Saving/<>c	<SFS.UI.I_SavingBase.Save>b__10_1	0.95	ilhash	-
method	CLBFIEFKPDN/AGCPKNGCMGB	PAGOCLHCNJC	SFS.UI.Quicksave_Saving/<>c__DisplayClass10_0	<SFS.UI.I_SavingBase.Save>b__4	0.95	ilhash	-
method	CLBFIEFKPDN/AGCPKNGCMGB	EFIMEEJLBCL	SFS.UI.Quicksave_Saving/<>c__DisplayClass10_0	<SFS.UI.I_SavingBase.Save>g__Save|6	0.95	ilhash	-
method	CLBFIEFKPDN/AGCPKNGCMGB	IMKGDAILPBB	SFS.UI.Quicksave_Saving/<>c__DisplayClass10_0	<SFS.UI.I_SavingBase.Save>b__5	0.95	ilhash	-
method	CLBFIEFKPDN/EJGKBCCHEKG	KOGDPHCLFFD	SFS.UI.Quicksave_Saving/<>c__DisplayClass10_1	<SFS.UI.I_SavingBase.Save>b__7	0.95	ilhash	-
method	CLBFIEFKPDN/LDCEGFPKIPE	GNHEKJBDMCI	SFS.UI.Quicksave_Saving/<>c__DisplayClass11_0	<SFS.UI.I_SavingBase.Load>b__0	0.95	ilhash	-
method	CMCBPJPKFPL	ADPABOFILKI	SFS.Input.I_Touchable	OnInputStart	0.75	virtual-order	VANP
method	CMCBPJPKFPL	ECLJKBNKGHD	SFS.Input.I_Touchable	OnInputStay	0.75	virtual-order	VANP
method	CMCBPJPKFPL	CKJBOGDHPMN	SFS.Input.I_Touchable	OnInputEnd	0.75	virtual-order	VANP
method	CMCBPJPKFPL	BHFKJNIPHEE	SFS.Input.I_Touchable	OnTouchLongClick	0.75	virtual-order	VANP
method	CMCBPJPKFPL	DCOOADCHHKO	SFS.Input.I_Touchable	OnNotStationary	0.75	virtual-order	VANP
method	CMCBPJPKFPL	BNHJKMBKDPL	SFS.Input.I_Touchable	OnDrag	0.75	virtual-order	VANP
method	CMCBPJPKFPL	EIIMJIFBGHK	SFS.Input.I_Touchable	OnZoom	0.75	virtual-order	VANP
method	CMEOPALMOBN	IDDDPPOCEJI	SFS.UI.ElementBuilder	CreateElement	0.75	virtual-order	VAN
method	CMEOPALMOBN	EOMHKCEEPMF	SFS.UI.ElementBuilder	op_Implicit	0.95	ilhash	SP
method	CNBBIIOKFDP	FPAEGPEPKHA	SFS.UI.ModGUI.ToggleWithLabel	Init	0.95	ilhash	VP
field	CNBBIIOKFDP	HGOHAOOKKHO	SFS.UI.ModGUI.ToggleWithLabel	toggle	0.30	order	I
field	CNBBIIOKFDP	FLGEAMKLNLO	SFS.UI.ModGUI.ToggleWithLabel	label	0.30	order	I
method	CPFLBDDAMBE	HGPNILMDNJK	Clipper2Lib.PolyPathD	Area	0.95	ilhash	P
method	CPFLBDDAMBE	FIDBCBLBIEN	Clipper2Lib.PolyPathD	AddChild	0.95	ilhash	P
method	CPFLBDDAMBE	CFHAJIDNDCH	Clipper2Lib.PolyPathD	get_Scale	0.95	ilhash	-
method	CPFLBDDAMBE	AKOACIPLJNF	Clipper2Lib.PolyPathD	set_Polygon	0.95	ilhash	-
method	CPFLBDDAMBE	IGBILCCFNPG	Clipper2Lib.PolyPathD	get_Child	0.95	ilhash	P
method	CPFLBDDAMBE	OLHPNKCGNKJ	Clipper2Lib.PolyPathD	get_Polygon	0.95	ilhash	P
method	CPFLBDDAMBE	FCFMBBMHKNK	Clipper2Lib.PolyPathD	set_Scale	0.95	ilhash	-
field	CPFLBDDAMBE	<DLHNOMMAHFM>k__BackingField	Clipper2Lib.PolyPathD	<Scale>k__BackingField	0.80	shape	I
field	CPFLBDDAMBE	<JLKFDPJHGPI>k__BackingField	Clipper2Lib.PolyPathD	<Polygon>k__BackingField	0.80	shape	I
method	SFS.Builds.CSQYKXHEJRVNUMZV	IGIOLJPKBAM	SFS.Builds.Undo	<RecordRemoveParts>g__CreateUndoAction|13_0	0.95	ilhash	-
method	SFS.Builds.CSQYKXHEJRVNUMZV	DGJEKKAMHGG	SFS.Builds.Undo	ApplyOtherAction	0.95	ilhash	-
method	SFS.Builds.CSQYKXHEJRVNUMZV	KECLPBPHLEE	SFS.Builds.Undo	ApplyAction	0.95	ilhash	-
method	SFS.Builds.CSQYKXHEJRVNUMZV	IPCBBNCCPLD	SFS.Builds.Undo	GetGrid	0.95	ilhash	-
method	SFS.Builds.CSQYKXHEJRVNUMZV	IALAKMANHCB	SFS.Builds.Undo	CloseOngoingStep	0.95	ilhash	-
method	SFS.Builds.CSQYKXHEJRVNUMZV	IEONIKIPEHC	SFS.Builds.Undo	ApplyStagePartAction	0.95	ilhash	-
method	SFS.Builds.CSQYKXHEJRVNUMZV	DNEHOPENNAE	SFS.Builds.Undo	ApplyStageAction	0.95	ilhash	-
method	SFS.Builds.CSQYKXHEJRVNUMZV	KGLPAHENMMK	SFS.Builds.Undo	ApplyPartAction	0.95	ilhash	-
field	SFS.Builds.CSQYKXHEJRVNUMZV	CBBOHNJBCGP	SFS.Builds.Undo	steps	0.80	shape	I
field	SFS.Builds.CSQYKXHEJRVNUMZV	BBDKIKOKBPB	SFS.Builds.Undo	undoPointer	0.80	shape	I
field	SFS.Builds.CSQYKXHEJRVNUMZV	FDAJFNJGIOF	SFS.Builds.Undo	lastParts	0.80	shape	I
field	SFS.Builds.CSQYKXHEJRVNUMZV	ABFHMPLLDOL	SFS.Builds.Undo	midUndo	0.80	shape	I
method	SFS.Builds.CSQYKXHEJRVNUMZV/<>c	AINPHGLCBKC	SFS.Builds.Undo/<>c	<ApplyPartAction>b__20_0	0.95	ilhash	-
method	Parts.CURSWTPCTGCIRZUO	ADBKNDHGDBG	Parts.PartVisualizer	ApplyDebugFlames	0.95	ilhash	-
method	Parts.CURSWTPCTGCIRZUO	HOABOCFMJIK	Parts.PartVisualizer	get_IsBuildColliders	0.95	ilhash	-
method	Parts.CURSWTPCTGCIRZUO	DHPJDIPJGJM	Parts.PartVisualizer	Magnets	0.95	ilhash	-
method	Parts.CURSWTPCTGCIRZUO	MJBLGDCJLHF	Parts.PartVisualizer	PhysicsColliders	0.95	ilhash	-
method	Parts.CURSWTPCTGCIRZUO	DLMHFKFBIMF	Parts.PartVisualizer	BuildColliders	0.95	ilhash	-
method	Parts.CURSWTPCTGCIRZUO	KKCAAGEEMHB	Parts.PartVisualizer	get_IsHeatHitbox	0.95	ilhash	-
method	Parts.CURSWTPCTGCIRZUO	KDHOFKLPPFD	Parts.PartVisualizer	<ApplyDebugFlames>b__38_0	0.95	ilhash	-
method	Parts.CURSWTPCTGCIRZUO	CEFDCILDNMG	Parts.PartVisualizer	CenterOfMass	0.95	ilhash	-
method	Parts.CURSWTPCTGCIRZUO	MGPDPIPNENG	Parts.PartVisualizer	ClickHitboxes	0.95	ilhash	-
method	Parts.CURSWTPCTGCIRZUO	PKDONGMKHCO	Parts.PartVisualizer	AdaptTriggers	0.95	ilhash	-
method	Parts.CURSWTPCTGCIRZUO	HKIMMLEEJIO	Parts.PartVisualizer	get_IsNozzleCoverHitbox	0.95	ilhash	-
method	Parts.CURSWTPCTGCIRZUO	PMFPICACADJ	Parts.PartVisualizer	NozzleCoverHitbox	0.95	ilhash	-
method	Parts.CURSWTPCTGCIRZUO	HAMBEPIJLKD	Parts.PartVisualizer	HeatHitbox	0.95	ilhash	-
method	Parts.CURSWTPCTGCIRZUO	BGILDIHNBGJ	Parts.PartVisualizer	HideAllFlames	0.95	ilhash	-
method	Parts.CURSWTPCTGCIRZUO	ODDHINNFPFH	Parts.PartVisualizer	None	0.95	ilhash	-
method	Parts.CURSWTPCTGCIRZUO	MNJLFNCIEPJ	Parts.PartVisualizer	get_IsNone	0.95	ilhash	-
method	Parts.CURSWTPCTGCIRZUO	HEHIGBCDPOA	Parts.PartVisualizer	ToggleFlames	0.95	ilhash	-
method	Parts.CURSWTPCTGCIRZUO	MHBCILHOCDE	Parts.PartVisualizer	get_IsClickHitboxes	0.95	ilhash	-
method	Parts.CURSWTPCTGCIRZUO	DDJANFHBHLA	Parts.PartVisualizer	get_IsAttachmentSurfaces	0.95	ilhash	-
method	Parts.CURSWTPCTGCIRZUO	CIFAAAKMFDD	Parts.PartVisualizer	ShowAllFlames	0.95	ilhash	-
method	Parts.CURSWTPCTGCIRZUO	PDAMHAAJFDA	Parts.PartVisualizer	get_IsAdaptTriggers	0.95	ilhash	-
method	Parts.CURSWTPCTGCIRZUO	OIALEDMJEML	Parts.PartVisualizer	get_IsCenterOfMass	0.95	ilhash	-
method	Parts.CURSWTPCTGCIRZUO	LOFCEMIFMMC	Parts.PartVisualizer	get_IsMagnets	0.95	ilhash	-
method	Parts.CURSWTPCTGCIRZUO	MHLJFACCBNM	Parts.PartVisualizer	AttachmentSurfaces	0.95	ilhash	-
method	Parts.CURSWTPCTGCIRZUO	LHMPGIIKPGD	Parts.PartVisualizer	get_IsPhysicsColliders	0.95	ilhash	-
field	InterplanetaryModule.CXCXWLUOWGSZOGMJ	MFDDFBMJLBF	InterplanetaryModule.GravityRingModule	currentAngularSpeed	0.30	order	I
field	InterplanetaryModule.CXCXWLUOWGSZOGMJ	LNFONEHINIE	InterplanetaryModule.GravityRingModule	angularVelocity	0.30	order	I
field	InterplanetaryModule.CXCXWLUOWGSZOGMJ	GLANPAPEDOA	InterplanetaryModule.GravityRingModule	isRotating	0.30	order	I
field	InterplanetaryModule.CXCXWLUOWGSZOGMJ	MLFBACGDLDC	InterplanetaryModule.GravityRingModule	stopping	0.30	order	I
field	InterplanetaryModule.CXCXWLUOWGSZOGMJ	ELOEHAHMJLJ	InterplanetaryModule.GravityRingModule	rotationY	0.30	order	I
method	SFS.World.Drag.CYWGIFIOBXPEPRWV	BCIIAIMEHON	SFS.World.Drag.Aero_Astronaut	AddForceAtPosition	0.95	ilhash	V
method	SFS.World.Drag.CYWGIFIOBXPEPRWV	AACDLJIMBGD	SFS.World.Drag.Aero_Astronaut	GetMass	0.95	ilhash	V
method	SFS.World.Drag.CYWGIFIOBXPEPRWV	OEGPJKNEAID	SFS.World.Drag.Aero_Astronaut	get_PhysicsMode	0.95	ilhash	V
method	SFS.World.Drag.CYWGIFIOBXPEPRWV	NJAIKBEKOCG	SFS.World.Drag.Aero_Astronaut	GetLocation	0.95	ilhash	V
method	SFS.World.Drag.CYWGIFIOBXPEPRWV	MMMLCCJJHKH	SFS.World.Drag.Aero_Astronaut	GetDragSurfaces	0.95	ilhash	V
method	SFS.World.Drag.CYWGIFIOBXPEPRWV/CFLCPNEEKEM	BBDOICNFMHF	SFS.World.Drag.Aero_Astronaut/<>c__DisplayClass5_0	<GetDragSurfaces>g__AddLine|1	0.95	ilhash	-
method	SFS.World.Drag.CYWGIFIOBXPEPRWV/CFLCPNEEKEM	DDDINJMDCBG	SFS.World.Drag.Aero_Astronaut/<>c__DisplayClass5_0	<GetDragSurfaces>b__0	0.95	ilhash	-
method	SFS.Cameras.CameraManager_Local	MFNOGGJCACK	SFS.Cameras.CameraManager_Local	IsEqual	0.95	ilhash	V
method	SFS.Logs.Challenge	CPIBNFMINNE	SFS.Logs.Challenge	<CreateChallengeUI>g__Wrap|11_0	0.95	ilhash	S
method	SFS.Logs.Challenge	FCCKAGOEKIG	SFS.Logs.Challenge	CollectChallenges	0.95	ilhash	SP
method	SFS.Logs.Challenge	MHGGMKHNFPP	SFS.Logs.Challenge	CreateChallengeUI	0.95	ilhash	SP
method	SFS.Logs.Challenge/<>c	FDLJINNBNJA	SFS.Logs.Challenge/<>c	<CollectChallenges>b__10_29	0.95	ilhash	-
method	SFS.Logs.Challenge/BDJGFEBFMLE	JLIFNDEFDFG	SFS.Logs.Challenge/<>c__DisplayClass10_0	<CollectChallenges>b__28	0.95	ilhash	-
method	SFS.Logs.Challenge/BDJGFEBFMLE	PLHAOLCMGFH	SFS.Logs.Challenge/<>c__DisplayClass10_0	<CollectChallenges>b__27	0.95	ilhash	-
method	SFS.Logs.Challenge/BDJGFEBFMLE	MBGINLDLKMP	SFS.Logs.Challenge/<>c__DisplayClass10_0	<CollectChallenges>b__26	0.95	ilhash	-
method	SFS.Logs.Challenge/BDJGFEBFMLE	FFAIAAJGKEI	SFS.Logs.Challenge/<>c__DisplayClass10_0	<CollectChallenges>b__25	0.95	ilhash	-
method	SFS.Logs.Challenge/BDJGFEBFMLE	OBNAPGHNJAI	SFS.Logs.Challenge/<>c__DisplayClass10_0	<CollectChallenges>b__24	0.95	ilhash	-
method	SFS.Logs.Challenge/BDJGFEBFMLE	IOCOEOBJFHG	SFS.Logs.Challenge/<>c__DisplayClass10_0	<CollectChallenges>b__23	0.95	ilhash	-
method	SFS.Logs.Challenge/BDJGFEBFMLE	BDLGGMEOHFA	SFS.Logs.Challenge/<>c__DisplayClass10_0	<CollectChallenges>g__Add|0	0.95	ilhash	-
method	SFS.Logs.Challenge/BDJGFEBFMLE	DEILAFCDJHA	SFS.Logs.Challenge/<>c__DisplayClass10_0	<CollectChallenges>b__22	0.95	ilhash	-
method	SFS.Logs.Challenge/BDJGFEBFMLE	GHPIBGJLMMN	SFS.Logs.Challenge/<>c__DisplayClass10_0	<CollectChallenges>b__21	0.95	ilhash	-
method	SFS.Logs.Challenge/BDJGFEBFMLE	EAENMDLJCIL	SFS.Logs.Challenge/<>c__DisplayClass10_0	<CollectChallenges>b__20	0.95	ilhash	-
method	SFS.Logs.Challenge/BDJGFEBFMLE	AEOAJJIMOFG	SFS.Logs.Challenge/<>c__DisplayClass10_0	<CollectChallenges>b__19	0.95	ilhash	-
method	SFS.Logs.Challenge/BDJGFEBFMLE	KECNHOHOGDM	SFS.Logs.Challenge/<>c__DisplayClass10_0	<CollectChallenges>b__18	0.95	ilhash	-
method	SFS.Logs.Challenge/BDJGFEBFMLE	HPABBHENNNG	SFS.Logs.Challenge/<>c__DisplayClass10_0	<CollectChallenges>b__17	0.95	ilhash	-
method	SFS.Logs.Challenge/BDJGFEBFMLE	KGLKKKNLKFN	SFS.Logs.Challenge/<>c__DisplayClass10_0	<CollectChallenges>b__16	0.95	ilhash	-
method	SFS.Logs.Challenge/BDJGFEBFMLE	BFCPOKKLCNC	SFS.Logs.Challenge/<>c__DisplayClass10_0	<CollectChallenges>b__15	0.95	ilhash	-
method	SFS.Logs.Challenge/BDJGFEBFMLE	OOOPCANPGNM	SFS.Logs.Challenge/<>c__DisplayClass10_0	<CollectChallenges>b__14	0.95	ilhash	-
method	SFS.Logs.Challenge/BDJGFEBFMLE	BAMOCMDNFBB	SFS.Logs.Challenge/<>c__DisplayClass10_0	<CollectChallenges>b__13	0.95	ilhash	-
method	SFS.Logs.Challenge/BDJGFEBFMLE	DGOOCONOEFH	SFS.Logs.Challenge/<>c__DisplayClass10_0	<CollectChallenges>b__12	0.95	ilhash	-
method	SFS.Logs.Challenge/BDJGFEBFMLE	DJPEPLMNJCN	SFS.Logs.Challenge/<>c__DisplayClass10_0	<CollectChallenges>b__11	0.95	ilhash	-
method	SFS.Logs.Challenge/BDJGFEBFMLE	AMKIEMFGIBG	SFS.Logs.Challenge/<>c__DisplayClass10_0	<CollectChallenges>b__10	0.95	ilhash	-
method	SFS.Logs.Challenge/BDJGFEBFMLE	JAOOMAFMJJP	SFS.Logs.Challenge/<>c__DisplayClass10_0	<CollectChallenges>b__9	0.95	ilhash	-
method	SFS.Logs.Challenge/BDJGFEBFMLE	DJOKEMDOEGP	SFS.Logs.Challenge/<>c__DisplayClass10_0	<CollectChallenges>b__8	0.95	ilhash	-
method	SFS.Logs.Challenge/BDJGFEBFMLE	DCJAJDAIAOC	SFS.Logs.Challenge/<>c__DisplayClass10_0	<CollectChallenges>b__6	0.95	ilhash	-
method	SFS.Logs.Challenge/BDJGFEBFMLE	GPLFJOAKBPK	SFS.Logs.Challenge/<>c__DisplayClass10_0	<CollectChallenges>b__7	0.95	ilhash	-
method	SFS.Logs.Challenge/BDJGFEBFMLE	NDDPEFDCAKC	SFS.Logs.Challenge/<>c__DisplayClass10_0	<CollectChallenges>b__5	0.95	ilhash	-
method	SFS.Logs.Challenge/BDJGFEBFMLE	MEOMFJLPIPM	SFS.Logs.Challenge/<>c__DisplayClass10_0	<CollectChallenges>b__4	0.95	ilhash	-
method	SFS.Logs.Challenge/BDJGFEBFMLE	LNLKCLFHOKC	SFS.Logs.Challenge/<>c__DisplayClass10_0	<CollectChallenges>b__3	0.95	ilhash	-
method	SFS.Logs.Challenge/BDJGFEBFMLE	NPKIBADMAAD	SFS.Logs.Challenge/<>c__DisplayClass10_0	<CollectChallenges>b__2	0.95	ilhash	-
method	SFS.Logs.Challenge/BDJGFEBFMLE	EBIFBAPNAFH	SFS.Logs.Challenge/<>c__DisplayClass10_0	<CollectChallenges>b__1	0.95	ilhash	-
method	SFS.Logs.Challenge/GEMNMADPKNE	FHCGFFONPCM	SFS.Logs.Challenge/<>c__DisplayClass10_1	<CollectChallenges>b__31	0.95	ilhash	-
method	SFS.Logs.Challenge/GEMNMADPKNE	GAEJPEDKEJL	SFS.Logs.Challenge/<>c__DisplayClass10_1	<CollectChallenges>b__30	0.95	ilhash	-
method	SFS.World.Terrain.Chunk	IHLHALGOEAL	SFS.World.Terrain.Chunk	GetIndices	0.95	ilhash	-
method	SFS.World.Terrain.Chunk	OJAOEJKINCP	SFS.World.Terrain.Chunk	CreateMesh	0.95	ilhash	S
method	SFS.World.Terrain.Chunk	MOJLEOOLLAE	SFS.World.Terrain.Chunk	GetAngleBetweenPoints	0.95	ilhash	SP
field	SFS.World.Terrain.Chunk/ECMPLFEMHAP	CFOJGBLJEPL	SFS.World.Terrain.Chunk/TerrainPoints	points	0.80	shape	I
field	SFS.World.Terrain.Chunk/ECMPLFEMHAP	JBIFKKMIFLI	SFS.World.Terrain.Chunk/TerrainPoints	otherData	0.80	shape	I
method	Circle	CBBCMAGFGFB	Circle	IntersectsCircle	0.95	ilhash	P
method	Circle	HFEGLHEHJJC	Circle	IntersectsLine	0.95	ilhash	P
method	Circle	EBIOONJJNKJ	Circle	IntersectsPoint	0.95	ilhash	P
method	SFS.Parts.Modules.ColliderModule	JLKAHEIDNMJ	SFS.Parts.Modules.ColliderModule	GetPart	0.95	ilhash	-
method	SFS.Parts.Modules.ColliderModule	LBPEKFCPPHM	SFS.Parts.Modules.ColliderModule	SFS.World.Rocket.INJ_Rocket.set_Rocket	0.95	ilhash	VN
method	SFS.Parts.Modules.ColliderModule	POCDPGKJKJO	SFS.Parts.Modules.ColliderModule	get_MaxImpactTolerance	0.95	ilhash	-
field	SFS.Parts.Modules.ColliderModule	BFDJIADAAJJ	SFS.Parts.Modules.ColliderModule	planetLayer	0.30	order	I
field	SFS.Parts.Modules.ColliderModule	HHNNKNFCKML	SFS.Parts.Modules.ColliderModule	flameHeatLayer	0.30	order	I
field	SFS.Parts.Modules.ColliderModule	GAAIMIGGKIP	SFS.Parts.Modules.ColliderModule	heatModule	0.30	order	I
field	SFS.Parts.Modules.ColliderModule	PHPLJAFGEOB	SFS.Parts.Modules.ColliderModule	rocket	0.30	order	I
method	SFS.Parts.Modules.ColliderModule/LCLADCLCJJD	OOPMHJADLLI	SFS.Parts.Modules.ColliderModule/<>c__DisplayClass9_0	<OnCollisionEnter2D>b__0	0.95	ilhash	-
method	SFS.Parts.Modules.ColliderModule/LCLADCLCJJD	ENBHAHMJONE	SFS.Parts.Modules.ColliderModule/<>c__DisplayClass9_0	<OnCollisionEnter2D>b__1	0.95	ilhash	-
method	Color2	JEBJDILGFIE	Color2	Lerp	0.95	ilhash	P
method	SFS.Parts.Modules.Colors	CCIPNPGLFKM	SFS.Parts.Modules.Colors	GetOutput	0.95	ilhash	P
method	SFS.Parts.Modules.Colors/ColorSelector	HDGFGJMBPJE	SFS.Parts.Modules.Colors/ColorSelector	GetColor	0.95	ilhash	P
method	SFS.Parts.Modules.ComposedSurfaces	GIIPJLMPGKA	SFS.Parts.Modules.ComposedSurfaces	Reverse	0.95	ilhash	-
method	SFS.Variables.Composed_Double	EBMICLPEKPH	SFS.Variables.Composed_Double	GetResult	0.95	ilhash	V
method	SFS.Variables.Composed_Double	NIBFDJCMFKK	SFS.Variables.Composed_Double	Equals	0.95	ilhash	V
method	SFS.Variables.Composed_Double	CPEJEHPPEEJ	SFS.Variables.Composed_Double	Overwrite	0.95	ilhash	V
method	SFS.Variables.Composed_Float	NIBFDJCMFKK	SFS.Variables.Composed_Float	Equals	0.95	ilhash	V
method	SFS.Variables.Composed_Float	PDBANAKGKIB	SFS.Variables.Composed_Float	Offset	0.95	ilhash	P
method	SFS.Variables.Composed_Float	CPEJEHPPEEJ	SFS.Variables.Composed_Float	Overwrite	0.95	ilhash	V
method	SFS.Variables.Composed_Float	EBMICLPEKPH	SFS.Variables.Composed_Float	GetResult	0.95	ilhash	V
method	SFS.Variables.Composed_Pipe	EBMICLPEKPH	SFS.Variables.Composed_Pipe	GetResult	0.95	ilhash	V
method	SFS.Variables.Composed_Pipe	CPEJEHPPEEJ	SFS.Variables.Composed_Pipe	Overwrite	0.95	ilhash	V
method	SFS.Variables.Composed_Pipe	NIBFDJCMFKK	SFS.Variables.Composed_Pipe	Equals	0.95	ilhash	V
method	SFS.Variables.Composed_PipePoint	NIBFDJCMFKK	SFS.Variables.Composed_PipePoint	Equals	0.95	ilhash	V
method	SFS.Variables.Composed_PipePoint	EBMICLPEKPH	SFS.Variables.Composed_PipePoint	GetResult	0.95	ilhash	V
method	SFS.Variables.Composed_PipePoint	CPEJEHPPEEJ	SFS.Variables.Composed_PipePoint	Overwrite	0.95	ilhash	V
method	SFS.Variables.Composed_Rect	EBMICLPEKPH	SFS.Variables.Composed_Rect	GetResult	0.95	ilhash	V
method	SFS.Variables.Composed_Rect	CPEJEHPPEEJ	SFS.Variables.Composed_Rect	Overwrite	0.95	ilhash	V
method	SFS.Variables.Composed_Rect	NIBFDJCMFKK	SFS.Variables.Composed_Rect	Equals	0.95	ilhash	V
method	SFS.Variables.Composed_Vector2	NIBFDJCMFKK	SFS.Variables.Composed_Vector2	Equals	0.95	ilhash	V
method	SFS.Variables.Composed_Vector2	CPEJEHPPEEJ	SFS.Variables.Composed_Vector2	Overwrite	0.95	ilhash	V
method	SFS.Variables.Composed_Vector2	PDBANAKGKIB	SFS.Variables.Composed_Vector2	Offset	0.95	ilhash	P
method	SFS.Variables.Composed_Vector2	EBMICLPEKPH	SFS.Variables.Composed_Vector2	GetResult	0.95	ilhash	V
method	SFS.Variables.Composed`1	EBMICLPEKPH	SFS.Variables.Composed`1	GetResult	0.75	virtual-order	VAN
method	SFS.Variables.Composed`1	GPIOBCHLDPC	SFS.Variables.Composed`1	op_Subtraction	0.95	ilhash	SP
method	SFS.Variables.Composed`1	ELKHNLGABEP	SFS.Variables.Composed`1	Recalculate	0.95	ilhash	-
method	SFS.Variables.Composed`1	NIBFDJCMFKK	SFS.Variables.Composed`1	Equals	0.45	virtual-order?	VAN
method	SFS.Variables.Composed`1	IPNLPKDIMDD	SFS.Variables.Composed`1	remove_onChangeOldNew	0.95	ilhash	-
method	SFS.Variables.Composed`1	EDAMHOBCFGF	SFS.Variables.Composed`1	CheckInitialize	0.95	ilhash	-
method	SFS.Variables.Composed`1	PNOGFNPJAPM	SFS.Variables.Composed`1	remove_onChange	0.95	ilhash	-
method	SFS.Variables.Composed`1	PBALAFGCBAF	SFS.Variables.Composed`1	op_Addition	0.95	ilhash	SP
method	SFS.Variables.Composed`1	GOGAFCOHLPA	SFS.Variables.Composed`1	add_onChangeOldNew	0.95	ilhash	-
method	SFS.Variables.Composed`1	PFNJPBMNPDF	SFS.Variables.Composed`1	add_onChange	0.95	ilhash	-
method	SFS.Variables.Composed`1	NIBFDJCMFKK	SFS.Variables.Composed`1	Overwrite	0.45	virtual-order?	VAN
method	SFS.Parts.Modules.CopyPipe	COJODFGGNIF	SFS.Parts.Modules.CopyPipe	I_InitializePartModule.get_Priority	0.95	ilhash	VN
method	SFS.Parts.Modules.CopyPipe	BOGBFJLCIGC	SFS.Parts.Modules.CopyPipe	I_InitializePartModule.Initialize	0.95	ilhash	VN
method	SFS.Parts.Modules.CoverModule	GDKHOIHHALH	SFS.Parts.Modules.CoverModule	<I_InitializePartModule.Initialize>b__9_1	0.95	ilhash	-
method	SFS.Parts.Modules.CoverModule	BOGBFJLCIGC	SFS.Parts.Modules.CoverModule	I_InitializePartModule.Initialize	0.95	ilhash	VN
method	SFS.Parts.Modules.CoverModule	FGLABBGHMAI	SFS.Parts.Modules.CoverModule	CurrentCoverName	0.95	ilhash	-
method	SFS.Parts.Modules.CoverModule	ANIDLOBIMFP	SFS.Parts.Modules.CoverModule	UpdateCover	0.95	ilhash	-
method	SFS.Parts.Modules.CoverModule	KOCHAFPAJPA	SFS.Parts.Modules.CoverModule	NextCover	0.95	ilhash	-
method	SFS.Parts.Modules.CoverModule	NLPKJACAAJA	SFS.Parts.Modules.CoverModule	SFS.Parts.Modules.I_PartMenu.Draw	0.95	ilhash	VN
method	SFS.Parts.Modules.CoverModule	COJODFGGNIF	SFS.Parts.Modules.CoverModule	I_InitializePartModule.get_Priority	0.95	ilhash	VN
method	SFS.Parts.Modules.CoverModule	BMDOKKBGGHI	SFS.Parts.Modules.CoverModule	<I_InitializePartModule.Initialize>b__9_0	0.95	ilhash	-
field	SFS.Parts.Modules.CoverModule	OBCAMFIMPIE	SFS.Parts.Modules.CoverModule	coverCounter	0.80	shape	I
method	SFS.Parts.Modules.CoverModule/<>c	LHFKIOLNFHO	SFS.Parts.Modules.CoverModule/<>c	<SFS.Parts.Modules.I_PartMenu.Draw>b__6_1	0.95	ilhash	-
method	SFS.Parts.Modules.CoverModule/<>c	JDMFPNFHMBN	SFS.Parts.Modules.CoverModule/<>c	<SFS.Parts.Modules.I_PartMenu.Draw>b__6_0	0.95	ilhash	-
method	SFS.Parts.Modules.CoverToggleModule	FPPDGHOMKHD	SFS.Parts.Modules.CoverToggleModule	get_CurrentIndex	0.95	ilhash	-
method	SFS.Parts.Modules.CoverToggleModule/<>c	JADOPJFKAIE	SFS.Parts.Modules.CoverToggleModule/<>c	<Draw>b__6_5	0.95	ilhash	-
method	SFS.Parts.Modules.CoverToggleModule/<>c	LDHKMAEBIOG	SFS.Parts.Modules.CoverToggleModule/<>c	<Draw>b__6_0	0.95	ilhash	-
method	SFS.Parts.Modules.CoverToggleModule/<>c	PHCNGBFDNBN	SFS.Parts.Modules.CoverToggleModule/<>c	<Draw>b__6_8	0.95	ilhash	-
method	SFS.Parts.Modules.CoverToggleModule/BKOLMBAEIAB	MNAHJFFEMEF	SFS.Parts.Modules.CoverToggleModule/<>c__DisplayClass6_1	<Draw>b__12	0.95	ilhash	-
method	SFS.Parts.Modules.CoverToggleModule/IOJCPFJAEEA	GBIBAGGEDLP	SFS.Parts.Modules.CoverToggleModule/<>c__DisplayClass7_0	<ApplyMode>b__0	0.95	ilhash	-
method	SFS.Parts.Modules.CoverToggleModule/JJMFFEJKKLI	IPNNDOJLKJN	SFS.Parts.Modules.CoverToggleModule/<>c__DisplayClass6_0	<Draw>b__1	0.95	ilhash	-
method	SFS.Parts.Modules.CoverToggleModule/JJMFFEJKKLI	JCFLEFKFHGO	SFS.Parts.Modules.CoverToggleModule/<>c__DisplayClass6_0	<Draw>b__10	0.95	ilhash	-
method	SFS.Parts.Modules.CoverToggleModule/JJMFFEJKKLI	LHENCJLMGBC	SFS.Parts.Modules.CoverToggleModule/<>c__DisplayClass6_0	<Draw>b__2	0.95	ilhash	-
method	SFS.Parts.Modules.CoverToggleModule/JJMFFEJKKLI	JONOKGDKAPC	SFS.Parts.Modules.CoverToggleModule/<>c__DisplayClass6_0	<Draw>g__SetMode|11	0.95	ilhash	-
method	SFS.Parts.Modules.CoverToggleModule/JJMFFEJKKLI	INGABDAFGCL	SFS.Parts.Modules.CoverToggleModule/<>c__DisplayClass6_0	<Draw>b__6	0.95	ilhash	-
method	SFS.Parts.Modules.CoverToggleModule/JJMFFEJKKLI	GAICABJAOJJ	SFS.Parts.Modules.CoverToggleModule/<>c__DisplayClass6_0	<Draw>b__9	0.95	ilhash	-
method	SFS.Parts.Modules.CoverToggleModule/JJMFFEJKKLI	PDKLCGDGLLD	SFS.Parts.Modules.CoverToggleModule/<>c__DisplayClass6_0	<Draw>b__4	0.95	ilhash	-
method	SFS.Parts.Modules.CoverToggleModule/JJMFFEJKKLI	KIFEPBJJGFC	SFS.Parts.Modules.CoverToggleModule/<>c__DisplayClass6_0	<Draw>b__7	0.95	ilhash	-
method	SFS.Parts.Modules.CoverToggleModule/JJMFFEJKKLI	GBDIENKPLGF	SFS.Parts.Modules.CoverToggleModule/<>c__DisplayClass6_0	<Draw>b__3	0.95	ilhash	-
method	SFS.Parts.Modules.CurvePipe	BOGBFJLCIGC	SFS.Parts.Modules.CurvePipe	I_InitializePartModule.Initialize	0.95	ilhash	VN
method	SFS.Parts.Modules.CurvePipe	FLMBJMJFPGH	SFS.Parts.Modules.CurvePipe	<GetPoints>g__Reduce|10_0	0.95	ilhash	S
method	SFS.Parts.Modules.CurvePipe	COJODFGGNIF	SFS.Parts.Modules.CurvePipe	I_InitializePartModule.get_Priority	0.95	ilhash	VN
method	CurvedMesh	EPKCBDMPFFF	CurvedMesh	GetCurveData	0.95	ilhash	P
method	CurvedMesh	PALOGDLDBDK	CurvedMesh	SampleCurve	0.95	ilhash	P
method	CurvedMesh/FLPIMOCINPE	FKLJALCMGAG	CurvedMesh/<>c__DisplayClass5_0	<SampleCurve>b__0	0.95	ilhash	-
method	CurvedMesh/NIMONCBHHFK	IKLJJIIMBLI	CurvedMesh/<>c__DisplayClass4_0	<GetCurveData>b__0	0.95	ilhash	-
method	SFS.Parts.Modules.CustomPipe	BOGBFJLCIGC	SFS.Parts.Modules.CustomPipe	I_InitializePartModule.Initialize	0.95	ilhash	VN
method	SFS.Parts.Modules.CustomPipe	COJODFGGNIF	SFS.Parts.Modules.CustomPipe	I_InitializePartModule.get_Priority	0.95	ilhash	VN
method	SFS.Parts.Modules.CustomPolygon	COJODFGGNIF	SFS.Parts.Modules.CustomPolygon	I_InitializePartModule.get_Priority	0.95	ilhash	VN
method	SFS.Parts.Modules.CustomPolygon	BOGBFJLCIGC	SFS.Parts.Modules.CustomPolygon	I_InitializePartModule.Initialize	0.95	ilhash	VN
method	SFS.Parts.Modules.CustomSurfaces	COJODFGGNIF	SFS.Parts.Modules.CustomSurfaces	I_InitializePartModule.get_Priority	0.95	ilhash	VN
method	SFS.Parts.Modules.CustomSurfaces	INPKBLAGHFM	SFS.Parts.Modules.CustomSurfaces	<Output>b__10_0	0.95	ilhash	-
method	SFS.Parts.Modules.CustomSurfaces	BOGBFJLCIGC	SFS.Parts.Modules.CustomSurfaces	I_InitializePartModule.Initialize	0.95	ilhash	VN
method	SFS.Parts.Modules.CustomSurfaces/<>c	LLDMPDOJLPA	SFS.Parts.Modules.CustomSurfaces/<>c	<Output>b__10_1	0.95	ilhash	-
method	ModLoader.DABQGGQEYTYHURAO	LFCDGMBNPLE	ModLoader.Loader	VerifyVersion	0.95	ilhash	S
method	ModLoader.DABQGGQEYTYHURAO	FFLNLELEMIJ	ModLoader.Loader	LoadDependencies	0.95	ilhash	-
method	ModLoader.DABQGGQEYTYHURAO	GJCEDEKHGGN	ModLoader.Loader	MoveIndividualDLLs	0.95	ilhash	-
method	ModLoader.DABQGGQEYTYHURAO	IAPGBCIBKMA	ModLoader.Loader	LoadModList	0.95	ilhash	-
method	ModLoader.DABQGGQEYTYHURAO	MJGKDAONCPP	ModLoader.Loader	LoadMod	0.95	ilhash	-
field	ModLoader.DABQGGQEYTYHURAO	FGEJKCGGKHC	ModLoader.Loader	mods	0.30	order	I
field	ModLoader.DABQGGQEYTYHURAO	PMFGGNPIJFB	ModLoader.Loader	loadedMods	0.30	order	I
field	ModLoader.DABQGGQEYTYHURAO	INAAOEBBCIM	ModLoader.Loader	Version_Regex	0.80	shape	S
method	ModLoader.DABQGGQEYTYHURAO/<>c	JBPDLBMLDMP	ModLoader.Loader/<>c	<LoadModList>b__8_0	0.95	ilhash	-
method	ModLoader.DABQGGQEYTYHURAO/KAPDOBGLIFJ	CNBBPBDEJOH	ModLoader.Loader/<>c__DisplayClass12_0	<LoadDependencies>b__1	0.95	ilhash	-
method	ModLoader.DABQGGQEYTYHURAO/KAPDOBGLIFJ	FMJILNCLHBE	ModLoader.Loader/<>c__DisplayClass12_0	<LoadDependencies>b__0	0.95	ilhash	-
method	ModLoader.DABQGGQEYTYHURAO/NKIBODACACE	ENBOIMBEHCE	ModLoader.Loader/<>c__DisplayClass9_0	<LoadMod>b__0	0.95	ilhash	-
method	ModLoader.DABQGGQEYTYHURAO/PADEMGDOCBE	BDGDPFGIBPE	ModLoader.Loader/<>c__DisplayClass8_0	<LoadModList>b__1	0.95	ilhash	-
field	DALOIJPCANM	MIBCDONGHIK	SFS.World.AngleInfo	showAngle	0.80	shape	I
field	DALOIJPCANM	DEDOCGPMBDC	SFS.World.AngleInfo	angle	0.30	order	I
field	DALOIJPCANM	OEAHFHABOCO	SFS.World.AngleInfo	targetAngle	0.30	order	I
method	DBOCODAEJMH	JDDCAFLHHJL	Units	ToString	0.95	ilhash	SP
method	DBOCODAEJMH	DJPAFFJFPGD	Units	ToKeysString	0.95	ilhash	SP
method	DBOCODAEJMH	OADHGJDMFPN	Units	ToMagnetForceString	0.95	ilhash	SP
method	DBOCODAEJMH	ABFIBHMPFKM	Units	ToLastPlayedString	0.95	ilhash	SP
method	DBOCODAEJMH	OKDBGLNADCI	Units	ToEfficiencyString	0.95	ilhash	SP
method	DBOCODAEJMH	MEIHGDGOJJC	Units	ToTimestampString	0.95	ilhash	SP
method	DBOCODAEJMH	EEEBCMBCPJD	Units	ToDistanceString	0.95	ilhash	SP
method	DBOCODAEJMH	GOGIPIBAFEG	Units	ToKmString	0.95	ilhash	SP
method	DBOCODAEJMH	GPNMIGLMNJP	Units	ToFundsString	0.95	ilhash	SP
method	DBOCODAEJMH	ALLHOFOLFNP	Units	ToPercentString	0.95	ilhash	SP
method	DBOCODAEJMH	KIFLCOGOJLK	Units	ToVelocityString	0.95	ilhash	SP
method	DBOCODAEJMH	MCKIPLDBDCN	Units	ToMassString	0.95	ilhash	SP
method	DBOCODAEJMH	CFJMLPIECIC	Units	ToTemperatureString	0.95	ilhash	SP
method	DBOCODAEJMH	LEEPKMAAJFN	Units	ToThrustString	0.95	ilhash	SP
method	DBOCODAEJMH	BONJAFADCPJ	Units	ToSeparationForceString	0.95	ilhash	SP
method	DBOCODAEJMH	DPENAFLFHIH	Units	ToTwrString	0.95	ilhash	SP
method	DBOCODAEJMH	HIOKGBABLAA	Units	Round	0.95	ilhash	SP
method	DBOCODAEJMH	GKFKNMDJKNN	Units	ToTimePlayedString	0.95	ilhash	SP
method	DBOCODAEJMH	HIKAANNLBME	Units	ToBurnTimeString	0.95	ilhash	SP
field	DBOCODAEJMH	MACGAGAPOMF	Units	DecimalsFormat	0.80	shape	S
method	DBOCODAEJMH/<>c	DFMICPGJDDN	Units/<>c	<ToKeysString>b__19_0	0.95	ilhash	-
method	DBOCODAEJMH/<>c	EANDEMHINNI	Units/<>c	<ToKeysString>b__20_0	0.95	ilhash	-
method	SFS.World.Terrain.DCBELDPDIIGDHYFJ	FMEKFHNIACM	SFS.World.Terrain.DynamicTerrain	CalculateBest	0.95	ilhash	-
method	SFS.World.Terrain.DCBELDPDIIGDHYFJ	MHEGBLNFDKO	SFS.World.Terrain.DynamicTerrain	GetBestMerge	0.95	ilhash	-
method	SFS.World.Terrain.DCBELDPDIIGDHYFJ	MLFIADHAMHB	SFS.World.Terrain.DynamicTerrain	Initialized	0.95	ilhash	-
method	SFS.World.Terrain.DCBELDPDIIGDHYFJ	HOKFDAJNFID	SFS.World.Terrain.DynamicTerrain	GetBestSplit	0.95	ilhash	-
method	SFS.World.Terrain.DCBELDPDIIGDHYFJ/DynamicChunk	AMHHDAHDBBG	SFS.World.Terrain.DynamicTerrain/DynamicChunk	Split	0.95	ilhash	VNP
method	SFS.World.Terrain.DCBELDPDIIGDHYFJ/DynamicChunk	FEKMGFGFAOL	SFS.World.Terrain.DynamicTerrain/DynamicChunk	TrySplit	0.95	ilhash	P
method	SFS.World.Terrain.DCBELDPDIIGDHYFJ/DynamicChunk	EEIDFAGICAA	SFS.World.Terrain.DynamicTerrain/DynamicChunk	DisableChunk	0.95	ilhash	P
method	SFS.World.Terrain.DCBELDPDIIGDHYFJ/DynamicChunk	APEBKFOEIKJ	SFS.World.Terrain.DynamicTerrain/DynamicChunk	DestroyChunk	0.95	ilhash	P
method	SFS.World.Terrain.DCBELDPDIIGDHYFJ/DynamicChunk	PAKJFHMNCNI	SFS.World.Terrain.DynamicTerrain/DynamicChunk	Merge	0.95	ilhash	P
method	SFS.World.Terrain.DCBELDPDIIGDHYFJ/DynamicChunk	AGMLHNHLIIH	SFS.World.Terrain.DynamicTerrain/DynamicChunk	SetLayer	0.95	ilhash	P
method	SFS.World.Terrain.DCBELDPDIIGDHYFJ/DynamicChunk	HBLCMLFCCID	SFS.World.Terrain.DynamicTerrain/DynamicChunk	<GenerateRocks>g__GetRandom|12_0	0.95	ilhash	S
method	SFS.World.Terrain.DCBELDPDIIGDHYFJ/DynamicChunk	ILOEPOBBGDD	SFS.World.Terrain.DynamicTerrain/DynamicChunk	GenerateRocks	0.95	ilhash	-
method	SFS.World.Terrain.DCBELDPDIIGDHYFJ/DynamicChunk	LDDHKBMEDNK	SFS.World.Terrain.DynamicTerrain/DynamicChunk	TryMerge	0.95	ilhash	P
method	SFS.World.Terrain.DCBELDPDIIGDHYFJ/DynamicChunk	JEOKEGHGKJH	SFS.World.Terrain.DynamicTerrain/DynamicChunk	GetDistanceToViewPosition	0.95	ilhash	P
method	SFS.World.Terrain.DCBELDPDIIGDHYFJ/DynamicChunk	ELLHFMAJKCH	SFS.World.Terrain.DynamicTerrain/DynamicChunk	CanMerge	0.95	ilhash	P
method	SFS.World.Terrain.DCBELDPDIIGDHYFJ/DynamicChunk	MECHFBHPHLC	SFS.World.Terrain.DynamicTerrain/DynamicChunk	EnableChunk	0.95	ilhash	P
method	SFS.World.Terrain.DCBELDPDIIGDHYFJ/DynamicChunk/<>c	KKMJFOBIFKE	SFS.World.Terrain.DynamicTerrain/DynamicChunk/<>c	<GenerateRocks>b__12_1	0.95	ilhash	-
method	DCDNFFGFAKI	DNFFLAHPNEA	SFS.World.Maps.TrajectoryDrawer	DrawOrbit	0.95	ilhash	S
method	DCDNFFGFAKI	FEIIOGJCNPK	SFS.World.Maps.TrajectoryDrawer	DrawDashed	0.95	ilhash	SP
method	DCDNFFGFAKI	FCDJKKCJMCL	SFS.World.Maps.TrajectoryDrawer	DrawSolid	0.95	ilhash	SP
method	DCDNFFGFAKI	HMJKMNPECKJ	SFS.World.Maps.TrajectoryDrawer	DrawHeight	0.95	ilhash	S
method	DCDNFFGFAKI	DBBPAHGNHBP	SFS.World.Maps.TrajectoryDrawer	GetOrbitAlpha	0.95	ilhash	SP
method	DEBGINDJFBA	ANOGNMDKOAM	UV.StartEnd_Color	Cut	0.95	ilhash	P
field	DEBGINDJFBA	NCIEIDJGJEH	UV.StartEnd_Color	color_Edge	0.30	order	I
field	DEBGINDJFBA	IIPGNBOIMDN	UV.StartEnd_Color	height	0.30	order	I
method	DFCNNGPBBOG	BIMFCBOOGHH	SFS.UI.LayoutUtility	GetFilteredSize	0.95	ilhash	SP
method	DFCNNGPBBOG	HBHHNBEGJMI	SFS.UI.LayoutUtility	GetApplySize	0.95	ilhash	SP
method	DFCNNGPBBOG/<>c	KMFLBMALEBE	SFS.UI.LayoutUtility/<>c	<GetFilteredSize>b__1_3	0.95	ilhash	-
method	DFCNNGPBBOG/<>c	FPMNNAEMFBO	SFS.UI.LayoutUtility/<>c	<GetFilteredSize>b__1_2	0.95	ilhash	-
method	DFCNNGPBBOG/<>c	HEAGDJKFOMJ	SFS.UI.LayoutUtility/<>c	<GetFilteredSize>b__1_1	0.95	ilhash	-
method	DFCNNGPBBOG/<>c	OKCFPNKKJNI	SFS.UI.LayoutUtility/<>c	<GetFilteredSize>b__1_0	0.95	ilhash	-
method	DFFMFMIKGAE	PGLDOKMFPNL	SFS.UI.Rubberbanding	SmoothDamp	0.95	ilhash	SP
method	DFFMFMIKGAE	GFFDFPBHGMK	SFS.UI.Rubberbanding	Clamp	0.95	ilhash	SP
method	DFFMFMIKGAE	BABECGLGAHG	SFS.UI.Rubberbanding	Rubberband	0.95	ilhash	SP
method	DFNANPMBKBP	PBALAFGCBAF	OptionalDelegate`1	op_Addition	0.95	ilhash	SP
method	DFNANPMBKBP	GPIOBCHLDPC	OptionalDelegate`1	op_Subtraction	0.95	ilhash	SP
method	DFNANPMBKBP	DKPPBHIIIJA	OptionalDelegate`1	Invoke	0.95	ilhash	P
method	DFNANPMBKBP	BKMKKCDDLJG	OptionalDelegate`1	get_IsEmpty	0.95	ilhash	P
method	DFNANPMBKBP	EIPFDAHMICE	OptionalDelegate`1	Clear	0.95	ilhash	P
method	DFNANPMBKBP	JGKHDBCPBPJ	OptionalDelegate`1	set_CallCount	0.95	ilhash	-
method	DFNANPMBKBP	BNPLKNBHDPO	OptionalDelegate`1	get_CallCount	0.95	ilhash	P
field	DFNANPMBKBP	EBPDDKBDOCK	OptionalDelegate`1	emptyDelegate	0.80	shape	I
field	DFNANPMBKBP	FOGKDJOHIFP	OptionalDelegate`1	singleDelegate	0.80	shape	I
field	DFNANPMBKBP	<EFOCMFDFEDO>k__BackingField	OptionalDelegate`1	<CallCount>k__BackingField	0.80	shape	I
prop	SFS.Parts.Modules.DFWCIVCOVJCBPIJL	ONPALGLKNMH	SFS.Parts.Modules.OwnModule	IsOwned	0.90	accessor	P
prop	SFS.Parts.Modules.DFWCIVCOVJCBPIJL	IBIAIFNJLDI	SFS.Parts.Modules.OwnModule	IsPremium	0.90	accessor	P
method	DGEKIFKCDEL	AJBEOEPEMGM	SFS.Core.Links	OpenAppStore	0.95	ilhash	SP
method	SFS.UI.DHSOYKSVNYEKRTRC	NONFDKGHCMF	SFS.UI.ContainerElementWithScaling	GetPreferredSize_Internal	0.95	ilhash	V
method	SFS.UI.DHSOYKSVNYEKRTRC	DEPPADCBIMC	SFS.UI.ContainerElementWithScaling	SetSize_Internal	0.95	ilhash	V
method	DIKCIDINGLP	JDDCAFLHHJL	Clipper2Lib.PathD	ToString	0.95	ilhash	P
method	DIKCIDINGLP/EJOGLNIMIIH	BHPPCJJPLOC	Clipper2Lib.PathD/<>c__DisplayClass3_0	<ToString>b__0	0.95	ilhash	-
method	DKKNBHNPBLF	JFKGEDGOEBC	SFS.Parsers.Ini.IniDataSection	set_Item	0.95	ilhash	P
method	DKKNBHNPBLF	BDMLDGKMLDE	SFS.Parsers.Ini.IniDataSection	Simplify	0.95	ilhash	P
method	DKKNBHNPBLF	JPBGDCOINCP	SFS.Parsers.Ini.IniDataSection	get_Item	0.95	ilhash	P
field	DKKNBHNPBLF	FBKEDHEFJBI	SFS.Parsers.Ini.IniDataSection	name	0.30	order	I
field	DKKNBHNPBLF	BJABNLPPCLN	SFS.Parsers.Ini.IniDataSection	comment	0.30	order	I
field	DKKNBHNPBLF	DLCKIOIEILK	SFS.Parsers.Ini.IniDataSection	whitespacesBefore	0.80	shape	I
field	DKKNBHNPBLF	JBJDNIDOOPB	SFS.Parsers.Ini.IniDataSection	data	0.80	shape	I
field	SFS.Input.DKZCLFITKFKYQMMM	HGKLHACKKNK	SFS.Input.Screen_Base	keys	0.80	shape	S
prop	SFS.Input.DKZCLFITKFKYQMMM	BDFDPJFAOKO	SFS.Input.Screen_Base	PauseWhileOpen	0.90	accessor	P
method	DNIPBGHLMHD	JJMJDKPFLEE	CallbackAwaiter`1	GetAwaiter	0.95	ilhash	P
method	DNIPBGHLMHD	EBMICLPEKPH	CallbackAwaiter`1	GetResult	0.95	ilhash	P
method	DNIPBGHLMHD	FGHOJFHFBJK	CallbackAwaiter`1	get_IsCompleted	0.95	ilhash	P
method	DNIPBGHLMHD	PKANCEHLEIO	CallbackAwaiter`1	Callback	0.95	ilhash	P
field	DNIPBGHLMHD	KKDIGGKDDEG	CallbackAwaiter`1	awaitable	0.80	shape	I
field	DNIPBGHLMHD	FMPPGIFODEJ	CallbackAwaiter`1	captureContext	0.80	shape	I
method	DNIPBGHLMHD/JNHDFDEOHPF	OHGIAMHMOGD	CallbackAwaiter`1/<>c__DisplayClass8_0	<OnCompleted>b__0	0.95	ilhash	-
method	DNIPBGHLMHD/JNHDFDEOHPF	KFNKGNKHKGD	CallbackAwaiter`1/<>c__DisplayClass8_0	<OnCompleted>b__1	0.95	ilhash	-
field	SFS.UI.DNMVEXFBTERYACUB	PDDHFPIJBEE	SFS.UI.ReorderingGroup	elements	0.80	shape	I
field	SFS.UI.DNYHEMXGLITINGAS	EABJJMCLKMA	SFS.UI.MsgDrawer	startTime	0.80	shape	I
field	SFS.UI.DNYHEMXGLITINGAS	OHOALIKAGBE	SFS.UI.MsgDrawer	animationType	0.80	shape	I
method	DPICFIIABBL	KLNGNCKLAII	SFS.Navigation.Iterator	get_Current	0.95	ilhash	-
method	DPICFIIABBL	BKMCHFKLFHC	SFS.Navigation.Iterator	get_OutOfIterations	0.95	ilhash	-
method	DPICFIIABBL	CKKPCOFPHKG	SFS.Navigation.Iterator	ApplyIteration	0.95	ilhash	-
field	DPICFIIABBL	HEHCHEEMJJB	SFS.Navigation.Iterator	iterationMax	0.30	order	I
field	DPICFIIABBL	LJAKOMDKKGG	SFS.Navigation.Iterator	iterationCount	0.30	order	I
field	DPICFIIABBL	LIJMJGEAOID	SFS.Navigation.Iterator	confirmed	0.80	shape	I
field	DPKJMADPHOD	LCCHGJHONOC	SFS.Parsers.Json.LegacyNameAttribute	legacyName	0.80	shape	I
method	SFS.World.Maps.DTTTAKZFKMJGACPN	CCBGEOKLJHF	SFS.World.Maps.MapFlag	<OnEndMission>b__25_2	0.95	ilhash	-
field	SFS.World.Maps.DTTTAKZFKMJGACPN	<MMJKOCGKJKA>k__BackingField	SFS.World.Maps.MapFlag	<Trajectory>k__BackingField	0.80	shape	I
prop	SFS.World.Maps.DTTTAKZFKMJGACPN	HMIPMLDNJKM	SFS.World.Maps.MapFlag	Player	0.90	accessor	P
prop	SFS.World.Maps.DTTTAKZFKMJGACPN	PBFOKKFAOKJ	SFS.World.Maps.MapFlag	Trajectory	0.90	accessor	P
prop	SFS.World.Maps.DTTTAKZFKMJGACPN	PJIMPPOHLAJ	SFS.World.Maps.MapFlag	EncounterText	0.90	accessor	P
prop	SFS.World.Maps.DTTTAKZFKMJGACPN	KGKNKIMPCLC	SFS.World.Maps.MapFlag	Select_MenuPosition	0.90	accessor	P
prop	SFS.World.Maps.DTTTAKZFKMJGACPN	PGKKODIMMGD	SFS.World.Maps.MapFlag	Select_DisplayName	0.90	accessor	P
prop	SFS.World.Maps.DTTTAKZFKMJGACPN	HJBGHFPNGBO	SFS.World.Maps.MapFlag	Select_CanNavigate	0.90	accessor	P
prop	SFS.World.Maps.DTTTAKZFKMJGACPN	NALFCMCAOHO	SFS.World.Maps.MapFlag	Select_CanFocus	0.90	accessor	P
prop	SFS.World.Maps.DTTTAKZFKMJGACPN	BEMLLECJIGA	SFS.World.Maps.MapFlag	Select_CanRename	0.90	accessor	P
prop	SFS.World.Maps.DTTTAKZFKMJGACPN	EKLLEPDMOMD	SFS.World.Maps.MapFlag	Select_CanEndMission	0.90	accessor	P
prop	SFS.World.Maps.DTTTAKZFKMJGACPN	MIOPPFBOBKC	SFS.World.Maps.MapFlag	Select_EndMissionText	0.90	accessor	P
prop	SFS.World.Maps.DTTTAKZFKMJGACPN	NLIHIMLAGND	SFS.World.Maps.MapFlag	Select_EndMissionIcon	0.90	accessor	P
prop	SFS.World.Maps.DTTTAKZFKMJGACPN	NPFGNMJHOPO	SFS.World.Maps.MapFlag	Navigation_Tolerance	0.90	accessor	P
method	SFS.World.Maps.DTTTAKZFKMJGACPN/<>c	CNHPAIOCEGI	SFS.World.Maps.MapFlag/<>c	<OnEndMission>b__25_1	0.95	ilhash	-
method	SFS.World.Maps.DTTTAKZFKMJGACPN/<>c	BNIOONAHHHJ	SFS.World.Maps.MapFlag/<>c	<OnEndMission>b__25_0	0.95	ilhash	-
field	SFS.World.DWAADLRXVZZSJNZX	<MCCCKFCCDJL>k__BackingField	SFS.World.EVA_Resources	<LastAppliedIndex>k__BackingField	0.80	shape	I
field	SFS.World.DWAADLRXVZZSJNZX	<JACJMCPJNHM>k__BackingField	SFS.World.EVA_Resources	<ExposedSurface>k__BackingField	0.80	shape	I
prop	SFS.World.DWAADLRXVZZSJNZX	HAIIOODDNEO	SFS.World.EVA_Resources	Name	0.90	accessor	P
prop	SFS.World.DWAADLRXVZZSJNZX	OFIAKAMIDGF	SFS.World.EVA_Resources	IsHeatShield	0.90	accessor	P
prop	SFS.World.DWAADLRXVZZSJNZX	DBEBEHPJFJK	SFS.World.EVA_Resources	Temperature	0.90	accessor	P
prop	SFS.World.DWAADLRXVZZSJNZX	EAJNKGGHHOP	SFS.World.EVA_Resources	LastAppliedIndex	0.90	accessor	P
prop	SFS.World.DWAADLRXVZZSJNZX	FEEPIGPEOMB	SFS.World.EVA_Resources	ExposedSurface	0.90	accessor	P
prop	SFS.World.DWAADLRXVZZSJNZX	EBGMIMHPPBB	SFS.World.EVA_Resources	HeatTolerance	0.90	accessor	P
method	InterplanetaryModule.DWNHECCMHFRGNHJG	JJBAABGHPPM	InterplanetaryModule.SurfaceShadingModule	SFS.World.Rocket.INJ_Location.set_Location	0.95	ilhash	VN
field	InterplanetaryModule.DWNHECCMHFRGNHJG	LMFJCPKAPAB	InterplanetaryModule.SurfaceShadingModule	location	0.80	shape	I
method	SFS.UI.DWNZJJGENOKIFHBP	JGHONHPGGMM	SFS.UI.BasicMenu	get_OnEscape	0.95	ilhash	V
method	SFS.Parts.Modules.DetachModule	HGKJGKLCEJD	SFS.Parts.Modules.DetachModule	get_ForceMultiplier	0.95	ilhash	-
method	SFS.Parts.Modules.DetachModule	ANPFENGPDGN	SFS.Parts.Modules.DetachModule	get_Use	0.95	ilhash	-
method	SFS.Parts.Modules.DetachModule	OKHJBNEACOB	SFS.Parts.Modules.DetachModule	get_Rocket	0.95	ilhash	-
method	SFS.Parts.Modules.DetachModule	HCCHIMKNFBK	SFS.Parts.Modules.DetachModule	Check	0.95	ilhash	-
method	SFS.Parts.Modules.DetachModule	BFHFLCFHFIN	SFS.Parts.Modules.DetachModule	GetJointsToDetach	0.95	ilhash	-
field	SFS.Parts.Modules.DetachModule	<KBCHNAHPKEE>k__BackingField	SFS.Parts.Modules.DetachModule	<Rocket>k__BackingField	0.80	shape	I
prop	SFS.Parts.Modules.DetachModule	LGBNFJCHPLN	SFS.Parts.Modules.DetachModule	Rocket	0.90	accessor	P
prop	SFS.Parts.Modules.DetachModule	DEHKPKKMODL	SFS.Parts.Modules.DetachModule	ShowDescription	0.90	accessor	P
method	SFS.Parts.Modules.DetachModule/<>c	FHGBHGCCBCA	SFS.Parts.Modules.DetachModule/<>c	<GetJointsToDetach>b__23_0	0.95	ilhash	-
method	SFS.Parts.Modules.DetachModule/<>c	CBIAOOJAHNJ	SFS.Parts.Modules.DetachModule/<>c	<Detach>b__22_0	0.95	ilhash	-
method	SFS.Parts.Modules.DetachModule/<>c	AEEEAPIBGOI	SFS.Parts.Modules.DetachModule/<>c	<Detach>b__22_1	0.95	ilhash	-
method	SFS.Parts.Modules.DetachModule/KILCMKGAAPD	GBDIENKPLGF	SFS.Parts.Modules.DetachModule/<>c__DisplayClass21_0	<Draw>b__5	0.95	ilhash	-
method	SFS.Parts.Modules.DetachModule/KILCMKGAAPD	IECNOIKNHBE	SFS.Parts.Modules.DetachModule/<>c__DisplayClass21_0	<Draw>g__GetMaxForce|1	0.95	ilhash	-
method	SFS.Parts.Modules.DetachModule/KILCMKGAAPD	GAICABJAOJJ	SFS.Parts.Modules.DetachModule/<>c__DisplayClass21_0	<Draw>b__3	0.95	ilhash	-
method	SFS.Parts.Modules.DetachModule/KILCMKGAAPD	DDMKFEGGEIG	SFS.Parts.Modules.DetachModule/<>c__DisplayClass21_0	<Draw>b__4	0.95	ilhash	-
method	SFS.Parts.Modules.DetachModule/KILCMKGAAPD	LHENCJLMGBC	SFS.Parts.Modules.DetachModule/<>c__DisplayClass21_0	<Draw>b__2	0.95	ilhash	-
method	SFS.Parts.Modules.DetachModule/KILCMKGAAPD	PGCANGOOLMK	SFS.Parts.Modules.DetachModule/<>c__DisplayClass21_0	<Draw>g__GetForce|0	0.95	ilhash	-
method	SFS.Parts.Modules.DetachModule/NCHHDIOGCCK	OIJFAJNNGKN	SFS.Parts.Modules.DetachModule/<>c__DisplayClass22_0	<Detach>b__2	0.95	ilhash	-
field	SFS.Parts.Modules.DetachModule/OJOJILPJNEI	BPGFFFOJINI	SFS.Parts.Modules.DetachModule/DetachData	joint	0.80	shape	I
field	SFS.Parts.Modules.DetachModule/OJOJILPJNEI	OKCHLNGDNCL	SFS.Parts.Modules.DetachModule/DetachData	overlapSurface	0.80	shape	I
field	SFS.Parts.Modules.DetachModule/OJOJILPJNEI	FDCPJICAGGP	SFS.Parts.Modules.DetachModule/DetachData	connectionPosition	0.80	shape	I
field	SFS.Parts.Modules.DisableOnNoFlow	OPKAJNNNGIN	SFS.Parts.Modules.DisableOnNoFlow	previousFrameWasOn	0.80	shape	I
method	SFS.Parts.Modules.DockingPortModule	MDMNLBABLJB	SFS.Parts.Modules.DockingPortModule	UpdateIsDockable	0.95	ilhash	-
method	SFS.Parts.Modules.DockingPortModule	JNFNJHHAELE	SFS.Parts.Modules.DockingPortModule	EndCooldown	0.95	ilhash	-
method	SFS.Parts.Modules.DockingPortModule	HMEGPCABDAG	SFS.Parts.Modules.DockingPortModule	Dock	0.50	order-sig	-
method	SFS.Parts.Modules.DockingPortModule	KIJHBFGCODI	SFS.Parts.Modules.DockingPortModule	IsValidPort	0.95	ilhash	-
method	SFS.Parts.Modules.DockingPortModule	DAEAKMJKHMN	SFS.Parts.Modules.DockingPortModule	OnIsOccupiedChange	0.95	ilhash	-
method	SFS.Parts.Modules.DockingPortModule	AEBNOKDOLHM	SFS.Parts.Modules.DockingPortModule	OnIsDockableChange	0.95	ilhash	-
field	SFS.Parts.Modules.DockingPortModule	AMJDFLOPCLO	SFS.Parts.Modules.DockingPortModule	part	0.30	order	I
field	SFS.Parts.Modules.DockingPortModule	<KBCHNAHPKEE>k__BackingField	SFS.Parts.Modules.DockingPortModule	<Rocket>k__BackingField	0.30	order	I
field	SFS.Parts.Modules.DockingPortModule	CKBBDEJIIBN	SFS.Parts.Modules.DockingPortModule	portsInRange	0.80	shape	I
prop	SFS.Parts.Modules.DockingPortModule	LGBNFJCHPLN	SFS.Parts.Modules.DockingPortModule	Rocket	0.90	accessor	P
method	SFS.Parts.Modules.DockingPortModule/GPNOALKINIA	AEBKFGEMJJP	SFS.Parts.Modules.DockingPortModule/<>c__DisplayClass17_0	<UpdateOccupied>b__0	0.95	ilhash	-
method	SFS.Parts.Modules.DockingPortModule/NHNOPHMMPKB	IECNOIKNHBE	SFS.Parts.Modules.DockingPortModule/<>c__DisplayClass28_0	<Draw>g__GetMaxForce|1	0.95	ilhash	-
method	SFS.Parts.Modules.DockingPortModule/NHNOPHMMPKB	GPHIPEBNIDK	SFS.Parts.Modules.DockingPortModule/<>c__DisplayClass28_0	<Draw>g__SetForce|5	0.95	ilhash	-
method	SFS.Parts.Modules.DockingPortModule/NHNOPHMMPKB	LHENCJLMGBC	SFS.Parts.Modules.DockingPortModule/<>c__DisplayClass28_0	<Draw>b__2	0.95	ilhash	-
method	SFS.Parts.Modules.DockingPortModule/NHNOPHMMPKB	GBDIENKPLGF	SFS.Parts.Modules.DockingPortModule/<>c__DisplayClass28_0	<Draw>b__4	0.95	ilhash	-
method	SFS.Parts.Modules.DockingPortModule/NHNOPHMMPKB	GAICABJAOJJ	SFS.Parts.Modules.DockingPortModule/<>c__DisplayClass28_0	<Draw>b__3	0.95	ilhash	-
method	SFS.Parts.Modules.DockingPortModule/NHNOPHMMPKB	PGCANGOOLMK	SFS.Parts.Modules.DockingPortModule/<>c__DisplayClass28_0	<Draw>g__GetForce|0	0.95	ilhash	-
method	SFS.Parts.Modules.DockingPortModule/OKHKAKKPLOG	INGABDAFGCL	SFS.Parts.Modules.DockingPortModule/<>c__DisplayClass28_1	<Draw>b__6	0.95	ilhash	-
field	SFS.Parts.Modules.DockingPortTrigger	MMKLHEEONKA	SFS.Parts.Modules.DockingPortTrigger	rb2d	0.80	shape	I
field	SFS.Parts.Modules.DockingPortTrigger	FPHMIHOADFH	SFS.Parts.Modules.DockingPortTrigger	trigger	0.80	shape	I
field	SFS.Parts.Modules.DockingPortTrigger	AKNFJBMMFON	SFS.Parts.Modules.DockingPortTrigger	layer	0.80	shape	I
method	Double2	ILAAFFDKAEE	Double2	op_Multiply	0.95	ilhash	SP
method	Double2	PBALAFGCBAF	Double2	op_Addition	0.95	ilhash	SP
method	Double2	GPIOBCHLDPC	Double2	op_Subtraction	0.95	ilhash	SP
method	Double2	MDIFCABHAKG	Double2	op_Explicit	0.95	ilhash	SP
method	Double2	ADMAIOHNPJE	Double2	op_Inequality	0.95	ilhash	SP
method	Double2	HGHBBJAKDMC	Double2	Reflect	0.95	ilhash	SP
method	Double2	ACLAHNFCEPM	Double2	Angle	0.95	ilhash	SP
method	Double2	NHHBBOOLBKL	Double2	op_UnaryNegation	0.95	ilhash	SP
method	Double2	EOMHKCEEPMF	Double2	op_Implicit	0.95	ilhash	SP
method	Double2	FPLOLKJPNBO	Double2	CosSin	0.95	ilhash	SP
method	Double2	DDLDKELDODO	Double2	Mag_MoreThan	0.95	ilhash	P
method	Double2	NJODADDODLJ	Double2	SignedAngle	0.95	ilhash	SP
method	Double2	JEBJDILGFIE	Double2	Lerp	0.95	ilhash	SP
method	Double2	GGHLOCNJHKL	Double2	ToParsableString	0.95	ilhash	P
method	Double2	HLIEIIGMNAN	Double2	op_Division	0.95	ilhash	SP
method	Double2	HDLPCPMAMMI	Double2	op_Equality	0.95	ilhash	SP
method	Double2	AIOPBBKOJHG	Double2	Mag_LessThan	0.95	ilhash	P
method	Double2	EKIOGGKKDIO	Double2	ToDouble2	0.95	ilhash	SP
method	Double2	JOADALEJHNO	Double2	Dot	0.95	ilhash	SP
method	Double2	OMHOFJHLLFE	Double2	Rotate	0.95	ilhash	P
method	Double2	OACEDNEEELJ	Double2	Parse	0.95	ilhash	SP
method	SFS.Variables.Double2_Local	MFNOGGJCACK	SFS.Variables.Double2_Local	IsEqual	0.95	ilhash	V
method	Double3	PBALAFGCBAF	Double3	op_Addition	0.95	ilhash	SP
method	Double3	EOFALADONMK	Double3	AngleRadians	0.95	ilhash	P
method	Double3	ILAAFFDKAEE	Double3	op_Multiply	0.95	ilhash	SP
method	Double3	NHHBBOOLBKL	Double3	op_UnaryNegation	0.95	ilhash	SP
method	Double3	GPIOBCHLDPC	Double3	op_Subtraction	0.95	ilhash	SP
method	Double3	JOADALEJHNO	Double3	Dot	0.95	ilhash	SP
method	Double3	HLIEIIGMNAN	Double3	op_Division	0.95	ilhash	SP
method	Double3	OAKPCHPHBPC	Double3	ToDouble3	0.95	ilhash	SP
method	Double3	NNAFAHLFLPO	Double3	GetClosestPointOnLine	0.95	ilhash	SP
method	Double3	HDLPCPMAMMI	Double3	op_Equality	0.95	ilhash	SP
method	Double3	PADFAIPOAOF	Double3	GetPerpendicular	0.95	ilhash	SP
method	Double3	HAHOAJCFAEA	Double3	Cross	0.95	ilhash	SP
method	Double3	MDIFCABHAKG	Double3	op_Explicit	0.95	ilhash	SP
method	Double3	OMHOFJHLLFE	Double3	Rotate	0.95	ilhash	P
method	Double3	FPLOLKJPNBO	Double3	CosSin	0.95	ilhash	SP
method	Double3	EOMHKCEEPMF	Double3	op_Implicit	0.95	ilhash	SP
method	Double3	ADMAIOHNPJE	Double3	op_Inequality	0.95	ilhash	SP
method	SFS.Variables.Double3_Local	MFNOGGJCACK	SFS.Variables.Double3_Local	IsEqual	0.95	ilhash	V
method	SFS.Variables.Double_Local	MFNOGGJCACK	SFS.Variables.Double_Local	IsEqual	0.95	ilhash	V
method	SFS.Variables.Double_Reference	LJHJHCJGNCI	SFS.Variables.Double_Reference	GetVariableList	0.95	ilhash	VP
method	SFS.Variables.Double_Reference	MFNOGGJCACK	SFS.Variables.Double_Reference	IsEqual	0.95	ilhash	V
method	SFS.Variables.Double_Reference	HIBMENCNCON	SFS.Variables.Double_Reference	GetVariable	0.95	ilhash	VP
method	SFS.Builds.ECLJXDJANBQOAHET	LFMJFDCJKJB	SFS.Builds.UIDepthSorted	Validate	0.95	ilhash	-
method	SFS.Builds.ECLJXDJANBQOAHET	FLBBDGBLICG	SFS.Builds.UIDepthSorted	GetLayers	0.95	ilhash	-
method	SFS.World.ECVTNYZOANVWKPTT	GPEPBNPHEKC	SFS.World.TeleportMenu	SetOrbitType	0.95	ilhash	-
method	SFS.World.ECVTNYZOANVWKPTT	DKKAACKPAAO	SFS.World.TeleportMenu	UpdatePlanetSelector	0.95	ilhash	-
method	SFS.World.ECVTNYZOANVWKPTT	MAKFMGLHKNJ	SFS.World.TeleportMenu	<Start>g__UpdateLongitude|27_1	0.95	ilhash	-
method	SFS.World.ECVTNYZOANVWKPTT	MAKIJLLCGGF	SFS.World.TeleportMenu	<Start>b__27_4	0.95	ilhash	-
method	SFS.World.ECVTNYZOANVWKPTT	FAMNMBOPONB	SFS.World.TeleportMenu	<Start>b__27_2	0.95	ilhash	-
method	SFS.World.ECVTNYZOANVWKPTT	FHLKHMMGMOO	SFS.World.TeleportMenu	<Start>g__UpdateHeight|27_0	0.95	ilhash	-
method	SFS.World.ECVTNYZOANVWKPTT	OLIOJHEGOGF	SFS.World.TeleportMenu	SetSurfaceMode	0.95	ilhash	-
method	SFS.World.ECVTNYZOANVWKPTT	PMGGAKPCLKN	SFS.World.TeleportMenu	<GetFlatPlanetTree>g__AddRecursively|40_1	0.95	ilhash	S
method	SFS.World.ECVTNYZOANVWKPTT	FBCBONNLCJH	SFS.World.TeleportMenu	ConfirmTeleport	0.95	ilhash	-
method	SFS.World.ECVTNYZOANVWKPTT	FLDOKIHPHEH	SFS.World.TeleportMenu	SetOrbitMode	0.95	ilhash	-
method	SFS.World.ECVTNYZOANVWKPTT	BKOMMGLCLKE	SFS.World.TeleportMenu	OpenPlanetSelectMenu_Mobile	0.95	ilhash	-
method	SFS.World.ECVTNYZOANVWKPTT	COLAEGEDECM	SFS.World.TeleportMenu	UpdateUI	0.95	ilhash	-
method	SFS.World.ECVTNYZOANVWKPTT	DJFJHOLIHPD	SFS.World.TeleportMenu	<Start>b__27_5	0.95	ilhash	-
method	SFS.World.ECVTNYZOANVWKPTT	OAMIPAGCOJG	SFS.World.TeleportMenu	<Start>b__27_3	0.95	ilhash	-
method	SFS.World.ECVTNYZOANVWKPTT	DIIDMMLMFLM	SFS.World.TeleportMenu	<ConfirmTeleport>g__TeleportToLocation|38_0	0.95	ilhash	-
method	SFS.World.ECVTNYZOANVWKPTT	FPEAMOPMPOG	SFS.World.TeleportMenu	GetFlatPlanetTree	0.95	ilhash	-
method	SFS.World.ECVTNYZOANVWKPTT	KOJNDPKJLGE	SFS.World.TeleportMenu	GetMinMaxHeight	0.95	ilhash	-
method	SFS.World.ECVTNYZOANVWKPTT	JEBDEAIIHAB	SFS.World.TeleportMenu	CanTeleport	0.95	ilhash	-
field	SFS.World.ECVTNYZOANVWKPTT	OMKBPKOPIBO	SFS.World.TeleportMenu	selectedPlanet	0.30	order	I
field	SFS.World.ECVTNYZOANVWKPTT	ALDFFLMNGCC	SFS.World.TeleportMenu	createdElements	0.80	shape	I
field	SFS.World.ECVTNYZOANVWKPTT	MABNACCIPGK	SFS.World.TeleportMenu	prograde	0.30	order	I
field	SFS.World.ECVTNYZOANVWKPTT	JGKAAHBKICI	SFS.World.TeleportMenu	mode	0.30	order	I
field	SFS.World.ECVTNYZOANVWKPTT	PHIHJEANAJP	SFS.World.TeleportMenu	enteredInput	0.30	order	I
field	SFS.World.ECVTNYZOANVWKPTT	PNEFJHDECDM	SFS.World.TeleportMenu	longitude	0.30	order	I
field	SFS.World.ECVTNYZOANVWKPTT	IIPGNBOIMDN	SFS.World.TeleportMenu	height	0.30	order	I
method	SFS.World.ECVTNYZOANVWKPTT/<>c	BHKOHAJOEBE	SFS.World.TeleportMenu/<>c	<GetFlatPlanetTree>b__40_0	0.95	ilhash	-
method	SFS.World.ECVTNYZOANVWKPTT/GFIDLEEPHJM	GACOFBLPBJK	SFS.World.TeleportMenu/<>c__DisplayClass31_0	<OpenPlanetSelectMenu_Mobile>b__0	0.95	ilhash	-
method	EDJXDTTVYXYJAIED	ENFAGHPLGCF	TimeTracker	GetData	0.95	ilhash	S
method	EDJXDTTVYXYJAIED	KPOCJFPAHKM	TimeTracker	GetPathLast	0.95	ilhash	S
method	EDJXDTTVYXYJAIED	EKBHEJHAHLK	TimeTracker	TryGetData	0.95	ilhash	S
method	EDJXDTTVYXYJAIED	IHEFFBBJLDE	TimeTracker	WriteData	0.95	ilhash	S
method	EDJXDTTVYXYJAIED	OHHBNONHHLG	TimeTracker	GetTimeSince	0.95	ilhash	S
method	EDJXDTTVYXYJAIED	OPFCFOFOCGE	TimeTracker	get_PlaytimePath	0.95	ilhash	S
method	EDJXDTTVYXYJAIED	FOOANNCIBLK	TimeTracker	<Update>g__Increase|12_2	0.95	ilhash	S
method	EDJXDTTVYXYJAIED	DILFJJOKIEL	TimeTracker	GetPathFirst	0.95	ilhash	S
field	EDJXDTTVYXYJAIED	OJBIOHFFDDO	TimeTracker	sessionPlaytime	0.80	shape	I
field	EDJXDTTVYXYJAIED	NNMHNGDHKFE	TimeTracker	lastFrameTime	0.80	shape	I
method	EDJXDTTVYXYJAIED/<>c	JBOKGNHPIAD	TimeTracker/<>c	<Update>b__12_1	0.95	ilhash	-
method	EDJXDTTVYXYJAIED/<>c	ILKOANKLEHK	TimeTracker/<>c	<Update>b__12_0	0.95	ilhash	-
method	EEDJILCHCON	MJHMDMLBNGB	TextureUtility	FromFile	0.95	ilhash	SP
method	EEDJILCHCON	MCLOCLLKDLE	TextureUtility	SaveToFile	0.95	ilhash	SP
method	EEDJILCHCON	GGFADHAHHMG	TextureUtility	GetRemoteTexture	0.95	ilhash	SP
method	EEDJILCHCON	LNMMCHCFEOP	TextureUtility	GetReadableCopy	0.95	ilhash	SP
method	SFS.UI.EEFDGSVGVQXVTDZI	NDDKDAKIDAE	SFS.UI.FillSlider	GetDelta	0.95	ilhash	-
method	SFS.UI.EEFDGSVGVQXVTDZI	BJCHPEGOAMB	SFS.UI.FillSlider	TouchStay	0.95	ilhash	-
field	SFS.UI.EEFDGSVGVQXVTDZI	KCPEOMDAIGK	SFS.UI.FillSlider	fillAmount	0.80	shape	I
method	EFDPLPDEBDL	CDJJECONIHL	SFS.Input.TouchPosition	World	0.95	ilhash	P
field	EFDPLPDEBDL	AEGAMFIMGPH	SFS.Input.TouchPosition	pixel	0.80	shape	I
method	EFIOCJFDIGE	GDOKOOLENFE	SFS.Logs.MultiStep	OnConflict	0.95	ilhash	VP
method	EFIOCJFDIGE	OEOIAEBNAMI	SFS.Logs.MultiStep	IsCompleted	0.95	ilhash	VP
field	EFIOCJFDIGE	CBBOHNJBCGP	SFS.Logs.MultiStep	steps	0.80	shape	I
prop	EFJTAUCLRIWKAJXL	FAHNOBJLHDE	DevSettings	DisableAstronauts	0.90	accessor	P
prop	EFJTAUCLRIWKAJXL	MOHKENPEFMK	DevSettings	DisableNewBuild	0.90	accessor	P
prop	EFJTAUCLRIWKAJXL	NNIBDOIPFCO	DevSettings	FullVersion	0.90	accessor	P
prop	EFJTAUCLRIWKAJXL	OLOCPMFGLBF	DevSettings	ShowFullVersionButton	0.90	accessor	P
method	SFS.Career.EFSSXVLJQDGKJTGY	AHKOGKCNGMO	SFS.Career.TT_InfoData	SFS.Career.I_TechTreeData.get_Name_ID	0.95	ilhash	VN
method	SFS.Career.EFSSXVLJQDGKJTGY	AHLNCNMKNMM	SFS.Career.TT_InfoData	SFS.Career.I_TechTreeData.get_GrayOut	0.95	ilhash	VN
prop	SFS.Career.EFSSXVLJQDGKJTGY	KGACIFFFEPG	SFS.Career.TT_InfoData	CodeName	0.90	accessor	P
prop	SFS.Career.EFSSXVLJQDGKJTGY	NPGOBBLJEIK	SFS.Career.TT_InfoData	IsComplete	0.90	accessor	P
prop	SFS.Career.EFSSXVLJQDGKJTGY	GNILLGNIDJE	SFS.Career.TT_InfoData	Value	0.90	accessor	P
method	SFS.UI.EFXPDPOUJCSETZVL/<>c	DJDIPNIIEFD	SFS.UI.BuildMenuBar/<>c	<Start>b__3_0	0.95	ilhash	-
method	SFS.UI.EFXPDPOUJCSETZVL/<>c	EOFDDHDDODA	SFS.UI.BuildMenuBar/<>c	<Start>b__3_2	0.95	ilhash	-
method	SFS.UI.EFXPDPOUJCSETZVL/<>c	OJBPONCCMBK	SFS.UI.BuildMenuBar/<>c	<Start>b__3_3	0.95	ilhash	-
method	SFS.UI.EFXPDPOUJCSETZVL/<>c	BBBKPJDOLIE	SFS.UI.BuildMenuBar/<>c	<Start>b__3_5	0.95	ilhash	-
method	SFS.UI.EFXPDPOUJCSETZVL/<>c	BACOEINGHDG	SFS.UI.BuildMenuBar/<>c	<Start>b__3_1	0.95	ilhash	-
method	SFS.UI.EFXPDPOUJCSETZVL/<>c	BLGBEODNBOE	SFS.UI.BuildMenuBar/<>c	<Start>b__3_4	0.95	ilhash	-
method	SFS.Builds.EGLZOIKLDVBWLEMB	NDLNIFJCCLF	SFS.Builds.BuildCamera	OnCheatsChange	0.95	ilhash	-
method	SFS.Builds.EGLZOIKLDVBWLEMB	EAGDJCDKGHI	SFS.Builds.BuildCamera	get_MaxCameraDistance	0.95	ilhash	-
field	SFS.Builds.EGLZOIKLDVBWLEMB	BPJIMOPNFON	SFS.Builds.BuildCamera	velocity	0.80	shape	I
field	SFS.Builds.EGLZOIKLDVBWLEMB	JABAJHGAFHF	SFS.Builds.BuildCamera	zoomVelocity	0.80	shape	I
prop	SFS.Builds.EGLZOIKLDVBWLEMB	DOJHIHLPBMM	SFS.Builds.BuildCamera	CameraPosition	0.90	accessor	P
prop	SFS.Builds.EGLZOIKLDVBWLEMB	GAEBBMGGEKB	SFS.Builds.BuildCamera	CameraDistance	0.90	accessor	P
method	EHKCFNOIELF	MBBDFOFBOME	SFS.Parsers.Json.Exclusions.BaseExclusion	Exclude	0.75	virtual-order	VANP
prop	SFS.Career.EICIVXFSMGEIPUUY	MBMCHJABDAF	SFS.Career.AllowPerMode	Allowed	0.90	accessor	P
method	EJHBLNOOENI	LNNOFLGCPKI	Clipper2Lib.ClipperBase	DisposeIntersectNodes	0.95	ilhash	-
method	EJHBLNOOENI	HOPFLLEIJCE	Clipper2Lib.ClipperBase	GetDx	0.95	ilhash	S
method	EJHBLNOOENI	AGCEOFANFOL	Clipper2Lib.ClipperBase	set_ReverseSolution	0.95	ilhash	P
method	EJHBLNOOENI	GCLEFGPHCDP	Clipper2Lib.ClipperBase	IsContributingOpen	0.95	ilhash	-
method	EJHBLNOOENI	OBPBDEBECAD	Clipper2Lib.ClipperBase	PushHorz	0.95	ilhash	-
method	EJHBLNOOENI	LGBNFIGBNGG	Clipper2Lib.ClipperBase	DoHorizontal	0.95	ilhash	-
method	EJHBLNOOENI	KGENPIEMCCJ	Clipper2Lib.ClipperBase	SetWindCountForOpenPathEdge	0.95	ilhash	-
method	EJHBLNOOENI	NCJDOJFMIDF	Clipper2Lib.ClipperBase	AddLocalMinPoly	0.95	ilhash	-
method	EJHBLNOOENI	JANAFEIKFNP	Clipper2Lib.ClipperBase	PtsReallyClose	0.95	ilhash	S
method	EJHBLNOOENI	CJADFHFGOHJ	Clipper2Lib.ClipperBase	TopX	0.95	ilhash	S
method	EJHBLNOOENI	PGLDGGEOCFC	Clipper2Lib.ClipperBase	IntersectEdges	0.95	ilhash	-
method	EJHBLNOOENI	MEMPLOPDNED	Clipper2Lib.ClipperBase	IsMaxima	0.95	ilhash	S
method	EJHBLNOOENI	OJPPPDFHGPC	Clipper2Lib.ClipperBase	set_PreserveCollinear	0.95	ilhash	P
method	EJHBLNOOENI	ABKFGENPGND	Clipper2Lib.ClipperBase	DoSplitOp	0.95	ilhash	-
method	EJHBLNOOENI	FMEMODGEFHI	Clipper2Lib.ClipperBase	AddOutPt	0.95	ilhash	-
method	EJHBLNOOENI	GOGNFPAINGK	Clipper2Lib.ClipperBase	IsJoined	0.95	ilhash	S
method	EJHBLNOOENI	OGEONJAKAHI	Clipper2Lib.ClipperBase	UpdateHorzSegment	0.95	ilhash	S
method	EJHBLNOOENI	ILBGMABFEHF	Clipper2Lib.ClipperBase	Path1InsidePath2	0.95	ilhash	S
method	EJHBLNOOENI	BJHJMKBAIPP	Clipper2Lib.ClipperBase	SetHorzSegHeadingForward	0.95	ilhash	S
method	EJHBLNOOENI	KOLGOLCHHDJ	Clipper2Lib.ClipperBase	UncoupleOutRec	0.95	ilhash	S
method	EJHBLNOOENI	EIPFDAHMICE	Clipper2Lib.ClipperBase	Clear	0.95	ilhash	P
method	EJHBLNOOENI	EOHEAEGGNDO	Clipper2Lib.ClipperBase	GetPrevHotEdge	0.95	ilhash	S
method	EJHBLNOOENI	PKJINJPALMB	Clipper2Lib.ClipperBase	DisposeOutPt	0.95	ilhash	S
method	EJHBLNOOENI	CKCLOBLHEEN	Clipper2Lib.ClipperBase	SwapActives	0.95	ilhash	S
method	EJHBLNOOENI	MKKOBKOGJLH	Clipper2Lib.ClipperBase	BuildPaths	0.95	ilhash	-
method	EJHBLNOOENI	BDPFJGIBHPG	Clipper2Lib.ClipperBase	DoMaxima	0.95	ilhash	-
method	EJHBLNOOENI	NLBOIFCGMDI	Clipper2Lib.ClipperBase	CheckJoinLeft	0.95	ilhash	-
method	EJHBLNOOENI	EKIHECMIPPP	Clipper2Lib.ClipperBase	IsVerySmallTriangle	0.95	ilhash	S
method	EJHBLNOOENI	JOOAPBPJFFK	Clipper2Lib.ClipperBase	AddNewIntersectNode	0.95	ilhash	-
method	EJHBLNOOENI	ELBCJOMGPCH	Clipper2Lib.ClipperBase	UpdateEdgeIntoAEL	0.95	ilhash	-
method	EJHBLNOOENI	BCPCJDAINCD	Clipper2Lib.ClipperBase	SwapPositionsInAEL	0.95	ilhash	-
method	EJHBLNOOENI	BIDBGOLEGJC	Clipper2Lib.ClipperBase	EdgesAdjacentInAEL	0.95	ilhash	S
method	EJHBLNOOENI	EOHKDDPPIDN	Clipper2Lib.ClipperBase	IsHotEdge	0.95	ilhash	S
method	EJHBLNOOENI	PDONKAKDPEG	Clipper2Lib.ClipperBase	CheckBounds	0.95	ilhash	-
method	EJHBLNOOENI	IOABPMKLACJ	Clipper2Lib.ClipperBase	IsHorizontal	0.95	ilhash	S
method	EJHBLNOOENI	HOCNAJLKOOB	Clipper2Lib.ClipperBase	IsSamePolyType	0.95	ilhash	S
method	EJHBLNOOENI	HJAHGJLFFDH	Clipper2Lib.ClipperBase	PopHorz	0.95	ilhash	-
method	EJHBLNOOENI	PHLMJEACAGE	Clipper2Lib.ClipperBase	AddClip	0.95	ilhash	P
method	EJHBLNOOENI	AKFAFOIGLBE	Clipper2Lib.ClipperBase	PopScanline	0.95	ilhash	-
method	EJHBLNOOENI	KMFDNJFGEOJ	Clipper2Lib.ClipperBase	GetLastOp	0.95	ilhash	S
method	EJHBLNOOENI	HBFEOIOFLIA	Clipper2Lib.ClipperBase	IsValidClosedPath	0.95	ilhash	S
method	EJHBLNOOENI	KMKPDDNAKCI	Clipper2Lib.ClipperBase	GetCurrYMaximaVertex_Open	0.95	ilhash	S
method	EJHBLNOOENI	DGKGKJNBNFA	Clipper2Lib.ClipperBase	SetOwner	0.95	ilhash	S
method	EJHBLNOOENI	APICFFANIKN	Clipper2Lib.ClipperBase	IsValidOwner	0.95	ilhash	S
method	EJHBLNOOENI	COOPDJDPBOF	Clipper2Lib.ClipperBase	CheckJoinRight	0.95	ilhash	-
method	EJHBLNOOENI	BNNIIEJPMAK	Clipper2Lib.ClipperBase	CleanCollinear	0.95	ilhash	-
method	EJHBLNOOENI	GANHDEADOMB	Clipper2Lib.ClipperBase	ExecuteInternal	0.95	ilhash	-
method	EJHBLNOOENI	AMODJAAFJLH	Clipper2Lib.ClipperBase	IsContributingClosed	0.95	ilhash	-
method	EJHBLNOOENI	JIAHFKLEEKN	Clipper2Lib.ClipperBase	InsertRightEdge	0.95	ilhash	S
method	EJHBLNOOENI	KFPDNPGJEEF	Clipper2Lib.ClipperBase	ConvertHorzSegsToJoins	0.95	ilhash	-
method	EJHBLNOOENI	KECBHDDOPGB	Clipper2Lib.ClipperBase	Insert1Before2InSEL	0.95	ilhash	S
method	EJHBLNOOENI	ACIBHOIGPOO	Clipper2Lib.ClipperBase	AddOpenSubject	0.95	ilhash	P
method	EJHBLNOOENI	HCBFIGGLOPP	Clipper2Lib.ClipperBase	FixOutRecPts	0.95	ilhash	S
method	EJHBLNOOENI	BPIMBDNJMCG	Clipper2Lib.ClipperBase	ClearSolutionOnly	0.95	ilhash	-
method	EJHBLNOOENI	LFIDKHOEPDE	Clipper2Lib.ClipperBase	ProcessIntersectList	0.95	ilhash	-
method	EJHBLNOOENI	AIHLOBDNCML	Clipper2Lib.ClipperBase	GetMaximaPair	0.95	ilhash	S
method	EJHBLNOOENI	AKFJFMCILID	Clipper2Lib.ClipperBase	StartOpenPath	0.95	ilhash	-
method	EJHBLNOOENI	ILMCKJJDCLA	Clipper2Lib.ClipperBase	AddReuseableData	0.95	ilhash	-
method	EJHBLNOOENI	AMHHDAHDBBG	Clipper2Lib.ClipperBase	Split	0.95	ilhash	-
method	EJHBLNOOENI	ADNMOEOCDHK	Clipper2Lib.ClipperBase	GetCleanPath	0.95	ilhash	S
method	EJHBLNOOENI	MKNCFMLGGMI	Clipper2Lib.ClipperBase	GetBounds	0.95	ilhash	P
method	EJHBLNOOENI	BPOPFCIPKCH	Clipper2Lib.ClipperBase	AddPath	0.95	ilhash	-
method	EJHBLNOOENI	PENEKGILFCI	Clipper2Lib.ClipperBase	InsertLeftEdge	0.95	ilhash	-
method	EJHBLNOOENI	MBOCPIOPPLA	Clipper2Lib.ClipperBase	GetCurrYMaximaVertex	0.95	ilhash	S
method	EJHBLNOOENI	NAGJLALIHPG	Clipper2Lib.ClipperBase	IsOpen	0.95	ilhash	S
method	EJHBLNOOENI	HGPNILMDNJK	Clipper2Lib.ClipperBase	Area	0.95	ilhash	S
method	EJHBLNOOENI	NHPAJDMADBL	Clipper2Lib.ClipperBase	OutrecIsAscending	0.95	ilhash	S
method	EJHBLNOOENI	KEEJDIIADFF	Clipper2Lib.ClipperBase	SetWindCountForClosedPathEdge	0.95	ilhash	-
method	EJHBLNOOENI	OGLKBLIGMCM	Clipper2Lib.ClipperBase	get_ReverseSolution	0.95	ilhash	P
method	EJHBLNOOENI	GLHDINBKBHE	Clipper2Lib.ClipperBase	MoveSplits	0.95	ilhash	S
method	EJHBLNOOENI	BJCJCCFABGM	Clipper2Lib.ClipperBase	AddSubject	0.95	ilhash	P
method	EJHBLNOOENI	EFJFOIABILD	Clipper2Lib.ClipperBase	InsertScanline	0.95	ilhash	-
method	EJHBLNOOENI	NJAKHKOJCFG	Clipper2Lib.ClipperBase	AdjustCurrXAndCopyToSEL	0.95	ilhash	-
method	EJHBLNOOENI	IAOILFGINFK	Clipper2Lib.ClipperBase	DuplicateOp	0.95	ilhash	-
method	EJHBLNOOENI	KPKLCGBFNOA	Clipper2Lib.ClipperBase	IsHeadingLeftHorz	0.95	ilhash	S
method	EJHBLNOOENI	GELMPLIPBLJ	Clipper2Lib.ClipperBase	TrimHorz	0.95	ilhash	S
method	EJHBLNOOENI	MMPOJDADNMD	Clipper2Lib.ClipperBase	RecursiveCheckOwners	0.95	ilhash	-
method	EJHBLNOOENI	CMDCPGBDPPK	Clipper2Lib.ClipperBase	FindEdgeWithMatchingLocMin	0.95	ilhash	S
method	EJHBLNOOENI	GEBPDIOMMOE	Clipper2Lib.ClipperBase	IsValidAelOrder	0.95	ilhash	S
method	EJHBLNOOENI	OGGLJHKBBHP	Clipper2Lib.ClipperBase	SetSides	0.95	ilhash	S
method	EJHBLNOOENI	DJAGNLDLMNA	Clipper2Lib.ClipperBase	IsOdd	0.95	ilhash	S
method	EJHBLNOOENI	BKKFCJJOAFM	Clipper2Lib.ClipperBase	GetRealOutRec	0.95	ilhash	S
method	EJHBLNOOENI	JPABGJGJGDI	Clipper2Lib.ClipperBase	JoinOutrecPaths	0.95	ilhash	S
method	EJHBLNOOENI	MLJBEIENGCH	Clipper2Lib.ClipperBase	InsertLocalMinimaIntoAEL	0.95	ilhash	-
method	EJHBLNOOENI	LKGKCEDJDEB	Clipper2Lib.ClipperBase	NextVertex	0.95	ilhash	S
method	EJHBLNOOENI	FIIBJFLHHDP	Clipper2Lib.ClipperBase	PointInOpPolygon	0.95	ilhash	S
method	EJHBLNOOENI	PKNKKCKBGOA	Clipper2Lib.ClipperBase	AreaTriangle	0.95	ilhash	S
method	EJHBLNOOENI	ADHFOHBNNDL	Clipper2Lib.ClipperBase	BuildTree	0.95	ilhash	-
method	EJHBLNOOENI	BGCEJJFPDMM	Clipper2Lib.ClipperBase	DoIntersections	0.95	ilhash	-
method	EJHBLNOOENI	HFNEDGEMFFI	Clipper2Lib.ClipperBase	IsOpenEnd	0.95	ilhash	S
method	EJHBLNOOENI	JCOEBEIDDPO	Clipper2Lib.ClipperBase	PoolDeletedActive	0.95	ilhash	-
method	EJHBLNOOENI	HANLHPEFIGH	Clipper2Lib.ClipperBase	IsFront	0.95	ilhash	S
method	EJHBLNOOENI	MCFEGFMIHLI	Clipper2Lib.ClipperBase	AddToHorzSegList	0.95	ilhash	-
method	EJHBLNOOENI	DMNOAAHEHME	Clipper2Lib.ClipperBase	SwapFrontBackSides	0.95	ilhash	S
method	EJHBLNOOENI	JBJPDLIPFAH	Clipper2Lib.ClipperBase	SwapOutrecs	0.95	ilhash	S
method	EJHBLNOOENI	IPPENCKIHJD	Clipper2Lib.ClipperBase	get_PreserveCollinear	0.95	ilhash	P
method	EJHBLNOOENI	LEMFCGEPCMK	Clipper2Lib.ClipperBase	GetPolyType	0.95	ilhash	S
method	EJHBLNOOENI	FPPBIGGEICD	Clipper2Lib.ClipperBase	NewOutRec	0.95	ilhash	-
method	EJHBLNOOENI	JHKODAMDEKK	Clipper2Lib.ClipperBase	HorzSegSort	0.95	ilhash	S
method	EJHBLNOOENI	OONPAEFAKFP	Clipper2Lib.ClipperBase	ExtractFromSEL	0.95	ilhash	S
method	EJHBLNOOENI	BLGGBBALLJC	Clipper2Lib.ClipperBase	AddPaths	0.95	ilhash	-
method	EJHBLNOOENI	ADIIDGAIFKH	Clipper2Lib.ClipperBase	NewActive	0.95	ilhash	-
method	EJHBLNOOENI	BPINILGMNFG	Clipper2Lib.ClipperBase	HasLocMinAtY	0.95	ilhash	-
method	EJHBLNOOENI	BNOHIBKCOKO	Clipper2Lib.ClipperBase	ResetHorzDirection	0.95	ilhash	S
method	EJHBLNOOENI	MGLFBHJFHAC	Clipper2Lib.ClipperBase	IsHeadingRightHorz	0.95	ilhash	S
method	EJHBLNOOENI	EJNIGNKKNIC	Clipper2Lib.ClipperBase	BuildPath	0.95	ilhash	S
method	EJHBLNOOENI	GJKHPEFMFIG	Clipper2Lib.ClipperBase	PrevPrevVertex	0.95	ilhash	S
method	EJHBLNOOENI	KPFPDNCBEIN	Clipper2Lib.ClipperBase	SetDx	0.95	ilhash	S
method	EJHBLNOOENI	EPEOMGEDCOH	Clipper2Lib.ClipperBase	AddLocalMaxPoly	0.95	ilhash	-
method	EJHBLNOOENI	IJMMHMAEGKN	Clipper2Lib.ClipperBase	Reset	0.95	ilhash	-
method	EJHBLNOOENI	BDCDCKFDIHL	Clipper2Lib.ClipperBase	BuildIntersectList	0.95	ilhash	-
method	EJHBLNOOENI	DLCOECHDDCD	Clipper2Lib.ClipperBase	ProcessHorzJoins	0.95	ilhash	-
method	EJHBLNOOENI	NLMIHIDOKON	Clipper2Lib.ClipperBase	PopLocalMinima	0.95	ilhash	-
method	EJHBLNOOENI	AANNGILIOGC	Clipper2Lib.ClipperBase	DoTopOfScanbeam	0.95	ilhash	-
method	EJHBLNOOENI	HAAOCNAJEPO	Clipper2Lib.ClipperBase	CheckSplitOwner	0.95	ilhash	-
method	EJHBLNOOENI	AEGNHLOGMIO	Clipper2Lib.ClipperBase	DeleteFromAEL	0.95	ilhash	-
method	EJHBLNOOENI	APALANNDNPL	Clipper2Lib.ClipperBase	FixSelfIntersects	0.95	ilhash	-
field	EJHBLNOOENI	NMCFEFGBILN	Clipper2Lib.ClipperBase	_cliptype	0.30	order	I
field	EJHBLNOOENI	IDAOKNFKMGE	Clipper2Lib.ClipperBase	_fillrule	0.30	order	I
field	EJHBLNOOENI	FEKOGGMHIDK	Clipper2Lib.ClipperBase	_actives	0.30	order	I
field	EJHBLNOOENI	LAFMNGCCCLD	Clipper2Lib.ClipperBase	_sel	0.30	order	I
field	EJHBLNOOENI	POLCLEPCEKA	Clipper2Lib.ClipperBase	_freeActives	0.80	shape	I
field	EJHBLNOOENI	MDCABHBGNAJ	Clipper2Lib.ClipperBase	_minimaList	0.30	order	I
field	EJHBLNOOENI	GJDBLDBDEHM	Clipper2Lib.ClipperBase	_intersectList	0.30	order	I
field	EJHBLNOOENI	KBMHECIICJC	Clipper2Lib.ClipperBase	_vertexList	0.30	order	I
field	EJHBLNOOENI	DGJJCCBJDDH	Clipper2Lib.ClipperBase	_outrecList	0.30	order	I
field	EJHBLNOOENI	AIGNEOPBHNA	Clipper2Lib.ClipperBase	_scanlineList	0.80	shape	I
field	EJHBLNOOENI	HBEAMOLLHPE	Clipper2Lib.ClipperBase	_horzSegList	0.30	order	I
field	EJHBLNOOENI	IMOOEMKCDKH	Clipper2Lib.ClipperBase	_horzJoinList	0.30	order	I
field	EJHBLNOOENI	LCIBJDNMCLI	Clipper2Lib.ClipperBase	_outPtPool	0.30	order	I
field	EJHBLNOOENI	NOHFAEMFAMI	Clipper2Lib.ClipperBase	_currentLocMin	0.80	shape	I
field	EJHBLNOOENI	PMJPMMEFKBN	Clipper2Lib.ClipperBase	_currentBotY	0.80	shape	I
field	EJHBLNOOENI	HGLEPPCPFJK	Clipper2Lib.ClipperBase	_isSortedMinimaList	0.30	order	I
field	EJHBLNOOENI	GNPBCGOCHFH	Clipper2Lib.ClipperBase	_hasOpenPaths	0.30	order	I
field	EJHBLNOOENI	POGHPMCAKJM	Clipper2Lib.ClipperBase	_using_polytree	0.30	order	I
field	EJHBLNOOENI	LNCGOJHCJCA	Clipper2Lib.ClipperBase	_succeeded	0.30	order	I
field	EJHBLNOOENI	<KLDFCBKDIHE>k__BackingField	Clipper2Lib.ClipperBase	<PreserveCollinear>k__BackingField	0.30	order	I
field	EJHBLNOOENI	<EFGJFACBBHI>k__BackingField	Clipper2Lib.ClipperBase	<ReverseSolution>k__BackingField	0.30	order	I
method	EJNLHCHDICO	LMOJDPJFMBC	SFS.Parts.Modules.SurfaceUtility	SurfacesConnect	0.95	ilhash	SP
method	EJNLHCHDICO	FGMNHJJOLDM	SFS.Parts.Modules.SurfaceUtility	ShortestDistance	0.95	ilhash	S
method	EJNLHCHDICO	MBCFPGFHHFF	SFS.Parts.Modules.SurfaceUtility	BiggestOverlap	0.95	ilhash	S
method	EJNLHCHDICO	ABBJGBKOPLI	SFS.Parts.Modules.SurfaceUtility	Direction	0.95	ilhash	S
method	EJNLHCHDICO	LAOHKIEHGNJ	SFS.Parts.Modules.SurfaceUtility	DistanceToSegment	0.95	ilhash	S
method	EJNLHCHDICO	JMIIHOIMLDC	SFS.Parts.Modules.SurfaceUtility	OnLine	0.95	ilhash	S
method	EJNLHCHDICO	DKBABIKHHDI	SFS.Parts.Modules.SurfaceUtility	Intersect	0.95	ilhash	S
field	EJNLHCHDICO	GKIBDNIBEMM	SFS.Parts.Modules.SurfaceUtility	MaxDistance	0.30	order	S
field	EJNLHCHDICO	CFMNMJOEDLA	SFS.Parts.Modules.SurfaceUtility	MinOverlap	0.30	order	S
field	EJNLHCHDICO	BGAJHBPDDLN	SFS.Parts.Modules.SurfaceUtility	MaxAngleDiff	0.80	shape	S
method	EJNLHCHDICO/<>c	FBPDCBHICNF	SFS.Parts.Modules.SurfaceUtility/<>c	<SurfacesConnect>b__5_1	0.95	ilhash	-
method	EJNLHCHDICO/<>c	KIABCNBMBCH	SFS.Parts.Modules.SurfaceUtility/<>c	<SurfacesConnect>b__5_0	0.95	ilhash	-
method	EJOBEFENOEN	JMHDCCGNAHC	INJECTED_BUILD_ID	GetVersion	0.95	ilhash	SP
field	EJOBEFENOEN	BOGPIBMINBH	INJECTED_BUILD_ID	version	0.80	shape	S
method	EJPBIBJPDHG	CHNHAENKKKG	SFS.Core.SecurePlayerPrefs	GetString	0.95	ilhash	SP
method	EJPBIBJPDHG	JOABMHPIEME	SFS.Core.SecurePlayerPrefs	SetString	0.95	ilhash	SP
field	EMCFNCNPNHN	BJABNLPPCLN	SFS.Translations.Documentation	comment	0.80	shape	I
field	EMCFNCNPNHN	MODPPPKGNOI	SFS.Translations.Documentation	attachToGroup	0.30	order	I
field	EMCFNCNPNHN	PKBBDCGACMJ	SFS.Translations.Documentation	afterLine	0.30	order	I
method	EMONIICKIAN	KFLECIBJFED	VertexChain	ForceCounterClockWise	0.95	ilhash	P
method	EMONIICKIAN	NAEALENPPGE	VertexChain	PreviousVertex	0.95	ilhash	P
method	EMONIICKIAN	KMLNPPINKKJ	VertexChain	IsCounterClockWise	0.95	ilhash	P
method	EMONIICKIAN	GPMEHMBKAAC	VertexChain	PreviousIndex	0.95	ilhash	P
method	EMONIICKIAN	LKGKCEDJDEB	VertexChain	NextVertex	0.95	ilhash	P
method	EMONIICKIAN	AHOCNOOJEGH	VertexChain	NextIndex	0.95	ilhash	P
method	EMONIICKIAN	CNGJMJHMIMG	VertexChain	GetSignedArea	0.95	ilhash	P
method	EOAMAMOEGHJ	BHLLPCPAINB	Pool`1	set_Index	0.95	ilhash	-
method	EOAMAMOEGHJ	IJMMHMAEGKN	Pool`1	Reset	0.95	ilhash	P
method	EOAMAMOEGHJ	OMOJAJBDJBA	Pool`1	ResetIndex	0.95	ilhash	P
method	EOAMAMOEGHJ	HGAIAPIPDNK	Pool`1	get_Items	0.95	ilhash	P
method	EOAMAMOEGHJ	HNELEEEJGLB	Pool`1	get_Index	0.95	ilhash	P
method	EOAMAMOEGHJ	HLLJGDLLBFI	Pool`1	GetItem	0.95	ilhash	P
field	EOAMAMOEGHJ	MLIKDKFIOEP	Pool`1	createNew	0.80	shape	I
field	EOAMAMOEGHJ	NMFILMIFFMO	Pool`1	onReset	0.80	shape	I
field	EOAMAMOEGHJ	<LFDAGLJKKAO>k__BackingField	Pool`1	<Items>k__BackingField	0.80	shape	I
field	EOAMAMOEGHJ	<HMMCMLIGPMO>k__BackingField	Pool`1	<Index>k__BackingField	0.80	shape	I
method	EQUGNZIPDOHJHCTD	MLCBKLPCHIC	ObservableMonoBehaviour	SFS.Variables.I_ObservableMonoBehaviour.set_OnDestroy	0.95	ilhash	VN
method	EQUGNZIPDOHJHCTD	HCDHHODAIJP	ObservableMonoBehaviour	SFS.Variables.I_ObservableMonoBehaviour.get_OnDestroy	0.95	ilhash	VN
field	EQUGNZIPDOHJHCTD	MAKAIAOHHIN	ObservableMonoBehaviour	onDestroyDelegate	0.80	shape	I
field	EQZONRWYRIESFBJA	KAIPOODCPKN	MainThread	idle	0.80	shape	I
field	EQZONRWYRIESFBJA	AAGCAMBKCAN	MainThread	actionsQueue	0.30	order	I
field	EQZONRWYRIESFBJA	GAJLPHMBPNG	MainThread	actionsQueueCopy	0.30	order	I
method	SFS.World.ERYSSTEFLXUYSVSE	LDKCKOMFEPE	SFS.World.RocketManager	<GenerateJoints>g__Create|6_0	0.95	ilhash	S
method	SFS.World.ERYSSTEFLXUYSVSE	OGJFKOIDLJH	SFS.World.RocketManager	GetSpawnLocation	0.95	ilhash	S
method	SFS.World.ERYSSTEFLXUYSVSE	LCFDIFJPJGG	SFS.World.RocketManager	SpawnRockets	0.95	ilhash	S
method	SFS.World.ERYSSTEFLXUYSVSE	HDDINCHJLEJ	SFS.World.RocketManager	CreateRocket	0.95	ilhash	S
field	SFS.World.ERYSSTEFLXUYSVSE	MHMGEJNHEMC	SFS.World.RocketManager	prefab	0.80	shape	S
method	SFS.World.ERYSSTEFLXUYSVSE/<>c	LNHJKILFGOB	SFS.World.RocketManager/<>c	<SpawnBlueprint>b__5_1	0.95	ilhash	-
method	SFS.World.ERYSSTEFLXUYSVSE/<>c	DGKLNJAKCGE	SFS.World.RocketManager/<>c	<LoadRocket>b__9_0	0.95	ilhash	-
method	SFS.World.ERYSSTEFLXUYSVSE/<>c	PLLPFCHBLAH	SFS.World.RocketManager/<>c	<SpawnBlueprint>b__5_0	0.95	ilhash	-
field	SFS.World.ERYSSTEFLXUYSVSE/<>c	<>9__6_0	SFS.World.RocketManager/<>c	<>9__5_0	0.30	order	S
field	SFS.World.ERYSSTEFLXUYSVSE/<>c	<>9__6_1	SFS.World.RocketManager/<>c	<>9__5_1	0.30	order	S
field	SFS.World.ERYSSTEFLXUYSVSE/<>c	<>9__10_0	SFS.World.RocketManager/<>c	<>9__9_0	0.30	order	S
method	SFS.World.ERYSSTEFLXUYSVSE/BHFJKDHMJCH	EMLGKNIKDOH	SFS.World.RocketManager/<>c__DisplayClass10_0	<CreateRocket_Child>g__GetLocation|0	0.95	ilhash	-
method	SFS.World.ERYSSTEFLXUYSVSE/DDCHKDBNBEE	IHGAHOFDFCL	SFS.World.RocketManager/<>c__DisplayClass6_1	<GenerateJoints>b__1	0.95	ilhash	-
method	SFS.World.ERYSSTEFLXUYSVSE/DDCHKDBNBEE	KKMOLFKFCHL	SFS.World.RocketManager/<>c__DisplayClass6_1	<GenerateJoints>b__2	0.95	ilhash	-
method	SFS.World.ERYSSTEFLXUYSVSE/INJDLDLIEAL	HFMAMEHGDAG	SFS.World.RocketManager/<>c__DisplayClass9_0	<LoadRocket>b__2	0.95	ilhash	-
method	SFS.World.ERYSSTEFLXUYSVSE/INJDLDLIEAL	APNGLCNMLKN	SFS.World.RocketManager/<>c__DisplayClass9_0	<LoadRocket>b__1	0.95	ilhash	-
method	SFS.World.ERYSSTEFLXUYSVSE/KAPDJPFMBND	CELKNFPGDGL	SFS.World.RocketManager/<>c__DisplayClass7_0	<SpawnRockets>b__0	0.95	ilhash	-
method	SFS.UI.EWGILCEJOHEAYXXA	NONFDKGHCMF	SFS.UI.LayoutGroupUpdater	GetPreferredSize_Internal	0.95	ilhash	V
method	SFS.UI.EWGILCEJOHEAYXXA	DEPPADCBIMC	SFS.UI.LayoutGroupUpdater	SetSize_Internal	0.95	ilhash	V
method	SFS.World.EYOCBJXZMINJMQXO	NOPCJANGJNM	SFS.World.GameMenuLayout_Mobile	UpdateRightMenuEnabled	0.95	ilhash	-
method	SFS.World.EYOCBJXZMINJMQXO	DOIOOJGMPKM	SFS.World.GameMenuLayout_Mobile	OnPlayerChange	0.95	ilhash	-
method	SFS.Parts.Modules.EdgePipe	OGCHBCJOECB	SFS.Parts.Modules.EdgePipe	<Output>g__GetWidth|7_0	0.95	ilhash	-
method	SFS.Parts.Modules.EdgePipe	COJODFGGNIF	SFS.Parts.Modules.EdgePipe	I_InitializePartModule.get_Priority	0.95	ilhash	VN
method	SFS.Parts.Modules.EdgePipe	IDKECGCOFPB	SFS.Parts.Modules.EdgePipe	<Output>g__A|7_1	0.95	ilhash	-
method	SFS.Parts.Modules.EdgePipe	BOGBFJLCIGC	SFS.Parts.Modules.EdgePipe	I_InitializePartModule.Initialize	0.95	ilhash	VN
method	SFS.Parts.Modules.EngineEffects	BGOIBIFCHMD	SFS.Parts.Modules.EngineEffects	GetModules	0.95	ilhash	-
method	SFS.Parts.Modules.EngineEffects	HKCMJLEPLLF	SFS.Parts.Modules.EngineEffects	GetAtmospherePressure	0.95	ilhash	-
field	SFS.Parts.Modules.EngineEffects	HDGEIDLMLOF	SFS.Parts.Modules.EngineEffects	ThrottleSmoothTime	0.80	shape	S
field	SFS.Parts.Modules.EngineEffects	CAGGDMEKPID	SFS.Parts.Modules.EngineEffects	throttle	0.30	order	I
field	SFS.Parts.Modules.EngineEffects	GNJIHFJPGIE	SFS.Parts.Modules.EngineEffects	vacuum	0.30	order	I
method	SFS.Parts.Modules.EngineModule	LKKNNJLFJPF	SFS.Parts.Modules.EngineModule	EnableEngine	0.95	ilhash	-
method	SFS.Parts.Modules.EngineModule	GBCIHOPBPHM	SFS.Parts.Modules.EngineModule	RecalculateGimbal	0.95	ilhash	-
method	SFS.Parts.Modules.EngineModule	DIKLBMMHIJF	SFS.Parts.Modules.EngineModule	RecalculateMassFlow	0.50	order-sig	-
method	SFS.Parts.Modules.EngineModule	MJOOMKADJFH	SFS.Parts.Modules.EngineModule	get_Logger	0.95	ilhash	-
method	SFS.Parts.Modules.EngineModule	JCOKIMMGIOD	SFS.Parts.Modules.EngineModule	<Start>b__60_0	0.50	order-sig	-
method	SFS.Parts.Modules.EngineModule	HFNDGKJHDCH	SFS.Parts.Modules.EngineModule	SFS.World.Rocket.INJ_TurnAxisTorque.set_TurnAxis	0.95	ilhash	VN
method	SFS.Parts.Modules.EngineModule	MGHAEMDPPIC	SFS.Parts.Modules.EngineModule	SFS.World.Rocket.INJ_Throttle.set_Throttle	0.95	ilhash	VN
method	SFS.Parts.Modules.EngineModule	GDLPBFOKHPP	SFS.Parts.Modules.EngineModule	DisableEngine	0.95	ilhash	-
method	SFS.Parts.Modules.EngineModule	JFNPLMEAMIB	SFS.Parts.Modules.EngineModule	PositionFlameHitbox	0.95	ilhash	-
method	SFS.Parts.Modules.EngineModule	NJGCCJMMMGH	SFS.Parts.Modules.EngineModule	HasFuel	0.95	ilhash	-
method	SFS.Parts.Modules.EngineModule	HCCHIMKNFBK	SFS.Parts.Modules.EngineModule	Check	0.95	ilhash	-
method	SFS.Parts.Modules.EngineModule	JHBPMKHALPN	SFS.Parts.Modules.EngineModule	RecalculateEngineThrottle	0.95	ilhash	-
method	SFS.Parts.Modules.EngineModule	ABMPHMPOHNK	SFS.Parts.Modules.EngineModule	CheckOutOfFuel	0.95	ilhash	-
method	SFS.Parts.Modules.EngineModule	DMPOBNCKHJK	SFS.Parts.Modules.EngineModule	UpdateApplyPhysics	0.95	ilhash	-
field	SFS.Parts.Modules.EngineModule	PCKPDJPCCKM	SFS.Parts.Modules.EngineModule	originalPosition	0.80	shape	I
field	SFS.Parts.Modules.EngineModule	<ONIDCADDBNC>k__BackingField	SFS.Parts.Modules.EngineModule	<IsPlayer>k__BackingField	0.80	shape	I
field	SFS.Parts.Modules.EngineModule	<JPPKNJBLJNN>k__BackingField	SFS.Parts.Modules.EngineModule	<Rb2d>k__BackingField	0.80	shape	I
prop	SFS.Parts.Modules.EngineModule	HBKBGLHDLNI	SFS.Parts.Modules.EngineModule	ThrustAmount	0.90	accessor	P
prop	SFS.Parts.Modules.EngineModule	GAOLALMOOAA	SFS.Parts.Modules.EngineModule	ThrustNormal	0.90	accessor	P
prop	SFS.Parts.Modules.EngineModule	PDBFEJIJAGG	SFS.Parts.Modules.EngineModule	ThrustPosition	0.90	accessor	P
prop	SFS.Parts.Modules.EngineModule	BLFNHDBNFFD	SFS.Parts.Modules.EngineModule	HeatOn	0.90	accessor	P
prop	SFS.Parts.Modules.EngineModule	KFPLAEIPPJN	SFS.Parts.Modules.EngineModule	HeatHolder	0.90	accessor	P
prop	SFS.Parts.Modules.EngineModule	HAMBEPIJLKD	SFS.Parts.Modules.EngineModule	HeatHitbox	0.90	accessor	P
prop	SFS.Parts.Modules.EngineModule	LHFKJJJELGJ	SFS.Parts.Modules.EngineModule	ThrottleOut	0.90	accessor	P
prop	SFS.Parts.Modules.EngineModule	MFBCAIIJKJB	SFS.Parts.Modules.EngineModule	On	0.90	accessor	P
prop	SFS.Parts.Modules.EngineModule	GPOBBJCNLAA	SFS.Parts.Modules.EngineModule	Location	0.90	accessor	P
prop	SFS.Parts.Modules.EngineModule	DEINAFELJKG	SFS.Parts.Modules.EngineModule	IsPlayer	0.90	accessor	P
prop	SFS.Parts.Modules.EngineModule	CAFNJDCFPJG	SFS.Parts.Modules.EngineModule	Rb2d	0.90	accessor	P
method	SFS.Parts.Modules.EngineModule/<>c	PHNKKELEPCD	SFS.Parts.Modules.EngineModule/<>c	<Draw>b__57_4	0.95	ilhash	-
method	SFS.Parts.Modules.EngineModule/<>c	LFGAMACIAGH	SFS.Parts.Modules.EngineModule/<>c	<Draw>b__57_0	0.95	ilhash	-
field	SFS.Parts.Modules.EngineModule/<>c	<>9__60_0	SFS.Parts.Modules.EngineModule/<>c	<>9__57_0	0.30	order	S
field	SFS.Parts.Modules.EngineModule/<>c	<>9__60_4	SFS.Parts.Modules.EngineModule/<>c	<>9__57_4	0.30	order	S
method	SFS.Parts.Modules.EngineModule/FANGIIJAJAB	PNANMDMEIFK	SFS.Parts.Modules.EngineModule/<>c__DisplayClass57_0	<Draw>g__ToggleGimbal|9	0.95	ilhash	-
method	SFS.Parts.Modules.EngineModule/FANGIIJAJAB	GAICABJAOJJ	SFS.Parts.Modules.EngineModule/<>c__DisplayClass57_0	<Draw>b__7	0.95	ilhash	-
method	SFS.Parts.Modules.EngineModule/FANGIIJAJAB	PDKLCGDGLLD	SFS.Parts.Modules.EngineModule/<>c__DisplayClass57_0	<Draw>b__10	0.95	ilhash	-
method	SFS.Parts.Modules.EngineModule/FANGIIJAJAB	KIFEPBJJGFC	SFS.Parts.Modules.EngineModule/<>c__DisplayClass57_0	<Draw>b__6	0.95	ilhash	-
method	SFS.Parts.Modules.EngineModule/FANGIIJAJAB	INGABDAFGCL	SFS.Parts.Modules.EngineModule/<>c__DisplayClass57_0	<Draw>b__3	0.95	ilhash	-
method	SFS.Parts.Modules.EngineModule/FANGIIJAJAB	LHENCJLMGBC	SFS.Parts.Modules.EngineModule/<>c__DisplayClass57_0	<Draw>b__2	0.95	ilhash	-
method	SFS.Parts.Modules.EngineModule/FANGIIJAJAB	AFDEBGDLMKI	SFS.Parts.Modules.EngineModule/<>c__DisplayClass57_0	<Draw>g__ToggleEngineOn|8	0.95	ilhash	-
method	SFS.Parts.Modules.EngineModule/FANGIIJAJAB	IPNNDOJLKJN	SFS.Parts.Modules.EngineModule/<>c__DisplayClass57_0	<Draw>b__5	0.95	ilhash	-
method	SFS.Parts.Modules.EngineModule/FANGIIJAJAB	DDMKFEGGEIG	SFS.Parts.Modules.EngineModule/<>c__DisplayClass57_0	<Draw>b__1	0.95	ilhash	-
method	SFS.Parts.Modules.EngineModule/FANGIIJAJAB	GCMEJNKBMLE	SFS.Parts.Modules.EngineModule/<>c__DisplayClass57_0	<Draw>b__11	0.95	ilhash	-
method	SFS.Variables.Event_Local	PFNJPBMNPDF	SFS.Variables.Event_Local	remove_onChange	0.95	ilhash	-
method	SFS.Variables.Event_Local	PNOGFNPJAPM	SFS.Variables.Event_Local	add_onChange	0.95	ilhash	-
method	SFS.Variables.Event_Local	GPIOBCHLDPC	SFS.Variables.Event_Local	op_Subtraction	0.95	ilhash	SP
method	SFS.Variables.Event_Local	PBALAFGCBAF	SFS.Variables.Event_Local	op_Addition	0.95	ilhash	SP
method	SFS.Variables.Event_Local	DKPPBHIIIJA	SFS.Variables.Event_Local	Invoke	0.95	ilhash	P
method	SFS.Parts.Modules.ExternalVariableModule	NCFAEOOOILE	SFS.Parts.Modules.ExternalVariableModule	NormalizeAngle	0.95	ilhash	-
prop	SFS.Parts.Modules.ExternalVariableModule	LGBNFJCHPLN	SFS.Parts.Modules.ExternalVariableModule	Rocket	0.90	accessor	P
method	SFS.Translations.FCZGEGUNKBONQBXG	FEEJCGDODDM	SFS.Translations.TranslationSelector	<UpdateText>g__SetText|3_0	0.95	ilhash	S
method	SFS.Translations.FCZGEGUNKBONQBXG	IJNMKMOHAAN	SFS.Translations.TranslationSelector	UpdateText	0.95	ilhash	-
method	FDAHGNFHJLD	OEOIAEBNAMI	SFS.Logs.Step_Orbit	IsCompleted	0.95	ilhash	VP
field	FDAHGNFHJLD	JBJGLGBOLDL	SFS.Logs.Step_Orbit	orbit	0.80	shape	I
method	FDGKLONANOG	JCFKIHNDGGG	Clipper2Lib.VertexPoolList	Add	0.95	ilhash	P
method	SFS.World.FDSRFOVMOSYWOPPK	HKIKECNFIEF	SFS.World.ArrowkeysDrawer	PushTurnAxis	0.95	ilhash	-
method	SFS.World.FDSRFOVMOSYWOPPK	PBGMAGCCBJP	SFS.World.ArrowkeysDrawer	OnArrowkeysChange	0.95	ilhash	-
method	SFS.World.FDSRFOVMOSYWOPPK	AKEIIACJHIG	SFS.World.ArrowkeysDrawer	UpdateTurnAnimation	0.95	ilhash	-
method	SFS.World.FDSRFOVMOSYWOPPK	DGEJOFKPHCJ	SFS.World.ArrowkeysDrawer	PushDirectionalAxis	0.95	ilhash	-
method	SFS.World.FDSRFOVMOSYWOPPK	IAJBKGKPOAI	SFS.World.ArrowkeysDrawer	<PushDirectionalAxis>g__Reset|23_0	0.95	ilhash	-
method	SFS.World.FDSRFOVMOSYWOPPK	DOIOOJGMPKM	SFS.World.ArrowkeysDrawer	OnPlayerChange	0.95	ilhash	-
method	SFS.World.FDSRFOVMOSYWOPPK	HJAJFLPGAOL	SFS.World.ArrowkeysDrawer	UpdateShow	0.95	ilhash	-
method	SFS.World.FDSRFOVMOSYWOPPK	EGKNJOMKPDO	SFS.World.ArrowkeysDrawer	<Start>b__14_1	0.95	ilhash	-
method	SFS.World.FDSRFOVMOSYWOPPK	ONLLFNPNHLC	SFS.World.ArrowkeysDrawer	UpdateArrowkeysAnimation	0.95	ilhash	-
method	SFS.World.FDSRFOVMOSYWOPPK	JGAHJDEOBEO	SFS.World.ArrowkeysDrawer	OnHasControlChange	0.95	ilhash	-
method	SFS.World.FDSRFOVMOSYWOPPK	KINKHMCBPDI	SFS.World.ArrowkeysDrawer	<Start>g__ToggleRCS|14_0	0.95	ilhash	S
method	FEAABKBNDMN	LOGNOCALGCM	Clipper2Lib.Clipper	RectClipLines	0.95	ilhash	SP
method	FEAABKBNDMN	DFMOCGCPEAJ	Clipper2Lib.Clipper	ReversePaths	0.95	ilhash	SP
method	FEAABKBNDMN	OMGLOBIEEGO	Clipper2Lib.Clipper	IsPositive	0.95	ilhash	SP
method	FEAABKBNDMN	PMFFLPPFNGJ	Clipper2Lib.Clipper	SimplifyPath	0.95	ilhash	SP
method	FEAABKBNDMN	EEMGPPHDLMM	Clipper2Lib.Clipper	MinkowskiDiff	0.95	ilhash	SP
method	FEAABKBNDMN	FLHLDGHKNDN	Clipper2Lib.Clipper	RamerDouglasPeucker	0.95	ilhash	SP
method	FEAABKBNDMN	FADOHPDCFHK	Clipper2Lib.Clipper	Sqr	0.95	ilhash	SP
method	FEAABKBNDMN	LOJCGLHLBPH	Clipper2Lib.Clipper	MakePath	0.95	ilhash	SP
method	FEAABKBNDMN	FLEMAELIJJI	Clipper2Lib.Clipper	Triangulate	0.95	ilhash	SP
method	FEAABKBNDMN	JOHFPIFGNEA	Clipper2Lib.Clipper	Path64ToString	0.95	ilhash	SP
method	FEAABKBNDMN	DNJIBNBKKAC	Clipper2Lib.Clipper	Union	0.95	ilhash	SP
method	FEAABKBNDMN	IIOJAAGCFOB	Clipper2Lib.Clipper	StripDuplicates	0.95	ilhash	SP
method	FEAABKBNDMN	NFNCKMEDDHH	Clipper2Lib.Clipper	PathsDToString	0.95	ilhash	SP
method	FEAABKBNDMN	DKBABIKHHDI	Clipper2Lib.Clipper	Intersect	0.95	ilhash	SP
method	FEAABKBNDMN	GGNOBBPNMDO	Clipper2Lib.Clipper	StripNearDuplicates	0.95	ilhash	SP
method	FEAABKBNDMN	EABDHIICEOJ	Clipper2Lib.Clipper	InflatePaths	0.95	ilhash	SP
method	FEAABKBNDMN	FJPFBNEKMNE	Clipper2Lib.Clipper	TranslatePath	0.95	ilhash	SP
method	FEAABKBNDMN	MKNCFMLGGMI	Clipper2Lib.Clipper	GetBounds	0.95	ilhash	SP
method	FEAABKBNDMN	CIBKIMEMKBE	Clipper2Lib.Clipper	BooleanOp	0.95	ilhash	SP
method	FEAABKBNDMN	HKCBJAHOGLK	Clipper2Lib.Clipper	MinkowskiSum	0.95	ilhash	SP
method	FEAABKBNDMN	KPBIJHMBLJH	Clipper2Lib.Clipper	PointInPolygon	0.95	ilhash	SP
method	FEAABKBNDMN	DKFBHAOKHEF	Clipper2Lib.Clipper	MidPoint	0.95	ilhash	SP
method	FEAABKBNDMN	DEMBELAFCGL	Clipper2Lib.Clipper	ShowPolyPathStructure	0.95	ilhash	S
method	FEAABKBNDMN	MLGHNPGBKDF	Clipper2Lib.Clipper	Ellipse	0.95	ilhash	SP
method	FEAABKBNDMN	NPCIFEFMNHL	Clipper2Lib.Clipper	DistanceSqr	0.95	ilhash	SP
method	FEAABKBNDMN	FOEKINLOMFD	Clipper2Lib.Clipper	ScaleRect	0.95	ilhash	SP
method	FEAABKBNDMN	BBEPELBENCM	Clipper2Lib.Clipper	PathsD	0.95	ilhash	SP
method	FEAABKBNDMN	OCCLLHKKMLP	Clipper2Lib.Clipper	ScalePath	0.95	ilhash	SP
method	FEAABKBNDMN	CHFENDMLGFE	Clipper2Lib.Clipper	RectClip	0.95	ilhash	SP
method	FEAABKBNDMN	BPGMLEDEONH	Clipper2Lib.Clipper	get_InvalidRectD	0.95	ilhash	SP
method	FEAABKBNDMN	DDEDBDHKIEC	Clipper2Lib.Clipper	PathD	0.95	ilhash	SP
method	FEAABKBNDMN	AONNJCHDPFA	Clipper2Lib.Clipper	AddPolyNodeToPathsD	0.95	ilhash	S
method	FEAABKBNDMN	PADJBBOLLKA	Clipper2Lib.Clipper	RDP	0.95	ilhash	S
method	FEAABKBNDMN	NAPBALODLDF	Clipper2Lib.Clipper	ScalePoint64	0.95	ilhash	SP
method	FEAABKBNDMN	INCDJJCEBIC	Clipper2Lib.Clipper	ScalePointD	0.95	ilhash	SP
method	FEAABKBNDMN	PLIJAKKFANK	Clipper2Lib.Clipper	GetNext	0.95	ilhash	S
method	FEAABKBNDMN	LAGJGHKIJMI	Clipper2Lib.Clipper	Paths64	0.95	ilhash	SP
method	FEAABKBNDMN	KKFEGIGICHK	Clipper2Lib.Clipper	ReversePath	0.95	ilhash	SP
method	FEAABKBNDMN	PFMLIMNFLCL	Clipper2Lib.Clipper	SimplifyPaths	0.95	ilhash	SP
method	FEAABKBNDMN	NIIGBGHEHLI	Clipper2Lib.Clipper	Xor	0.95	ilhash	SP
method	FEAABKBNDMN	HGPNILMDNJK	Clipper2Lib.Clipper	Area	0.95	ilhash	SP
method	FEAABKBNDMN	BFHEJHPOIGI	Clipper2Lib.Clipper	Difference	0.95	ilhash	SP
method	FEAABKBNDMN	MENPJABLJNF	Clipper2Lib.Clipper	ScalePaths	0.95	ilhash	SP
method	FEAABKBNDMN	PDNGMANGEBH	Clipper2Lib.Clipper	get_InvalidRect64	0.95	ilhash	SP
method	FEAABKBNDMN	BKIKDCBPBNE	Clipper2Lib.Clipper	InflateRect	0.95	ilhash	SP
method	FEAABKBNDMN	ACJOPLHJIKF	Clipper2Lib.Clipper	GetPrior	0.95	ilhash	S
method	FEAABKBNDMN	HMBAHMCGBMD	Clipper2Lib.Clipper	PerpendicDistFromLineSqrd	0.95	ilhash	SP
method	FEAABKBNDMN	FNJNJJJFOCA	Clipper2Lib.Clipper	ScalePathD	0.95	ilhash	SP
method	FEAABKBNDMN	ADLNHFDOAFC	Clipper2Lib.Clipper	PathDToString	0.95	ilhash	SP
method	FEAABKBNDMN	FLHLDGHKNDN	Clipper2Lib.Clipper	ScalePathsD	0.95	ilhash	SP
method	FEAABKBNDMN	DBPBJIHKEPM	Clipper2Lib.Clipper	PolyTreeToPaths64	0.95	ilhash	SP
method	FEAABKBNDMN	PFMLIMNFLCL	Clipper2Lib.Clipper	TranslatePaths	0.95	ilhash	SP
method	FEAABKBNDMN	HDECLNGNEIP	Clipper2Lib.Clipper	AddPolyNodeToPaths	0.95	ilhash	SP
method	FEAABKBNDMN	PLPLJNBPJNB	Clipper2Lib.Clipper	PolyTreeToPathsD	0.95	ilhash	SP
method	FEAABKBNDMN	EOMIHOOAHAL	Clipper2Lib.Clipper	Paths64ToString	0.95	ilhash	SP
method	FEAABKBNDMN	JHNGCALBECG	Clipper2Lib.Clipper	ShowPolyTreeStructure	0.95	ilhash	SP
method	FEAABKBNDMN	NOHCACDOCNM	Clipper2Lib.Clipper	TrimCollinear	0.95	ilhash	SP
method	FEAABKBNDMN	FMIIMDMCEDF	Clipper2Lib.Clipper	Path64	0.95	ilhash	SP
method	FEAABKBNDMN	CMJDLDHADIA	Clipper2Lib.Clipper	PointsNearEqual	0.95	ilhash	SP
method	FEAABKBNDMN	JKAMDHOLHFK	Clipper2Lib.Clipper	OffsetPath	0.95	ilhash	SP
method	FEAABKBNDMN	LDLHEMNFLGG	Clipper2Lib.Clipper	ScalePaths64	0.95	ilhash	SP
method	FEAABKBNDMN	MLFJHALBCNB	Clipper2Lib.Clipper	ScalePath64	0.95	ilhash	SP
field	FEAABKBNDMN	OKHMBDNEHNC	Clipper2Lib.Clipper	invalidRect64	0.30	order	S
field	FEAABKBNDMN	ACPJCBJJKIL	Clipper2Lib.Clipper	invalidRectD	0.30	order	S
method	FECIPGEHKGC	MBBDFOFBOME	SFS.Parsers.Json.Exclusions.Exclusion`1	Exclude	0.75	virtual-order	VP
field	FECIPGEHKGC	MEJAKPCLBLC	SFS.Parsers.Json.Exclusions.Exclusion`1	names	0.80	shape	I
method	FECIPGEHKGC/MMHCNNBHHJL	MHHEMMAJNEN	SFS.Parsers.Json.Exclusions.Exclusion`1/<>c__DisplayClass2_0	<Exclude>b__0	0.95	ilhash	-
method	SFS.World.FFYWYJRSYHMQUFHL	IDGEDGBOJIE	SFS.World.GameSelector	Focus	0.95	ilhash	-
method	SFS.World.FFYWYJRSYHMQUFHL	PBGMDNFFODB	SFS.World.GameSelector	Target	0.95	ilhash	-
method	SFS.World.FFYWYJRSYHMQUFHL	NJIMKJAEPPH	SFS.World.GameSelector	CloseMenu	0.95	ilhash	-
method	SFS.World.FFYWYJRSYHMQUFHL	BNEINFIFPMI	SFS.World.GameSelector	SwitchTo	0.95	ilhash	-
method	SFS.World.FFYWYJRSYHMQUFHL	DOOMNHICFKM	SFS.World.GameSelector	EndMission	0.95	ilhash	-
method	SFS.World.FFYWYJRSYHMQUFHL	KMIHBFGJGGK	SFS.World.GameSelector	OnSelectedChange	0.95	ilhash	-
method	SFS.World.FFYWYJRSYHMQUFHL	PONGFCEJMNB	SFS.World.GameSelector	Rename	0.95	ilhash	-
method	SFS.World.FFYWYJRSYHMQUFHL	CCCDMJJHOPA	SFS.World.GameSelector	<LateUpdate>g__IsAstronautInRange|22_0	0.95	ilhash	S
method	SFS.World.FFYWYJRSYHMQUFHL	NNLCIHGFOAE	SFS.World.GameSelector	UpdateSelected	0.95	ilhash	-
method	SFS.World.FFYWYJRSYHMQUFHL	HLLBNNKDEBM	SFS.World.GameSelector	<Start>b__13_0	0.95	ilhash	-
method	SFS.World.FFYWYJRSYHMQUFHL	NPFBNLFKIKJ	SFS.World.GameSelector	<Start>b__13_1	0.95	ilhash	-
method	SFS.World.FFYWYJRSYHMQUFHL/MIGABLKEKHI	EDFENOFHLEH	SFS.World.GameSelector/<>c__DisplayClass17_0	<Rename>b__0	0.95	ilhash	-
method	SFS.World.FFYWYJRSYHMQUFHL/MIGABLKEKHI	FKEGKKAHALB	SFS.World.GameSelector/<>c__DisplayClass17_0	<Rename>g__ApplyRename|1	0.95	ilhash	-
method	SFS.World.FFYWYJRSYHMQUFHL/Selectable_Local	MFNOGGJCACK	SFS.World.GameSelector/Selectable_Local	IsEqual	0.95	ilhash	V
method	FGAJJECOCEN	EIPFDAHMICE	Clipper2Lib.ReuseableDataContainer64	Clear	0.95	ilhash	P
method	FGAJJECOCEN	BLGGBBALLJC	Clipper2Lib.ReuseableDataContainer64	AddPaths	0.95	ilhash	P
field	FGAJJECOCEN	MDCABHBGNAJ	Clipper2Lib.ReuseableDataContainer64	_minimaList	0.80	shape	I
field	FGAJJECOCEN	KBMHECIICJC	Clipper2Lib.ReuseableDataContainer64	_vertexList	0.80	shape	I
method	FGFEEPAFBNE	CEBCJMPOJKC	SFS.Tween.TweenManager	TweenRotateAsync	0.95	ilhash	S
method	FGFEEPAFBNE	POGGKPIDIDB	SFS.Tween.TweenManager	TweenFloatAsync	0.95	ilhash	S
method	FGFEEPAFBNE	FDAMACBDMME	SFS.Tween.TweenManager	TweenLocalRotateAsync	0.95	ilhash	S
method	FGFEEPAFBNE	MKNLIPIHDJM	SFS.Tween.TweenManager	GetColorWithOpacity	0.95	ilhash	S
method	FGFEEPAFBNE	NNDKFFKHJLA	SFS.Tween.TweenManager	TweenRotate	0.95	ilhash	SP
method	FGFEEPAFBNE	OHPFOIHCAKO	SFS.Tween.TweenManager	TweenLocalRotate	0.95	ilhash	SP
method	FGFEEPAFBNE	HPJHDNPKPOD	SFS.Tween.TweenManager	TweenColorAsync	0.95	ilhash	S
method	FGFEEPAFBNE	FJAOJAIPJDF	SFS.Tween.TweenManager	TweenKill	0.95	ilhash	SP
method	FGFEEPAFBNE	GMCLAIGGCPD	SFS.Tween.TweenManager	DelayCall	0.95	ilhash	SP
method	FGFEEPAFBNE	KDGLNAFNFNM	SFS.Tween.TweenManager	TweenColor	0.95	ilhash	SP
method	FGFEEPAFBNE	FNIONPONNMJ	SFS.Tween.TweenManager	TweenFadeAsync	0.95	ilhash	S
method	FGFEEPAFBNE	KBNOBMLKBBH	SFS.Tween.TweenManager	TweenFloat	0.95	ilhash	SP
method	FGFEEPAFBNE	AHLLGPPLDHL	SFS.Tween.TweenManager	TweenFade	0.95	ilhash	SP
method	FGFEEPAFBNE	PEHCNPKHKAG	SFS.Tween.TweenManager	DelayCallAsync	0.95	ilhash	S
field	FGFEEPAFBNE	NEGOFEJNIDC	SFS.Tween.TweenManager	runningTasks	0.80	shape	S
method	SFS.World.FGNINTQHAYYORSFA	JOABBILELIK	SFS.World.Throttle	UpdateThrottle	0.95	ilhash	-
method	FHACPLNBFOG	PMIMJJBFLFO	SFS.Input.TouchElements	PointcastElement	0.95	ilhash	SP
method	FHACPLNBFOG	MDCPPNMEFFI	SFS.Input.TouchElements	SortCompare	0.95	ilhash	S
method	FHACPLNBFOG	NFGINCNKKAA	SFS.Input.TouchElements	AddElement	0.95	ilhash	SP
method	FHACPLNBFOG	NMJKPOCOENE	SFS.Input.TouchElements	RaycastElements	0.95	ilhash	SP
method	FHACPLNBFOG	EIEOFOOIJJM	SFS.Input.TouchElements	GetPriority	0.95	ilhash	SP
method	FHACPLNBFOG	ILKKPMNLLFB	SFS.Input.TouchElements	RemoveElement	0.95	ilhash	SP
method	FHACPLNBFOG	OPKDJCMOKCD	SFS.Input.TouchElements	GetElementsHash	0.95	ilhash	S
method	FHACPLNBFOG	PCGNHEANHLH	SFS.Input.TouchElements	RaycastElements_MouseScroll	0.95	ilhash	SP
field	FHACPLNBFOG	PDDHFPIJBEE	SFS.Input.TouchElements	elements	0.80	shape	S
field	FHACPLNBFOG	IAFDGPNKPBL	SFS.Input.TouchElements	listHash	0.80	shape	S
field	FHACPLNBFOG	KDOJGEODCIA	SFS.Input.TouchElements	transformCanvases	0.80	shape	S
method	FHBEIJJBHBC	IDNALPPAHDE	CallbackAwaitable`1	Finish	0.95	ilhash	P
method	FHBEIJJBHBC	NHLBIKAPONF	CallbackAwaitable`1	ScheduleContinuation	0.95	ilhash	-
method	FHBEIJJBHBC	JJMJDKPFLEE	CallbackAwaitable`1	GetAwaiter	0.95	ilhash	P
method	FHBEIJJBHBC	GHAEFLFPCIL	CallbackAwaitable`1	RunToCompletionAndGetResult	0.95	ilhash	-
method	FHBEIJJBHBC	CNICAJPGDJG	CallbackAwaitable`1	get_Result	0.95	ilhash	P
method	FHBEIJJBHBC	FGHOJFHFBJK	CallbackAwaitable`1	get_IsCompleted	0.95	ilhash	P
method	FHBEIJJBHBC	KGHOILLMILB	CallbackAwaitable`1	ConfigureAwait	0.95	ilhash	P
field	FHBEIJJBHBC	GJFLLNAOIHA	CallbackAwaitable`1	isCompleted	0.80	shape	I
field	FHBEIJJBHBC	AGOLLPDKMLC	CallbackAwaitable`1	result	0.80	shape	I
field	FHBEIJJBHBC	HOBPMOGHNJE	CallbackAwaitable`1	continuation	0.80	shape	I
method	FHEKAHJEOAM	IAKCLJKLLON	FileLocations	WriteNotification	0.95	ilhash	SP
method	FHEKAHJEOAM	JBKHCCDGLGE	FileLocations	get_WorldsFolder	0.95	ilhash	SP
method	FHEKAHJEOAM	PEJIHAPLNBF	FileLocations	get_BlueprintsFolder	0.95	ilhash	SP
method	FHEKAHJEOAM	BKHDCDPFEMK	FileLocations	get_TranslationCacheFolder	0.95	ilhash	SP
method	FHEKAHJEOAM	AFIDOMNEHGF	FileLocations	get_CustomAssetsFolder	0.95	ilhash	SP
method	FHEKAHJEOAM	GBHKMGMJONA	FileLocations	get_CustomAssetsFolderOld	0.95	ilhash	SP
method	FHEKAHJEOAM	JDPEBGBGNMF	FileLocations	get_SavingFolder	0.95	ilhash	SP
method	FHEKAHJEOAM	IBJJDOFNFOL	FileLocations	Write	0.95	ilhash	S
method	FHEKAHJEOAM	DADFMJBBKBK	FileLocations	GetNotificationsPath	0.95	ilhash	SP
method	FHEKAHJEOAM	FMODIJIHLEH	FileLocations	GetCount	0.95	ilhash	SP
method	FHEKAHJEOAM	NOPCICGOBFM	FileLocations	get_SolarSystemsFolder	0.95	ilhash	SP
method	FHEKAHJEOAM	JJDNIMKANHM	FileLocations	GetBaseFolder	0.95	ilhash	SP
method	FHEKAHJEOAM	ILBBCPMJOCN	FileLocations	get_ModsFolder	0.95	ilhash	SP
method	FHEKAHJEOAM	OBPPGLGCDNL	FileLocations	get_LogsFolder	0.95	ilhash	SP
method	FHEKAHJEOAM	JLIIGEDIHPA	FileLocations	GetOneTimeNotification	0.95	ilhash	SP
method	FHEKAHJEOAM	LANIGOJHADD	FileLocations	get_PublicTranslationFolder	0.95	ilhash	SP
method	FHEKAHJEOAM	BEIIKGPIMAD	FileLocations	get_CacheFolder	0.95	ilhash	SP
method	FHEKAHJEOAM	MLMAOIIEOJJ	FileLocations	IncreaseCount	0.95	ilhash	SP
method	FHEKAHJEOAM	FBDHEMGPHCI	FileLocations	HasNotification	0.95	ilhash	SP
method	FHEKAHJEOAM	MOHNAAPEMOC	FileLocations	GetOneTimeNotification_Repeated	0.95	ilhash	SP
method	FHEKAHJEOAM	MJJIGPPPPEK	FileLocations	GetSettingsPath	0.95	ilhash	SP
method	FHEKAHJEOAM	JDIJHMNNIGL	FileLocations	get_SaveInGameFolder	0.95	ilhash	S
field	FHEKAHJEOAM	PMLJGEGCKBB	FileLocations	androidLegacyStorage	0.30	order	S
field	FHEKAHJEOAM	OPCLOFPEIOK	FileLocations	androidNewStorage	0.30	order	S
field	FHEKAHJEOAM	GAJIEHELBJM	FileLocations	androidMigrationMarkerFile	0.30	order	S
field	FHEKAHJEOAM	LIEABIPLGMO	FileLocations	divertAndroidToMediaFolder	0.80	shape	S
method	FHFFPEAOKDO	PDPALMFFDFA	SFS.Parts.Modules.I_PartMenu	Draw	0.75	virtual-order	VANP
method	FIGDIPFMPAL	NLPEMGOBIAG	Firebase.Internal.HttpHelpers	ValidateHttpResponse	0.95	ilhash	S
method	FIGDIPFMPAL	CNOEBAPCAKM	Firebase.Internal.HttpHelpers	SetRequestHeaders	0.95	ilhash	S
method	FIMDJOEFFAN	MNLEPFGAGOM	SFS.UI.Rect_Utility	GetLocalPosition	0.95	ilhash	SP
method	FIMDJOEFFAN	DMGEDJAGMEH	SFS.UI.Rect_Utility	Rect	0.95	ilhash	SP
method	FIMDJOEFFAN	DOPGCHIEBPJ	SFS.UI.Rect_Utility	SetPosition	0.95	ilhash	SP
method	FIMDJOEFFAN	IFPIBJFEHKP	SFS.UI.Rect_Utility	GetWorldPosition	0.95	ilhash	SP
field	FJACGGEFJOP	FFELPJHFPDK	Clipper2Lib.Vertex	pt	0.30	order	I
field	FJACGGEFJOP	GGPBPHLBMIJ	Clipper2Lib.Vertex	next	0.30	order	I
field	FJACGGEFJOP	HHDLLGNJHFM	Clipper2Lib.Vertex	prev	0.30	order	I
field	FJACGGEFJOP	CIAEJLIGLFK	Clipper2Lib.Vertex	flags	0.30	order	I
method	FKFIMJIMCBH	EOMHKCEEPMF	SFS.Parsers.Regex.SimpleRegex	op_Implicit	0.95	ilhash	SP
method	FKFIMJIMCBH	APLBHHAPDBA	SFS.Parsers.Regex.SimpleRegex	Input	0.95	ilhash	P
method	FKFIMJIMCBH	CPDLCCEAADE	SFS.Parsers.Regex.SimpleRegex	Next	0.95	ilhash	P
method	FKFIMJIMCBH	IPFAHKJEFJG	SFS.Parsers.Regex.SimpleRegex	get_Regex	0.95	ilhash	P
method	FKFIMJIMCBH	LCHDHLIOFFH	SFS.Parsers.Regex.SimpleRegex	GetGroup	0.95	ilhash	P
method	FKFIMJIMCBH	MCPFFBBJHJB	SFS.Parsers.Regex.SimpleRegex	set_Match	0.95	ilhash	-
method	FKFIMJIMCBH	PMMOIPOCCBM	SFS.Parsers.Regex.SimpleRegex	get_Match	0.95	ilhash	P
method	FKFIMJIMCBH	PPJOADCOHPC	SFS.Parsers.Regex.SimpleRegex	set_Regex	0.95	ilhash	-
field	FKFIMJIMCBH	<IFKMNCDLDAC>k__BackingField	SFS.Parsers.Regex.SimpleRegex	<Regex>k__BackingField	0.80	shape	I
field	FKFIMJIMCBH	<JMNIKHFFLLP>k__BackingField	SFS.Parsers.Regex.SimpleRegex	<Match>k__BackingField	0.80	shape	I
method	FKFJDEJLOFH	APPOPCEBLIB	Clipper2Lib.RectClip64	UnlinkOpBack	0.95	ilhash	S
method	FKFJDEJLOFH	NJAIKBEKOCG	Clipper2Lib.RectClip64	GetLocation	0.95	ilhash	S
method	FKFJDEJLOFH	DKHCFBCGFBJ	Clipper2Lib.RectClip64	UncoupleEdge	0.95	ilhash	S
method	FKFJDEJLOFH	MCMOMOKHOFD	Clipper2Lib.RectClip64	GetNextLocation	0.95	ilhash	-
method	FKFJDEJLOFH	BHHKNIMCCED	Clipper2Lib.RectClip64	GetAdjacentLocation	0.95	ilhash	S
method	FKFJDEJLOFH	JCFKIHNDGGG	Clipper2Lib.RectClip64	Add	0.95	ilhash	-
method	FKFJDEJLOFH	ALGPPPCAFAD	Clipper2Lib.RectClip64	GetIntersection	0.95	ilhash	S
method	FKFJDEJLOFH	DHEBKCONBOD	Clipper2Lib.RectClip64	CheckEdges	0.95	ilhash	-
method	FKFJDEJLOFH	NKHMJGOOMJH	Clipper2Lib.RectClip64	IsHeadingClockwise	0.95	ilhash	S
method	FKFJDEJLOFH	FPHBLGBNKNL	Clipper2Lib.RectClip64	StartLocsAreClockwise	0.95	ilhash	S
method	FKFJDEJLOFH	NNPFFEAGLBP	Clipper2Lib.RectClip64	Execute	0.95	ilhash	P
method	FKFJDEJLOFH	CKGLMJHGNPP	Clipper2Lib.RectClip64	GetPath	0.95	ilhash	S
method	FKFJDEJLOFH	GJHOPEPDAEP	Clipper2Lib.RectClip64	HasVertOverlap	0.95	ilhash	S
method	FKFJDEJLOFH	MOFLENAECBP	Clipper2Lib.RectClip64	SetNewOwner	0.95	ilhash	S
method	FKFJDEJLOFH	FAANMCNEAMJ	Clipper2Lib.RectClip64	TidyEdgePair	0.95	ilhash	-
method	FKFJDEJLOFH	GMGEDDILAIG	Clipper2Lib.RectClip64	UnlinkOp	0.95	ilhash	S
method	FKFJDEJLOFH	AHFMHOPOEHI	Clipper2Lib.RectClip64	GetEdgesForPt	0.95	ilhash	S
method	FKFJDEJLOFH	LKNMAGBCBIM	Clipper2Lib.RectClip64	AreOpposites	0.95	ilhash	S
method	FKFJDEJLOFH	JDGKIOKGGAB	Clipper2Lib.RectClip64	HeadingClockwise	0.95	ilhash	S
method	FKFJDEJLOFH	KGLPOCEPIGA	Clipper2Lib.RectClip64	Path1ContainsPath2	0.95	ilhash	S
method	FKFJDEJLOFH	MONAFOCCBKH	Clipper2Lib.RectClip64	AddCorner	0.95	ilhash	-
method	FKFJDEJLOFH	GANHDEADOMB	Clipper2Lib.RectClip64	ExecuteInternal	0.95	ilhash	-
method	FKFJDEJLOFH	ICNGNIPLNMM	Clipper2Lib.RectClip64	HasHorzOverlap	0.95	ilhash	S
method	FKFJDEJLOFH	CELCCHOPOGE	Clipper2Lib.RectClip64	AddToEdge	0.95	ilhash	S
method	FKFJDEJLOFH	IOABPMKLACJ	Clipper2Lib.RectClip64	IsHorizontal	0.95	ilhash	S
method	FKFJDEJLOFH	GAKJMINBNFA	Clipper2Lib.RectClip64	GetSegmentIntersection	0.95	ilhash	S
method	FKFJDEJLOFH	HKHBKPNACON	Clipper2Lib.RectClip64	IsClockwise	0.95	ilhash	S
field	FKFJDEJLOFH	GGBHLKEHMNE	Clipper2Lib.RectClip64	rect_	0.30	order	I
field	FKFJDEJLOFH	PPBDOOMPOCD	Clipper2Lib.RectClip64	mp_	0.30	order	I
field	FKFJDEJLOFH	LNHOIJOCLGP	Clipper2Lib.RectClip64	rectPath_	0.30	order	I
field	FKFJDEJLOFH	JBDOOHENFBP	Clipper2Lib.RectClip64	pathBounds_	0.30	order	I
field	FKFJDEJLOFH	DLIKDECEDKK	Clipper2Lib.RectClip64	results_	0.80	shape	I
field	FKFJDEJLOFH	IFDPGKGHCMH	Clipper2Lib.RectClip64	edges_	0.80	shape	I
field	FKFJDEJLOFH	CGLNELLEEAO	Clipper2Lib.RectClip64	currIdx_	0.80	shape	I
method	SFS.Input.FKLISGDACKSGYOGK	LOCEIPBDGIE	SFS.Input.KeyBinder	<GetDisplayName>g__GetString|12_0	0.95	ilhash	S
method	SFS.Input.FKLISGDACKSGYOGK	KJNHDNMJFBP	SFS.Input.KeyBinder	<Initialize>b__6_0	0.95	ilhash	-
method	SFS.Input.FKLISGDACKSGYOGK	AEANJOPNFKP	SFS.Input.KeyBinder	GetDisplayName	0.95	ilhash	S
method	SFS.Input.FKLISGDACKSGYOGK	MBPCNFPECFE	SFS.Input.KeyBinder	<Initialize>b__6_1	0.95	ilhash	-
field	SFS.Input.FKLISGDACKSGYOGK	IFEJNKFMGCN	SFS.Input.KeyBinder	holder	0.80	shape	I
field	SFS.Input.FKLISGDACKSGYOGK	HENADKBFHDC	SFS.Input.KeyBinder	key	0.30	order	I
field	SFS.Input.FKLISGDACKSGYOGK	GALHAGIIDHB	SFS.Input.KeyBinder	apply	0.80	shape	I
field	SFS.Input.FKLISGDACKSGYOGK	HCCHDFHKHLK	SFS.Input.KeyBinder	defaultKey	0.30	order	I
prop	SFS.Input.FKLISGDACKSGYOGK	BDFDPJFAOKO	SFS.Input.KeyBinder	PauseWhileOpen	0.90	accessor	P
method	FLBJEAJCCDI	HDLPCPMAMMI	Clipper2Lib.PointD	op_Equality	0.95	ilhash	SP
method	FLBJEAJCCDI	ADMAIOHNPJE	Clipper2Lib.PointD	op_Inequality	0.95	ilhash	SP
method	FLBJEAJCCDI	JDDCAFLHHJL	Clipper2Lib.PointD	ToString	0.95	ilhash	P
method	FLBJEAJCCDI	KIEIKJBHCNC	Clipper2Lib.PointD	Negate	0.95	ilhash	P
field	FLBJEAJCCDI	MKKANAOHFJP	Clipper2Lib.PointD	x	0.30	order	I
field	FLBJEAJCCDI	IIOIOADDMKL	Clipper2Lib.PointD	y	0.30	order	I
field	FLGCDNBCKHM	BDEDLOHJJKN	SFS.Input.OnNotStationary	inputType	0.80	shape	I
field	FLKGIONGKLJ	AMJDFLOPCLO	SFS.Parts.PartHit	part	0.30	order	I
field	FLKGIONGKLJ	ECELGIKGPOD	SFS.Parts.PartHit	polygon	0.30	order	I
method	FMLGFNHIDCG	BMOPLMKIHKI	SFS.UI.ModGUI.Box	get_Color	0.95	ilhash	P
method	FMLGFNHIDCG	PBMEBMBFOCD	SFS.UI.ModGUI.Box	set_Color	0.95	ilhash	P
method	FMLGFNHIDCG	GLJIHFLLDNM	SFS.UI.ModGUI.Box	CreateLayoutGroup	0.95	ilhash	P
method	FMLGFNHIDCG	FPAEGPEPKHA	SFS.UI.ModGUI.Box	Init	0.95	ilhash	VP
method	FMLGFNHIDCG	JEPECFAAPGG	SFS.UI.ModGUI.Box	set_Opacity	0.95	ilhash	P
method	FMLGFNHIDCG	LDOOMPFBNNI	SFS.UI.ModGUI.Box	get_Opacity	0.95	ilhash	P
field	FMLGFNHIDCG	KOPDOHGINFF	SFS.UI.ModGUI.Box	_backTranslucentImage	0.80	shape	I
method	FNCNPEJLAGL	OEOIAEBNAMI	SFS.Logs.Step_Downrange	IsCompleted	0.75	virtual-order	VP
method	FNOMGIMJBIA	GBJEEPAHMBH	SFS.Navigation.Iterator_Velocity	Calculate_Escape	0.95	ilhash	P
method	FNOMGIMJBIA	HGJJCCGFKAP	SFS.Navigation.Iterator_Velocity	Calculate	0.95	ilhash	P
method	FNOMGIMJBIA	PKOMAEOMJKN	SFS.Navigation.Iterator_Velocity	Calculate_Flyby	0.95	ilhash	P
method	FOCGGHAENCG	KMGNKMNGBLA	SFS.Parsers.Json.JsonWrapper	ToJson	0.95	ilhash	SP
method	FOCGGHAENCG	IBFLBNOBOHA	SFS.Parsers.Json.JsonWrapper	FromJson	0.95	ilhash	SP
method	FOCGGHAENCG	BMCPMCOBBBO	SFS.Parsers.Json.JsonWrapper	FromJsonVersionData	0.95	ilhash	S
method	FOCGGHAENCG	OHCAIJAKJHF	SFS.Parsers.Json.JsonWrapper	SaveAsJson	0.95	ilhash	SP
method	FOCGGHAENCG	DEFICCNNAIH	SFS.Parsers.Json.JsonWrapper	TryLoadJson	0.95	ilhash	SP
method	FOCGGHAENCG	MNNNHCPJKIK	SFS.Parsers.Json.JsonWrapper	Serialize	0.95	ilhash	SP
field	FOCGGHAENCG	NBLIOOJLFNE	SFS.Parsers.Json.JsonWrapper	SerializerSettings	0.80	shape	S
field	FOCGGHAENCG/OAEOKMEOCOB	JBJDNIDOOPB	SFS.Parsers.Json.JsonWrapper/VersionedData`1	data	0.80	shape	I
method	SFS.Cameras.FTAFWJXYOIIAXNNH	NNPBFLLFGKO	SFS.Cameras.CameraManager	RotateCamera	0.95	ilhash	-
method	SFS.Cameras.FTAFWJXYOIIAXNNH	KBHKBIJPLAE	SFS.Cameras.CameraManager	PositionCamera	0.95	ilhash	-
method	SFS.Cameras.FTAFWJXYOIIAXNNH	DJHFLIDPEHK	SFS.Cameras.CameraManager	GetView	0.95	ilhash	-
field	SFS.Cameras.FTAFWJXYOIIAXNNH	EBEAPFBDIDO	SFS.Cameras.CameraManager	resolution	0.80	shape	I
prop	SFS.Cameras.FTAFWJXYOIIAXNNH	FEEEHOCOEHL	SFS.Cameras.CameraManager	ViewSizeNormal	0.90	accessor	P
method	SFS.UI.FWZLEESCTMCEQUQW	EEEMMKFDELF	SFS.UI.UIUpdater	OnRectTransformDimensionsChange	0.95	ilhash	-
field	SFS.UI.FWZLEESCTMCEQUQW	JNELCPAKFIO	SFS.UI.UIUpdater	oldScreenSize	0.80	shape	I
field	SFS.UI.FWZLEESCTMCEQUQW	CPBOBLMJOMF	SFS.UI.UIUpdater	updatedScreenSize	0.80	shape	I
field	SFS.UI.FWZLEESCTMCEQUQW	DIOGIKILIFJ	SFS.UI.UIUpdater	oldOrientation	0.80	shape	I
method	SFS.UI.FXITNUYKIJXKKJNT	JGHONHPGGMM	SFS.UI.OptionsMenuDrawer	get_OnEscape	0.95	ilhash	V
field	SFS.UI.FXITNUYKIJXKKJNT	MIJDOOFDHOJ	SFS.UI.OptionsMenuDrawer	currentHolder	0.80	shape	I
field	SFS.UI.FXITNUYKIJXKKJNT	FBLODJJBPNG	SFS.UI.OptionsMenuDrawer	onOpen	0.30	order	I
field	SFS.UI.FXITNUYKIJXKKJNT	FKOPDMEOIHC	SFS.UI.OptionsMenuDrawer	onClose	0.30	order	I
field	SFS.UI.FXITNUYKIJXKKJNT	CKCEFBJKAGP	SFS.UI.OptionsMenuDrawer	onEscape	0.80	shape	I
method	SFS.UI.FXITNUYKIJXKKJNT/FGGGHGIJJJG	ABEDFHKKLLD	SFS.UI.OptionsMenuDrawer/<>c__DisplayClass13_0	<CreateDelegate>b__0	0.95	ilhash	-
method	FbAuth	IHIDBPLMDEJ	FbAuth	NewSignIn	0.95	ilhash	SP
method	FbAuth	CBMCPGGMLPG	FbAuth	get_Authenticated	0.95	ilhash	SP
method	FbAuth	HJJGENFBFNH	FbAuth	SignOut	0.95	ilhash	SP
method	FbAuth	PPFLBCOCFJI	FbAuth	get_User	0.95	ilhash	SP
method	FbAuth	LCHPIBMLDGI	FbAuth	SignIn	0.95	ilhash	SP
field	FbAuth	DCGPEIBCHHG	FbAuth	auth	0.80	shape	S
method	FbAuth/EFAABBMKOEM	BIIPGAKHFMF	FbAuth/<>c__DisplayClass6_0	<SignIn>b__1	0.95	ilhash	-
method	FbAuth/EFAABBMKOEM	PFGMCDCHAEK	FbAuth/<>c__DisplayClass6_0	<SignIn>b__0	0.95	ilhash	-
method	FbAuth/EFAABBMKOEM	PCNOIKBEGFB	FbAuth/<>c__DisplayClass6_0	<SignIn>b__2	0.95	ilhash	-
method	FbAuth/PKCNHIHDPBO	CAGMCAHONFD	FbAuth/<>c__DisplayClass6_1	<SignIn>b__3	0.95	ilhash	-
method	SFS.Translations.FieldReference	ADMAIOHNPJE	SFS.Translations.FieldReference	op_Inequality	0.95	ilhash	SP
method	SFS.Translations.FieldReference	HDLPCPMAMMI	SFS.Translations.FieldReference	op_Equality	0.95	ilhash	SP
method	SFS.Parts.Modules.FlameGlowModule	KHPAKINNFJO	SFS.Parts.Modules.FlameGlowModule	get_CanRecordVacuum	0.95	ilhash	-
method	SFS.Parts.Modules.FlameGlowModule	ONJBBABKHNF	SFS.Parts.Modules.FlameGlowModule	get_CanRecordGround	0.95	ilhash	-
method	SFS.Parts.Modules.FlameGlowModule	ONPJIOIFFKB	SFS.Parts.Modules.FlameGlowModule	CanRecord	0.95	ilhash	-
method	SFS.Parts.Modules.FlameGlowModule	JNPAPADCJLB	SFS.Parts.Modules.FlameGlowModule	RecordVacuum	0.95	ilhash	-
method	SFS.Parts.Modules.FlameGlowModule	KJCAGBGGEJD	SFS.Parts.Modules.FlameGlowModule	RecordGround	0.95	ilhash	-
method	SFS.Parts.Modules.FlameGlowModule	OEDDIKGOOPK	SFS.Parts.Modules.FlameGlowModule	RecordData	0.95	ilhash	-
method	SFS.Parts.Modules.FlameGlowModule/<>c	GGDADDIJKMM	SFS.Parts.Modules.FlameGlowModule/<>c	<RecordData>b__12_0	0.95	ilhash	-
method	SFS.Parts.Modules.FlameGlowModule/<>c	NNMBMEGDACH	SFS.Parts.Modules.FlameGlowModule/<>c	<RecordData>b__12_2	0.95	ilhash	-
method	SFS.Parts.Modules.FlameGlowModule/<>c	DFBFFNGHDEG	SFS.Parts.Modules.FlameGlowModule/<>c	<RecordData>b__12_1	0.95	ilhash	-
method	SFS.Parts.Modules.FlameMeshModule	DLLCBDBJBEH	SFS.Parts.Modules.FlameMeshModule	GetDiamondsStrength	0.95	ilhash	S
method	SFS.Parts.Modules.FlameMeshModule	FBLDBLHJPAP	SFS.Parts.Modules.FlameMeshModule	DebugAtmospherePressure	0.95	ilhash	S
field	SFS.Parts.Modules.FlameMeshModule	HNAILIMGMEK	SFS.Parts.Modules.FlameMeshModule	Gamma	0.80	shape	S
field	SFS.Parts.Modules.FlameMeshModule/MABKMFHNDBC	JKDMJMJFAIE	SFS.Parts.Modules.BurnMark/Bounds	xMin	0.30	order	I
field	SFS.Parts.Modules.FlameMeshModule/MABKMFHNDBC	CNJEKFPBAMK	SFS.Parts.Modules.BurnMark/Bounds	xMax	0.30	order	I
field	SFS.Parts.Modules.FlameMeshModule/MABKMFHNDBC	JDENAMHOMNI	SFS.Parts.Modules.BurnMark/Bounds	yMin	0.30	order	I
field	SFS.Parts.Modules.FlameMeshModule/MABKMFHNDBC	NHPMCLLICAO	SFS.Parts.Modules.BurnMark/Bounds	yMax	0.30	order	I
field	SFS.Parts.Modules.FlameRandomizer	ALAEIMOPHBI	SFS.Parts.Modules.FlameRandomizer	mX	0.30	order	I
field	SFS.Parts.Modules.FlameRandomizer	APAEBBIENDH	SFS.Parts.Modules.FlameRandomizer	mY	0.30	order	I
method	SFS.Variables.Float_Local	MFNOGGJCACK	SFS.Variables.Float_Local	IsEqual	0.95	ilhash	V
method	SFS.Variables.Float_Reference	MFNOGGJCACK	SFS.Variables.Float_Reference	IsEqual	0.95	ilhash	V
method	SFS.Parts.Modules.FlowModule	BJMPDMPNGMO	SFS.Parts.Modules.FlowModule	UpdateEnabled	0.95	ilhash	-
method	SFS.Parts.Modules.FlowModule	GGHADCKCLFP	SFS.Parts.Modules.FlowModule	<Start>b__4_0	0.95	ilhash	-
method	SFS.Parts.Modules.FlowModule	KAOOBAHLJBA	SFS.Parts.Modules.FlowModule	GetMassFlowPerUnit	0.95	ilhash	-
field	SFS.Parts.Modules.FlowModule	ODAHDPKGBAP	SFS.Parts.Modules.FlowModule	onStateChange	0.80	shape	I
field	SFS.Parts.Modules.FlowModule	NBBBBEDBOND	SFS.Parts.Modules.FlowModule	massFlow	0.80	shape	I
method	SFS.Parts.Modules.FlowModule/<>c	ACGNKBHNKGP	SFS.Parts.Modules.FlowModule/<>c	<UpdateEnabled>b__10_1	0.95	ilhash	-
method	SFS.Parts.Modules.FlowModule/<>c	KJJFIPIBGFK	SFS.Parts.Modules.FlowModule/<>c	<GetMassFlowPerUnit>b__7_0	0.95	ilhash	-
method	SFS.Parts.Modules.FlowModule/<>c	NPKABLFJGHN	SFS.Parts.Modules.FlowModule/<>c	<UpdateEnabled>b__10_0	0.95	ilhash	-
method	SFS.Parts.Modules.FlowModule/Flow	JICNJKEIMBF	SFS.Parts.Modules.FlowModule/Flow	GetBySurfaces	0.95	ilhash	P
method	SFS.Parts.Modules.FlowModule/Flow	JOPMJKBEHBE	SFS.Parts.Modules.FlowModule/Flow	FlowNegative	0.95	ilhash	-
method	SFS.Parts.Modules.FlowModule/Flow	OIMKKOCOJPO	SFS.Parts.Modules.FlowModule/Flow	CanFlow_ElseShowMsg	0.95	ilhash	P
method	SFS.Parts.Modules.FlowModule/Flow	NGADELIEHFG	SFS.Parts.Modules.FlowModule/Flow	UpdateState	0.95	ilhash	P
method	SFS.Parts.Modules.FlowModule/Flow	EOBDOOKCFAO	SFS.Parts.Modules.FlowModule/Flow	GetSourcesResourceSpace	0.95	ilhash	-
method	SFS.Parts.Modules.FlowModule/Flow	IMDGJPJMKMP	SFS.Parts.Modules.FlowModule/Flow	<GetLocally>b__12_0	0.95	ilhash	-
method	SFS.Parts.Modules.FlowModule/Flow	CCFCLBNJKGC	SFS.Parts.Modules.FlowModule/Flow	<GetGlobally>b__10_0	0.95	ilhash	-
method	SFS.Parts.Modules.FlowModule/Flow	JNPDGFBAMNF	SFS.Parts.Modules.FlowModule/Flow	Initialize	0.95	ilhash	P
method	SFS.Parts.Modules.FlowModule/Flow	KKLCCGJKBCL	SFS.Parts.Modules.FlowModule/Flow	GetSources	0.95	ilhash	-
method	SFS.Parts.Modules.FlowModule/Flow	IJDDBGIJHDO	SFS.Parts.Modules.FlowModule/Flow	FlowPositive	0.95	ilhash	-
method	SFS.Parts.Modules.FlowModule/Flow	PKCBMCGCLFG	SFS.Parts.Modules.FlowModule/Flow	GetGlobally	0.95	ilhash	-
method	SFS.Parts.Modules.FlowModule/Flow	PDCMPLJKMPG	SFS.Parts.Modules.FlowModule/Flow	GetSourcesResourceAmount	0.95	ilhash	-
method	SFS.Parts.Modules.FlowModule/Flow	GFEPLLPEPDG	SFS.Parts.Modules.FlowModule/Flow	GetLocally	0.95	ilhash	-
method	SFS.Parts.Modules.FlowModule/Flow	EGNNABIFGNH	SFS.Parts.Modules.FlowModule/Flow	OnFixedUpdate	0.95	ilhash	P
method	SFS.Parts.Modules.FlowModule/Flow	EFKPBEEBCGF	SFS.Parts.Modules.FlowModule/Flow	FindSources	0.95	ilhash	P
method	SFS.Parts.Modules.FlowModule/Flow/<>c	LICAKIADJNI	SFS.Parts.Modules.FlowModule/Flow/<>c	<GetSourcesResourceSpace>b__19_0	0.95	ilhash	-
method	SFS.Parts.Modules.FlowModule/Flow/<>c	LFGAIAJMJKM	SFS.Parts.Modules.FlowModule/Flow/<>c	<GetSourcesResourceAmount>b__18_0	0.95	ilhash	-
method	SFS.Parts.Modules.FlowModule/State_Local	MFNOGGJCACK	SFS.Parts.Modules.FlowModule/State_Local	IsEqual	0.95	ilhash	V
method	SFS.Parts.Modules.FuelPipeModule	JHHHFAIGGPM	SFS.Parts.Modules.FuelPipeModule	<FindFlow>b__6_0	0.95	ilhash	-
method	SFS.Parts.Modules.FuelPipeModule	JCPNNPIBHMC	SFS.Parts.Modules.FuelPipeModule	FindFromTanks	0.95	ilhash	-
field	SFS.Parts.Modules.FuelPipeModule	KNEAEBJIHJE	SFS.Parts.Modules.FuelPipeModule	previousPipes	0.80	shape	I
field	SFS.Parts.Modules.FuelPipeModule	IMHBDCFKGFA	SFS.Parts.Modules.FuelPipeModule	resource_In	0.30	order	I
field	SFS.Parts.Modules.FuelPipeModule	LALCCJMENHK	SFS.Parts.Modules.FuelPipeModule	resource_Out	0.30	order	I
method	SFS.Parts.Modules.FuelPipeModule/<>c	FNCOAHJIOOE	SFS.Parts.Modules.FuelPipeModule/<>c	<FixedUpdate_FuelPipeFlow>b__9_4	0.95	ilhash	-
method	SFS.Parts.Modules.FuelPipeModule/<>c	KDNDKOBCOHH	SFS.Parts.Modules.FuelPipeModule/<>c	<FixedUpdate_FuelPipeFlow>b__9_0	0.95	ilhash	-
method	SFS.Parts.Modules.FuelPipeModule/<>c	DLMJNLMFBBP	SFS.Parts.Modules.FuelPipeModule/<>c	<FixedUpdate_FuelPipeFlow>b__9_5	0.95	ilhash	-
method	SFS.Parts.Modules.FuelPipeModule/<>c	MMJKLHAFCDM	SFS.Parts.Modules.FuelPipeModule/<>c	<FixedUpdate_FuelPipeFlow>b__9_3	0.95	ilhash	-
method	SFS.Parts.Modules.FuelPipeModule/<>c	IGKBECKLJCP	SFS.Parts.Modules.FuelPipeModule/<>c	<FixedUpdate_FuelPipeFlow>b__9_2	0.95	ilhash	-
method	SFS.Parts.Modules.FuelPipeModule/<>c	LNOJJNPPCAO	SFS.Parts.Modules.FuelPipeModule/<>c	<FixedUpdate_FuelPipeFlow>b__9_1	0.95	ilhash	-
method	SFS.Parts.Modules.FuelPipeModule/HGPLFFGLPON	JCIIKNAIFEO	SFS.Parts.Modules.FuelPipeModule/<>c__DisplayClass9_0	<FixedUpdate_FuelPipeFlow>b__6	0.95	ilhash	-
method	GBFLLFJAMEP	GOFEEEFEEOM	GifDecoder	DecodeImageData	0.95	ilhash	-
method	GBFLLFJAMEP	FKDGHNGLBJK	GifDecoder	GetCurrentFrameDelay	0.95	ilhash	P
method	GBFLLFJAMEP	IJMMHMAEGKN	GifDecoder	Reset	0.95	ilhash	P
method	GBFLLFJAMEP	CNPBPIGIKCN	GifDecoder	ReadImage	0.95	ilhash	-
method	GBFLLFJAMEP	NIMCLLKKIOJ	GifDecoder	SetPixels	0.95	ilhash	-
method	GBFLLFJAMEP	MLEBIOFIBFK	GifDecoder	set_AllFramesDecoded	0.95	ilhash	-
method	GBFLLFJAMEP	GDJDCMGCIBB	GifDecoder	ReadColorTable	0.95	ilhash	-
method	GBFLLFJAMEP	NJAEFPEAPMP	GifDecoder	GetImageHeight	0.95	ilhash	P
method	GBFLLFJAMEP	DEJABMKJKIG	GifDecoder	Read	0.95	ilhash	-
method	GBFLLFJAMEP	JIEEOCIOHGA	GifDecoder	Close	0.95	ilhash	P
method	GBFLLFJAMEP	JNNFBPKICMJ	GifDecoder	ReadShort	0.95	ilhash	-
method	GBFLLFJAMEP	HEEAFBOBKFO	GifDecoder	get_AllFramesDecoded	0.95	ilhash	P
method	GBFLLFJAMEP	BLALKFPEPLC	GifDecoder	Error	0.95	ilhash	-
method	GBFLLFJAMEP	EOFELFOECKB	GifDecoder	ReadHeader	0.95	ilhash	-
method	GBFLLFJAMEP	CPFHNLAIGFI	GifDecoder	ReadLsd	0.95	ilhash	-
method	GBFLLFJAMEP	JAEFJICKBCG	GifDecoder	ResetFrame	0.95	ilhash	-
method	GBFLLFJAMEP	HLJGDAJCLGL	GifDecoder	Skip	0.95	ilhash	-
method	GBFLLFJAMEP	NPCJHNONEGJ	GifDecoder	GetCurrentFrame	0.95	ilhash	P
method	GBFLLFJAMEP	GIKAKCBBAAP	GifDecoder	ResetReader	0.95	ilhash	-
method	GBFLLFJAMEP	JLALCGBHIED	GifDecoder	GetImageWidth	0.95	ilhash	P
method	GBFLLFJAMEP	DIONHLMFDMB	GifDecoder	GetLoopCount	0.95	ilhash	P
method	GBFLLFJAMEP	MJPAMNPBLOG	GifDecoder	ReadNetscapeExt	0.95	ilhash	-
method	GBFLLFJAMEP	FPAEGPEPKHA	GifDecoder	Init	0.95	ilhash	-
method	GBFLLFJAMEP	PJMNMPHHNCI	GifDecoder	ReadBlock	0.95	ilhash	-
method	GBFLLFJAMEP	BKBIMEEIENA	GifDecoder	GetFrameCount	0.95	ilhash	P
method	GBFLLFJAMEP	EGDIHNGNGOF	GifDecoder	ReadContents	0.95	ilhash	P
method	GBFLLFJAMEP	IHLNBCHHDAD	GifDecoder	set_TotalNumberOfFrames	0.95	ilhash	-
method	GBFLLFJAMEP	OJMFPGOCDHE	GifDecoder	ReadGraphicControlExt	0.95	ilhash	-
method	GBFLLFJAMEP	JLPFGKEINCH	GifDecoder	get_TotalNumberOfFrames	0.95	ilhash	P
field	GBFLLFJAMEP	<FNNGNMDLHNI>k__BackingField	GifDecoder	<TotalNumberOfFrames>k__BackingField	0.30	order	I
field	GBFLLFJAMEP	<PBNKNALFCNM>k__BackingField	GifDecoder	<AllFramesDecoded>k__BackingField	0.30	order	I
field	GBFLLFJAMEP	HPPLBIJPKFC	GifDecoder	inStream	0.80	shape	I
field	GBFLLFJAMEP	OMJPMEJHDHF	GifDecoder	status	0.30	order	I
field	GBFLLFJAMEP	BIDAKCJGMJO	GifDecoder	width	0.30	order	I
field	GBFLLFJAMEP	IIPGNBOIMDN	GifDecoder	height	0.30	order	I
field	GBFLLFJAMEP	BPDBNACMACG	GifDecoder	gctFlag	0.30	order	I
field	GBFLLFJAMEP	PAJMPPMFDEI	GifDecoder	gctSize	0.30	order	I
field	GBFLLFJAMEP	MLHIPNNFKGI	GifDecoder	loopCount	0.30	order	I
field	GBFLLFJAMEP	BBONKFJFDMC	GifDecoder	gct	0.30	order	I
field	GBFLLFJAMEP	CJHPNJMHONG	GifDecoder	lct	0.30	order	I
field	GBFLLFJAMEP	CLIOCBOIELJ	GifDecoder	act	0.30	order	I
field	GBFLLFJAMEP	PODDFHKHMBK	GifDecoder	bgIndex	0.30	order	I
field	GBFLLFJAMEP	NCHPCPCBDIB	GifDecoder	bgColor	0.30	order	I
field	GBFLLFJAMEP	COPDNFOPOFH	GifDecoder	lastBgColor	0.30	order	I
field	GBFLLFJAMEP	KGMHIDKJDHM	GifDecoder	lctFlag	0.30	order	I
field	GBFLLFJAMEP	CBJABJDCJMO	GifDecoder	interlace	0.30	order	I
field	GBFLLFJAMEP	KKJKAGPNFDO	GifDecoder	lctSize	0.30	order	I
field	GBFLLFJAMEP	GKOEIPJKMGB	GifDecoder	ix	0.30	order	I
field	GBFLLFJAMEP	GJICLIIMGNN	GifDecoder	iy	0.30	order	I
field	GBFLLFJAMEP	LGMJPNPCDEF	GifDecoder	iw	0.30	order	I
field	GBFLLFJAMEP	PADKELHOLIG	GifDecoder	ih	0.30	order	I
field	GBFLLFJAMEP	PGINHIKODAC	GifDecoder	lrx	0.30	order	I
field	GBFLLFJAMEP	OKJFHAOCFCK	GifDecoder	lry	0.30	order	I
field	GBFLLFJAMEP	OLOKLDAABDC	GifDecoder	lrw	0.30	order	I
field	GBFLLFJAMEP	AFHPLGMJEDN	GifDecoder	lrh	0.30	order	I
field	GBFLLFJAMEP	KGDBPBOIINI	GifDecoder	image	0.30	order	I
field	GBFLLFJAMEP	NFFCEIBNGDJ	GifDecoder	bitmap	0.30	order	I
field	GBFLLFJAMEP	JJNIAMBBKIK	GifDecoder	block	0.30	order	I
field	GBFLLFJAMEP	CCDHELFDKMB	GifDecoder	blockSize	0.30	order	I
field	GBFLLFJAMEP	PPKGHKMKCAE	GifDecoder	dispose	0.30	order	I
field	GBFLLFJAMEP	DHLMHINBKDB	GifDecoder	lastDispose	0.30	order	I
field	GBFLLFJAMEP	AHDMIOLKAJA	GifDecoder	transparency	0.30	order	I
field	GBFLLFJAMEP	LKDALCKPDCN	GifDecoder	delay	0.80	shape	I
field	GBFLLFJAMEP	OIJPPNEJLOL	GifDecoder	transIndex	0.30	order	I
field	GBFLLFJAMEP	JONIMJLFDLK	GifDecoder	imageDataOffset	0.80	shape	I
field	GBFLLFJAMEP	FOGDFIHMFCE	GifDecoder	MaxStackSize	0.80	shape	S
field	GBFLLFJAMEP	MEFFOBNNIBL	GifDecoder	prefix	0.80	shape	I
field	GBFLLFJAMEP	NCMKAMBAFEB	GifDecoder	suffix	0.30	order	I
field	GBFLLFJAMEP	JKFAGGHIMCG	GifDecoder	pixelStack	0.30	order	I
field	GBFLLFJAMEP	BDKEKLAANJM	GifDecoder	pixels	0.30	order	I
field	GBFLLFJAMEP	ELAJPGFGEGE	GifDecoder	currentFrame	0.30	order	I
field	GBFLLFJAMEP	FBMMDIPHAJC	GifDecoder	frameCount	0.30	order	I
field	GBFLLFJAMEP/EPPNJIAPANL	JBJDNIDOOPB	GifDecoder/GifFrame	data	0.80	shape	I
field	GBFLLFJAMEP/EPPNJIAPANL	LKDALCKPDCN	GifDecoder/GifFrame	delay	0.80	shape	I
method	GBGGHCNJINI	LEKCMMPONAF	SFS.Parts.Modules.Surfaces	GetSurfacesWorld	0.95	ilhash	P
method	GBGGHCNJINI	ALBENLCEOID	SFS.Parts.Modules.Surfaces	<GetSurfacesWorld>b__4_0	0.95	ilhash	-
field	GBGGHCNJINI	CFOJGBLJEPL	SFS.Parts.Modules.Surfaces	points	0.80	shape	I
field	GBGGHCNJINI	HKNNKKJDMLF	SFS.Parts.Modules.Surfaces	owner	0.80	shape	I
field	GBGGHCNJINI	DOBLJICELNJ	SFS.Parts.Modules.Surfaces	loop	0.80	shape	I
method	GCBFBHDKMEB	MBBDFOFBOME	SFS.Parsers.Json.ExclusionList	Exclude	0.95	ilhash	SP
field	GCBFBHDKMEB	OCMIGCAAADG	SFS.Parsers.Json.ExclusionList	exclusions	0.80	shape	S
method	GCBFBHDKMEB/JDNPAFODOBI	MHHEMMAJNEN	SFS.Parsers.Json.ExclusionList/<>c__DisplayClass1_0	<Exclude>b__0	0.95	ilhash	-
method	GCHPLJCHCJM	NMAGJACBILG	SFS.Translations.SubExport	CreateExport	0.95	ilhash	SP
field	GCHPLJCHCJM	CKKMMGENMHK	SFS.Translations.SubExport	Placeholder	0.30	order	S
field	GCHPLJCHCJM	GPPKEOPNHFP	SFS.Translations.SubExport	Lowercase	0.30	order	S
field	GCHPLJCHCJM	FNEPNLKKHJA	SFS.Translations.SubExport	Multiplication_S	0.30	order	S
field	GCHPLJCHCJM	FLGDGBKEOKM	SFS.Translations.SubExport	translationModifier	0.80	shape	I
method	GCHPLJCHCJM/<>c	OJOBMMADCFB	SFS.Translations.SubExport/<>c	<CreateExport>b__5_2	0.95	ilhash	-
method	GCHPLJCHCJM/<>c	BOKLLELJACI	SFS.Translations.SubExport/<>c	<CreateExport>b__5_0	0.95	ilhash	-
method	GCHPLJCHCJM/<>c	EAPGBLNPNFF	SFS.Translations.SubExport/<>c	<CreateExport>b__5_3	0.95	ilhash	-
method	GCHPLJCHCJM/<>c	BGBMLEAGDHB	SFS.Translations.SubExport/<>c	<CreateExport>b__5_1	0.95	ilhash	-
method	GCOBNGHGEPL	JPLHCGKDCAN	SFS.Audio.PlayingSoundEffect2D	ApplyVolume	0.95	ilhash	P
field	GCOBNGHGEPL	OBOJFNLBKHE	SFS.Audio.PlayingSoundEffect2D	sources	0.80	shape	I
field	GCOBNGHGEPL	NJMEBBFGNLA	SFS.Audio.PlayingSoundEffect2D	volume	0.80	shape	I
method	GDHKEGNIPFL	HAIGEIBCEFF	Kepler	GetRadiusAtTrueAnomaly	0.95	ilhash	SP
method	GDHKEGNIPFL	AHDGMDHCFKK	Kepler	GetVelocityNormal	0.95	ilhash	SP
method	GDHKEGNIPFL	NLMGDCKCJED	Kepler	GetApoapsis	0.95	ilhash	SP
method	GDHKEGNIPFL	GMIODNIJMHF	Kepler	ToTauRange	0.95	ilhash	SP
method	GDHKEGNIPFL	PJBHMENCLLE	Kepler	GetPeriod	0.95	ilhash	SP
method	GDHKEGNIPFL	BLDAAFEFBDK	Kepler	GetMeanAnomaly	0.95	ilhash	SP
method	GDHKEGNIPFL	JGOAHFGNGCD	Kepler	GetRadiusAtAngle	0.95	ilhash	SP
method	GDHKEGNIPFL	NNEMIDDGFLL	Kepler	GetVelocity	0.95	ilhash	SP
method	GDHKEGNIPFL	CPHGCMIAFIC	Kepler	GetSemiLatusRectum	0.95	ilhash	SP
method	GDHKEGNIPFL	KJIAELFIMLC	Kepler	GetTrueAnomalyAtRadius	0.95	ilhash	SP
method	GDHKEGNIPFL	AJBEBMNAOFM	Kepler	GetEccentricAnomalyFromTrueAnomaly	0.95	ilhash	SP
method	GDHKEGNIPFL	MEFHIBPPNDB	Kepler	GetPeriapsisFromSemiLatusRectum	0.95	ilhash	SP
method	GDHKEGNIPFL	CAEBAGHGGEN	Kepler	GetSemiMajorAxis	0.95	ilhash	SP
method	GDHKEGNIPFL	CLEAMLBADFI	Kepler	GetTimeToPeriapsis	0.95	ilhash	SP
method	GDHKEGNIPFL	HEAKEDIAKMG	Kepler	GetTrueAnomalyFromEccentricAnomaly	0.95	ilhash	SP
method	GDHKEGNIPFL	ELIPBODHCNA	Kepler	GetEccentricAnomalyElliptical	0.50	order-sig	S
method	GDHKEGNIPFL	CJFBGPFJFOO	Kepler	GetMeanMotion	0.95	ilhash	SP
method	GDHKEGNIPFL	AACDLJIMBGD	Kepler	GetMass	0.95	ilhash	SP
method	GDHKEGNIPFL	NCFAEOOOILE	Kepler	PositiveAngle	0.95	ilhash	SP
method	GDHKEGNIPFL	BELJOCLGJKP	Kepler	GetAngleDiff	0.95	ilhash	SP
method	GDHKEGNIPFL	PPHMCGFJIPE	Kepler	GetEscapeVelocity	0.95	ilhash	SP
method	GDHKEGNIPFL	GHEPPIOMIBH	Kepler	GetSemiMinorAxis	0.95	ilhash	SP
method	GDHKEGNIPFL	PJPFIGILGNA	Kepler	GetPeriapsis	0.95	ilhash	SP
method	GDHKEGNIPFL	DNEPKEJOCHE	Kepler	NormalizeAngle	0.95	ilhash	SP
method	GDHKEGNIPFL	GNKDOEDEFFE	Kepler	GetPosition	0.95	ilhash	SP
method	GDHKEGNIPFL	MNBEDNKAIOC	Kepler	GetEccentricAnomalyHyperbolic	0.50	order-sig	S
method	GDHKEGNIPFL	APNGLHLFPOE	Kepler	GetSphereOfInfluence	0.95	ilhash	SP
method	GDHKEGNIPFL	NFJPODMMBFE	Kepler	GetEccentricAnomaly	0.95	ilhash	SP
method	GDHKEGNIPFL	EFLIIJABODP	Kepler	GetEccentricAnomalyExtremeEccentricity	0.95	ilhash	S
field	GDHKEGNIPFL	INPMCLMNNOA	Kepler	Tau	0.30	order	S
field	GDHKEGNIPFL	IADCDDDPDPL	Kepler	Tolerance	0.30	order	S
field	GDHKEGNIPFL	BKKPODOGPHB	Kepler	MaxIterations	0.80	shape	S
method	GDHOMFODMDP	LFDKENOMLCP	SFS.Utilities.WorldAddress	TryGetPlanetFromAddress	0.95	ilhash	SP
method	GDHOMFODMDP	MKACNKFAAOP	SFS.Utilities.WorldAddress	GetPlayerInstance	0.95	ilhash	SP
method	GDHOMFODMDP	GHDHHIPCMOO	SFS.Utilities.WorldAddress	GetAstronautAddress	0.95	ilhash	S
method	GDHOMFODMDP	IEJJENJECHM	SFS.Utilities.WorldAddress	GetMapAddress	0.95	ilhash	SP
method	GDHOMFODMDP	KACOHJHIKFN	SFS.Utilities.WorldAddress	GetRocketAddress	0.95	ilhash	S
method	GDHOMFODMDP	MCFHNEPGFPD	SFS.Utilities.WorldAddress	GetFlagAddress	0.95	ilhash	S
method	GDHOMFODMDP	LJFMCDHBOGG	SFS.Utilities.WorldAddress	GetPlayerAddress	0.95	ilhash	SP
method	GDHOMFODMDP	EJLJAGANLEL	SFS.Utilities.WorldAddress	GetMapInstance	0.95	ilhash	SP
method	GDHOMFODMDP	BLKLMGIBMNI	SFS.Utilities.WorldAddress	GetPlanetAddress	0.95	ilhash	S
method	GDHOMFODMDP	FLLNPEEEOCK	SFS.Utilities.WorldAddress	TryGetRocketIndex_SupportsLegacy	0.95	ilhash	S
method	GDHOMFODMDP	IPNNDHCMDBF	SFS.Utilities.WorldAddress	GetPlayerLocationFromSave	0.95	ilhash	SP
field	GDHOMFODMDP	MNGJKKJIGCM	SFS.Utilities.WorldAddress	Null	0.80	shape	S
method	GDHOMFODMDP/COIFNBADIBG	APNJONOPGAA	SFS.Utilities.WorldAddress/<>c__DisplayClass3_0	<GetPlayerInstance>b__1	0.95	ilhash	-
method	GDHOMFODMDP/COIFNBADIBG	BNBPEGNGOOO	SFS.Utilities.WorldAddress/<>c__DisplayClass3_0	<GetPlayerInstance>b__0	0.95	ilhash	-
method	GDHOMFODMDP/KOIJBMGHGBF	EJMJHEPMOEN	SFS.Utilities.WorldAddress/<>c__DisplayClass1_0	<GetMapInstance>g__NullCase|2	0.95	ilhash	-
method	GDHOMFODMDP/KOIJBMGHGBF	AKLOEOFKOGH	SFS.Utilities.WorldAddress/<>c__DisplayClass1_0	<GetMapInstance>b__1	0.95	ilhash	-
method	GDHOMFODMDP/KOIJBMGHGBF	JFDGHECEIDG	SFS.Utilities.WorldAddress/<>c__DisplayClass1_0	<GetMapInstance>b__0	0.95	ilhash	-
method	GDHOMFODMDP/MIOBKCCNNCE	BNBFFCHAEAG	SFS.Utilities.WorldAddress/<>c__DisplayClass4_0	<GetPlayerLocationFromSave>b__1	0.95	ilhash	-
method	GDHOMFODMDP/MIOBKCCNNCE	FBBNKPCAPMH	SFS.Utilities.WorldAddress/<>c__DisplayClass4_0	<GetPlayerLocationFromSave>b__0	0.95	ilhash	-
method	GDMMHHNDAHM	EBCAAKCKCLI	SFS.UI.I_Raycastable	GetRect	0.75	virtual-order	VANP
prop	GDMMHHNDAHM	EOIHBFOOKCP	SFS.UI.I_Raycastable	SkipRaycast	0.90	accessor	P
method	GEGLLEKEEJE	DHIAJOILILE	Matrix2x2	GetX	0.95	ilhash	P
method	GEGLLEKEEJE	ILAAFFDKAEE	Matrix2x2	op_Multiply	0.95	ilhash	SP
method	GEGLLEKEEJE	ACLAHNFCEPM	Matrix2x2	Angle	0.95	ilhash	SP
field	GEGLLEKEEJE	MKKANAOHFJP	Matrix2x2	x	0.30	order	I
field	GEGLLEKEEJE	IIOIOADDMKL	Matrix2x2	y	0.30	order	I
method	GEPGHMIJPEJ	NNLLDEFEGIK	ModLoader.AssetPackMod	<Load>b__7_2	0.95	ilhash	-
method	GEPGHMIJPEJ	PAICHPBMPMG	ModLoader.AssetPackMod	Unload	0.95	ilhash	P
method	GEPGHMIJPEJ	JFPJPLOOFKF	ModLoader.AssetPackMod	<Load>g__LoadPackAssets|7_0	0.95	ilhash	-
method	GEPGHMIJPEJ	LMELKIJNFBH	ModLoader.AssetPackMod	Load	0.95	ilhash	P
field	GEPGHMIJPEJ	CHOLBABJLDJ	ModLoader.AssetPackMod	packFile	0.30	order	I
field	GEPGHMIJPEJ	JBJDNIDOOPB	ModLoader.AssetPackMod	data	0.30	order	I
field	GEPGHMIJPEJ	MMEOIGGPOAL	ModLoader.AssetPackMod	assetBundle	0.80	shape	I
field	GEPGHMIJPEJ	NFGNHLDFOHK	ModLoader.AssetPackMod	allAssets	0.80	shape	I
field	GEPGHMIJPEJ	NIIMPAADJLG	ModLoader.AssetPackMod	addedColorTextures	0.30	order	I
field	GEPGHMIJPEJ	KJFFKNMNNPP	ModLoader.AssetPackMod	addedShapeTextures	0.30	order	I
field	GEPGHMIJPEJ	DOCEPFAIFDG	ModLoader.AssetPackMod	addedVariants	0.30	order	I
method	GEPGHMIJPEJ/<>c	FHGOENDDCGI	ModLoader.AssetPackMod/<>c	<Load>b__7_1	0.95	ilhash	-
method	GEPGHMIJPEJ/KJEENHPPOIO	DPNKNFILADK	ModLoader.AssetPackMod/<>c__DisplayClass7_0	<Load>b__3	0.95	ilhash	-
method	GFBFMUGVZAEJLCOP/<>c	ILBBDAEKFCK	TemperatureTest/<>c	<Update>b__2_0	0.95	ilhash	-
method	GFBFMUGVZAEJLCOP/<>c	DMLJJLGJJGP	TemperatureTest/<>c	<Update>b__2_3	0.95	ilhash	-
method	GFBFMUGVZAEJLCOP/<>c	BLFALHMNJED	TemperatureTest/<>c	<Update>b__2_2	0.95	ilhash	-
method	GFBFMUGVZAEJLCOP/FOKAJOABELI	BHKOMFNKLDI	TemperatureTest/<>c__DisplayClass2_0	<Update>g__Draw|4	0.95	ilhash	-
method	GFBFMUGVZAEJLCOP/FOKAJOABELI	BACLOFENCMF	TemperatureTest/<>c__DisplayClass2_0	<Update>b__1	0.95	ilhash	-
method	GGCKIHFNOFJ	FJPOHJABJBF	SFS.UI.ModGUI.Window	set_TitleColor	0.95	ilhash	P
method	GGCKIHFNOFJ	KOFBNCOHAII	SFS.UI.ModGUI.Window	get_WindowColor	0.95	ilhash	P
method	GGCKIHFNOFJ	FPAEGPEPKHA	SFS.UI.ModGUI.Window	Init	0.95	ilhash	VP
method	GGCKIHFNOFJ	AFKICJBPEAB	SFS.UI.ModGUI.Window	set_TitleOpacity	0.95	ilhash	P
method	GGCKIHFNOFJ	CNPHANBBIME	SFS.UI.ModGUI.Window	set_WindowOpacity	0.95	ilhash	P
method	GGCKIHFNOFJ	IFPKNOAOMAB	SFS.UI.ModGUI.Window	set_Draggable	0.95	ilhash	P
method	GGCKIHFNOFJ	EBACMJABOHI	SFS.UI.ModGUI.Window	get_ChildrenHolder	0.95	ilhash	P
method	GGCKIHFNOFJ	KGHPNIFBNPJ	SFS.UI.ModGUI.Window	get_Draggable	0.95	ilhash	P
method	GGCKIHFNOFJ	IHAHJFPMFHF	SFS.UI.ModGUI.Window	get_TitleColor	0.95	ilhash	P
method	GGCKIHFNOFJ	HBGKDNJFJDA	SFS.UI.ModGUI.Window	set_Title	0.95	ilhash	P
method	GGCKIHFNOFJ	CIOAJIGLJFM	SFS.UI.ModGUI.Window	set_WindowColor	0.95	ilhash	P
method	GGCKIHFNOFJ	MPGDCONEMOH	SFS.UI.ModGUI.Window	get_Title	0.95	ilhash	P
method	GGCKIHFNOFJ	JGEOAJEPHJB	SFS.UI.ModGUI.Window	get_WindowOpacity	0.95	ilhash	P
method	GGCKIHFNOFJ	CPPJNHHAGMO	SFS.UI.ModGUI.Window	EnableScrolling	0.95	ilhash	P
method	GGCKIHFNOFJ	GLJIHFLLDNM	SFS.UI.ModGUI.Window	CreateLayoutGroup	0.95	ilhash	P
method	GGCKIHFNOFJ	GAFMOGOOMFM	SFS.UI.ModGUI.Window	get_TitleOpacity	0.95	ilhash	P
field	GGCKIHFNOFJ	HFBDBCJPLKI	SFS.UI.ModGUI.Window	ID	0.80	shape	I
field	GGCKIHFNOFJ	CCFDGAJLHKP	SFS.UI.ModGUI.Window	backTranslucentImage	0.30	order	I
field	GGCKIHFNOFJ	DOBGFEKIODL	SFS.UI.ModGUI.Window	draggableWindowModule	0.30	order	I
field	GGCKIHFNOFJ	MIJEAEMOHEE	SFS.UI.ModGUI.Window	titleTextAdapter	0.30	order	I
field	GGCKIHFNOFJ	MJCKNDOCKHG	SFS.UI.ModGUI.Window	childrenHolder	0.80	shape	I
method	GGDXGJXBCTDGABCN	HILLEFDIHHI	SafeArea	ApplySafeArea	0.95	ilhash	-
method	GGDXGJXBCTDGABCN	HGDJLOPHFJJ	SafeArea	Apply	0.95	ilhash	-
method	GGDXGJXBCTDGABCN	NLLGJFMLJBP	SafeArea	Refresh	0.95	ilhash	-
field	GGDXGJXBCTDGABCN	BLIENGIDGBF	SafeArea	panel	0.80	shape	I
field	GGDXGJXBCTDGABCN	OMICDEJNFOB	SafeArea	lastSafeArea	0.80	shape	I
field	GGDXGJXBCTDGABCN	ENGKMOBCDHO	SafeArea	lastScreenSize	0.80	shape	I
field	GGDXGJXBCTDGABCN	EJADIIGEMIC	SafeArea	lastOrientation	0.80	shape	I
method	GGGODENKPJI	NHBIJLLPKKF	Firebase.Internal.HttpRequestExceptionExtensions	GetStatusCode	0.95	ilhash	S
method	GHGGADFHMEA	LGDLOFIIGPJ	TransformExtensions	GetChildrenReverse	0.95	ilhash	SP
method	GHGGADFHMEA	GCDKPFHHKAN	TransformExtensions	GetChildren	0.95	ilhash	SP
method	GHHNDKCMEIN	IOIFDDADBFG	Clipper2Lib.ClipperOffset	DoRound	0.95	ilhash	-
method	GHHNDKCMEIN	LGBIKLANAFK	Clipper2Lib.ClipperOffset	set_DeltaCallback	0.95	ilhash	P
method	GHHNDKCMEIN	COKHBICKFCI	Clipper2Lib.ClipperOffset	OffsetPoint	0.95	ilhash	-
method	GHHNDKCMEIN	GANHDEADOMB	Clipper2Lib.ClipperOffset	ExecuteInternal	0.95	ilhash	-
method	GHHNDKCMEIN	AGCEOFANFOL	Clipper2Lib.ClipperOffset	set_ReverseSolution	0.95	ilhash	P
method	GHHNDKCMEIN	KEGLJEKHDID	Clipper2Lib.ClipperOffset	set_PreserveCollinear	0.95	ilhash	P
method	GHHNDKCMEIN	IDAPNIGICMH	Clipper2Lib.ClipperOffset	ReflectPoint	0.95	ilhash	S
method	GHHNDKCMEIN	DPBOBNBFLLI	Clipper2Lib.ClipperOffset	set_MiterLimit	0.95	ilhash	P
method	GHHNDKCMEIN	AHKJFCAPJMG	Clipper2Lib.ClipperOffset	TranslatePoint	0.95	ilhash	S
method	GHHNDKCMEIN	OMJCFBIEDPL	Clipper2Lib.ClipperOffset	DoGroupOffset	0.95	ilhash	-
method	GHHNDKCMEIN	NNPFFEAGLBP	Clipper2Lib.ClipperOffset	Execute	0.95	ilhash	P
method	GHHNDKCMEIN	ONEBIBEJMHI	Clipper2Lib.ClipperOffset	OffsetOpenJoined	0.95	ilhash	-
method	GHHNDKCMEIN	OGLKBLIGMCM	Clipper2Lib.ClipperOffset	get_ReverseSolution	0.95	ilhash	P
method	GHHNDKCMEIN	LDNMBBPFLHH	Clipper2Lib.ClipperOffset	get_DeltaCallback	0.95	ilhash	P
method	GHHNDKCMEIN	JPONLBLMJNO	Clipper2Lib.ClipperOffset	GetPerpendicD	0.95	ilhash	-
method	GHHNDKCMEIN	POALNPIJKBE	Clipper2Lib.ClipperOffset	GetUnitNormal	0.95	ilhash	S
method	GHHNDKCMEIN	JNHABCJLLIO	Clipper2Lib.ClipperOffset	CheckPathsReversed	0.95	ilhash	-
method	GHHNDKCMEIN	PDFDNDMDINP	Clipper2Lib.ClipperOffset	BuildNormals	0.95	ilhash	-
method	GHHNDKCMEIN	IGJFPFELEFN	Clipper2Lib.ClipperOffset	CalcSolutionCapacity	0.95	ilhash	-
method	GHHNDKCMEIN	ANKHLLBCGJD	Clipper2Lib.ClipperOffset	GetPerpendic	0.95	ilhash	-
method	GHHNDKCMEIN	BLGGBBALLJC	Clipper2Lib.ClipperOffset	AddPaths	0.95	ilhash	P
method	GHHNDKCMEIN	DHEJHGGILDP	Clipper2Lib.ClipperOffset	GetLowestPathInfo	0.95	ilhash	S
method	GHHNDKCMEIN	CMCENCCMGHC	Clipper2Lib.ClipperOffset	Hypotenuse	0.95	ilhash	S
method	GHHNDKCMEIN	BPOPFCIPKCH	Clipper2Lib.ClipperOffset	AddPath	0.95	ilhash	P
method	GHHNDKCMEIN	FANHNFENOMA	Clipper2Lib.ClipperOffset	OffsetOpenPath	0.95	ilhash	-
method	GHHNDKCMEIN	OJPPPDFHGPC	Clipper2Lib.ClipperOffset	set_MergeGroups	0.95	ilhash	P
method	GHHNDKCMEIN	MGLHJPBNBIL	Clipper2Lib.ClipperOffset	DoMiter	0.95	ilhash	-
method	GHHNDKCMEIN	IEBLKAENAAC	Clipper2Lib.ClipperOffset	AlmostZero	0.95	ilhash	S
method	GHHNDKCMEIN	FJLAFNIJMMB	Clipper2Lib.ClipperOffset	get_PreserveCollinear	0.95	ilhash	P
method	GHHNDKCMEIN	HKMBDIFDEIE	Clipper2Lib.ClipperOffset	OffsetPolygon	0.95	ilhash	-
method	GHHNDKCMEIN	LIAACIHEJLI	Clipper2Lib.ClipperOffset	get_MiterLimit	0.95	ilhash	P
method	GHHNDKCMEIN	NGJOLGOHLOF	Clipper2Lib.ClipperOffset	DoSquare	0.95	ilhash	-
method	GHHNDKCMEIN	MNJNMHCNGIL	Clipper2Lib.ClipperOffset	GetAvgUnitVector	0.95	ilhash	S
method	GHHNDKCMEIN	DPMDHFDCCEN	Clipper2Lib.ClipperOffset	DoBevel	0.95	ilhash	-
method	GHHNDKCMEIN	IPPENCKIHJD	Clipper2Lib.ClipperOffset	get_MergeGroups	0.95	ilhash	P
method	GHHNDKCMEIN	DAOIAFMIBFJ	Clipper2Lib.ClipperOffset	set_ArcTolerance	0.95	ilhash	P
method	GHHNDKCMEIN	MBMDMBCIAGB	Clipper2Lib.ClipperOffset	NormalizeVector	0.95	ilhash	S
method	GHHNDKCMEIN	GPHEDJPGJFO	Clipper2Lib.ClipperOffset	get_ArcTolerance	0.95	ilhash	P
method	GHHNDKCMEIN	EIPFDAHMICE	Clipper2Lib.ClipperOffset	Clear	0.95	ilhash	P
field	GHHNDKCMEIN	IADCDDDPDPL	Clipper2Lib.ClipperOffset	Tolerance	0.30	order	S
field	GHHNDKCMEIN	NCEAOBNPAMH	Clipper2Lib.ClipperOffset	arc_const	0.30	order	S
field	GHHNDKCMEIN	DAPJOBCGHLP	Clipper2Lib.ClipperOffset	_groupList	0.80	shape	I
field	GHHNDKCMEIN	DPAKEPEPJPI	Clipper2Lib.ClipperOffset	pathOut	0.30	order	I
field	GHHNDKCMEIN	LJHNLDLLFGD	Clipper2Lib.ClipperOffset	_normals	0.30	order	I
field	GHHNDKCMEIN	AILGJFNLKCI	Clipper2Lib.ClipperOffset	_solution	0.30	order	I
field	GHHNDKCMEIN	LGOICKLOGJL	Clipper2Lib.ClipperOffset	_solutionTree	0.30	order	I
field	GHHNDKCMEIN	CJNNHCHDKPA	Clipper2Lib.ClipperOffset	_groupDelta	0.30	order	I
field	GHHNDKCMEIN	HGAAPEMALJF	Clipper2Lib.ClipperOffset	_delta	0.30	order	I
field	GHHNDKCMEIN	CJGDILOEDGA	Clipper2Lib.ClipperOffset	_mitLimSqr	0.30	order	I
field	GHHNDKCMEIN	ECDAALIIOKD	Clipper2Lib.ClipperOffset	_stepsPerRad	0.30	order	I
field	GHHNDKCMEIN	MFEIJPGIGIH	Clipper2Lib.ClipperOffset	_stepSin	0.30	order	I
field	GHHNDKCMEIN	ACNGNMPLDKO	Clipper2Lib.ClipperOffset	_stepCos	0.30	order	I
field	GHHNDKCMEIN	IEFECDBAFKA	Clipper2Lib.ClipperOffset	_joinType	0.30	order	I
field	GHHNDKCMEIN	CEDJODIKBFH	Clipper2Lib.ClipperOffset	_endType	0.30	order	I
field	GHHNDKCMEIN	<PGKBIPDJHLI>k__BackingField	Clipper2Lib.ClipperOffset	<ArcTolerance>k__BackingField	0.30	order	I
field	GHHNDKCMEIN	<PHCKEHFCIAC>k__BackingField	Clipper2Lib.ClipperOffset	<MergeGroups>k__BackingField	0.30	order	I
field	GHHNDKCMEIN	<KKAINMLFIOM>k__BackingField	Clipper2Lib.ClipperOffset	<MiterLimit>k__BackingField	0.30	order	I
field	GHHNDKCMEIN	<KLDFCBKDIHE>k__BackingField	Clipper2Lib.ClipperOffset	<PreserveCollinear>k__BackingField	0.30	order	I
field	GHHNDKCMEIN	<EFGJFACBBHI>k__BackingField	Clipper2Lib.ClipperOffset	<ReverseSolution>k__BackingField	0.30	order	I
field	GHHNDKCMEIN	<NGHEBPJHKIB>k__BackingField	Clipper2Lib.ClipperOffset	<DeltaCallback>k__BackingField	0.30	order	I
field	GHHNDKCMEIN/DNPOMIKCJJA	OOGEDOCGJME	Clipper2Lib.ClipperOffset/Group	inPaths	0.30	order	I
field	GHHNDKCMEIN/DNPOMIKCJJA	PBGPMKLAAKN	Clipper2Lib.ClipperOffset/Group	joinType	0.30	order	I
field	GHHNDKCMEIN/DNPOMIKCJJA	KGEAMNEGLHD	Clipper2Lib.ClipperOffset/Group	endType	0.30	order	I
field	GHHNDKCMEIN/DNPOMIKCJJA	NMPNLOELPOL	Clipper2Lib.ClipperOffset/Group	pathsReversed	0.80	shape	I
field	GHHNDKCMEIN/DNPOMIKCJJA	GLJHFNKJNNH	Clipper2Lib.ClipperOffset/Group	lowestPathIdx	0.80	shape	I
prop	SFS.World.GHIRYDDEJYLWXMBB	JHKEKLCNFHF	SFS.World.WorldLocation	Height	0.90	accessor	P
prop	SFS.World.GHIRYDDEJYLWXMBB	GNILLGNIDJE	SFS.World.WorldLocation	Value	0.90	accessor	P
method	GIBIPPPJHAL	PBALAFGCBAF	Clipper2Lib.Point64	op_Addition	0.95	ilhash	SP
method	GIBIPPPJHAL	ADMAIOHNPJE	Clipper2Lib.Point64	op_Inequality	0.95	ilhash	SP
method	GIBIPPPJHAL	GPIOBCHLDPC	Clipper2Lib.Point64	op_Subtraction	0.95	ilhash	SP
method	GIBIPPPJHAL	HDLPCPMAMMI	Clipper2Lib.Point64	op_Equality	0.95	ilhash	SP
field	GIBIPPPJHAL	LADOJBHIOAC	Clipper2Lib.Point64	X	0.30	order	I
field	GIBIPPPJHAL	MPPMJMOFMCG	Clipper2Lib.Point64	Y	0.30	order	I
method	GIBMDILDAPE	KPHBAFMGGMP	SFS.Parsers.Ini.IniConverter	GetSection	0.95	ilhash	P
method	GIBMDILDAPE	FJPIMGEHNOI	SFS.Parsers.Ini.IniConverter	<LoadIni>g__ReadValue|5_2	0.95	ilhash	S
method	GIBMDILDAPE	KPGGCNJBPDA	SFS.Parsers.Ini.IniConverter	<LoadIni>g__ReadSection|5_3	0.95	ilhash	S
method	GIBMDILDAPE	MNNNHCPJKIK	SFS.Parsers.Ini.IniConverter	Serialize	0.95	ilhash	P
method	GIBMDILDAPE	EHKCPGCPNJN	SFS.Parsers.Ini.IniConverter	<LoadIni>g__ReadKey|5_1	0.95	ilhash	S
method	GIBMDILDAPE	JCEIBDDHBJL	SFS.Parsers.Ini.IniConverter	LoadIni	0.95	ilhash	P
method	GIBMDILDAPE	CFENHPPPKBP	SFS.Parsers.Ini.IniConverter	GetSectionNames	0.95	ilhash	P
method	GIBMDILDAPE	HJHDOKMAOHO	SFS.Parsers.Ini.IniConverter	<LoadIni>g__ReadComment|5_0	0.95	ilhash	S
field	GIBMDILDAPE	JBJDNIDOOPB	SFS.Parsers.Ini.IniConverter	data	0.80	shape	I
field	GIBMDILDAPE	HLIAMEEHBPO	SFS.Parsers.Ini.IniConverter	commentPrefixes	0.80	shape	S
method	GIBMDILDAPE/<>c	EGJGOIFJEMG	SFS.Parsers.Ini.IniConverter/<>c	<GetSectionNames>b__7_0	0.95	ilhash	-
method	GIBMDILDAPE/FEECOGLOCFD	NDJILAEHCJH	SFS.Parsers.Ini.IniConverter/StringReader	IsAtEnd	0.95	ilhash	P
method	GIBMDILDAPE/FEECOGLOCFD	AJBIGAMDEHN	SFS.Parsers.Ini.IniConverter/StringReader	Peek	0.95	ilhash	P
method	GIBMDILDAPE/FEECOGLOCFD	CABLNHBEGJK	SFS.Parsers.Ini.IniConverter/StringReader	PeekEquals	0.95	ilhash	P
method	GIBMDILDAPE/FEECOGLOCFD	AMHHDAHDBBG	SFS.Parsers.Ini.IniConverter/StringReader	Split	0.95	ilhash	P
method	GIBMDILDAPE/FEECOGLOCFD	DEJABMKJKIG	SFS.Parsers.Ini.IniConverter/StringReader	Read	0.95	ilhash	P
method	GIBMDILDAPE/FEECOGLOCFD	PJEFMJOHKIJ	SFS.Parsers.Ini.IniConverter/StringReader	SetPos	0.95	ilhash	P
method	GIBMDILDAPE/FEECOGLOCFD	PAKJFHMNCNI	SFS.Parsers.Ini.IniConverter/StringReader	Merge	0.95	ilhash	P
field	GIBMDILDAPE/FEECOGLOCFD	LFGPBCNLIAK	SFS.Parsers.Ini.IniConverter/StringReader	input	0.80	shape	I
field	GIBMDILDAPE/FEECOGLOCFD	BPKCHFGFDCG	SFS.Parsers.Ini.IniConverter/StringReader	pos	0.80	shape	I
method	GIBMDILDAPE/IKCNFDHNNDI	EPDAIHAPOPB	SFS.Parsers.Ini.IniConverter/<>c__DisplayClass6_0	<Serialize>g__AppendLine|3	0.95	ilhash	-
method	GIBMDILDAPE/IKCNFDHNNDI	AHGNMCIELNO	SFS.Parsers.Ini.IniConverter/<>c__DisplayClass6_0	<Serialize>g__AppendDataLine|6	0.95	ilhash	-
method	GIBMDILDAPE/IKCNFDHNNDI	JHEIBIDLAMP	SFS.Parsers.Ini.IniConverter/<>c__DisplayClass6_0	<Serialize>g__AppendDataValue|9	0.95	ilhash	-
method	GIBMDILDAPE/IKCNFDHNNDI	DKDDOALGOHL	SFS.Parsers.Ini.IniConverter/<>c__DisplayClass6_0	<Serialize>g__AppendWhiteLine|0	0.95	ilhash	-
method	GIBMDILDAPE/IKCNFDHNNDI	HGBEFLMEBKA	SFS.Parsers.Ini.IniConverter/<>c__DisplayClass6_0	<Serialize>g__AppendAftComment|5	0.95	ilhash	-
method	GIBMDILDAPE/IKCNFDHNNDI	NLKBHCHEIGE	SFS.Parsers.Ini.IniConverter/<>c__DisplayClass6_0	<Serialize>g__AppendSection|7	0.95	ilhash	-
method	GIBMDILDAPE/IKCNFDHNNDI	GCCNKCGHGHB	SFS.Parsers.Ini.IniConverter/<>c__DisplayClass6_0	<Serialize>g__EnsureWhitelines|1	0.95	ilhash	-
method	GIBMDILDAPE/IKCNFDHNNDI	FIHKHFANHFO	SFS.Parsers.Ini.IniConverter/<>c__DisplayClass6_0	<Serialize>b__8	0.95	ilhash	-
method	GIBMDILDAPE/IKCNFDHNNDI	HNLDPAIKDOD	SFS.Parsers.Ini.IniConverter/<>c__DisplayClass6_0	<Serialize>g__Append|2	0.95	ilhash	-
method	GIBMDILDAPE/IKCNFDHNNDI	AADHLMIGGEL	SFS.Parsers.Ini.IniConverter/<>c__DisplayClass6_0	<Serialize>g__AppendComment|4	0.95	ilhash	-
method	GKINEAMNBNA	GPJJBONODEO	SFS.Navigation.Basic	GetArrivalDiff	0.95	ilhash	SP
method	GKINEAMNBNA	OBJKJIAALED	SFS.Navigation.Basic	GetHohmanTransfer	0.95	ilhash	SP
method	GKINEAMNBNA	FMGEKIJEHCF	SFS.Navigation.Basic	Direct_Current	0.95	ilhash	SP
method	GKINEAMNBNA	CMLADFJODCM	SFS.Navigation.Basic	GetPredictedHohman	0.95	ilhash	SP
method	GKINEAMNBNA/CLJBHIFJCJK	EEOPNAALBFJ	SFS.Navigation.Basic/<>c__DisplayClass0_2	<Direct_Current>b__3	0.95	ilhash	-
method	GKINEAMNBNA/LOFNAECMIBL	MFOEHKHIKAN	SFS.Navigation.Basic/<>c__DisplayClass0_0	<Direct_Current>b__0	0.95	ilhash	-
method	GKINEAMNBNA/MHFONCLDMMN	FMGPMHLLMHA	SFS.Navigation.Basic/<>c__DisplayClass0_1	<Direct_Current>b__1	0.95	ilhash	-
method	GKINEAMNBNA/MHFONCLDMMN	CDFKNOCDJEP	SFS.Navigation.Basic/<>c__DisplayClass0_1	<Direct_Current>b__2	0.95	ilhash	-
method	GKINEAMNBNA/NDJKIKKKBEC	JPNOMFKPIDA	SFS.Navigation.Basic/<>c__DisplayClass2_0	<GetHohmanTransfer>b__2	0.95	ilhash	-
method	GKINEAMNBNA/NDJKIKKKBEC	FIFHFHIBJMM	SFS.Navigation.Basic/<>c__DisplayClass2_0	<GetHohmanTransfer>b__0	0.95	ilhash	-
method	GKINEAMNBNA/NDJKIKKKBEC	EKLGPNPFIED	SFS.Navigation.Basic/<>c__DisplayClass2_0	<GetHohmanTransfer>b__1	0.95	ilhash	-
field	GKNNFNNGJOP	HPNPBOHABKJ	Clipper2Lib.Triangle	edges	0.80	shape	I
method	GLCCMFAHOOI	POEMDKLFHPJ	SFS.Parsers.Constructed.Compute	Compile	0.95	ilhash	SP
method	GLCCMFAHOOI	OMBPLACIOGI	SFS.Parsers.Constructed.Compute	GetVariablesUsed	0.95	ilhash	SP
method	GLCCMFAHOOI	KOJFGHAGOLP	SFS.Parsers.Constructed.Compute	<Compile>g__Operator|1_0	0.95	ilhash	S
method	GLCCMFAHOOI/AEDFIDBIACP	FLKLMJKINJM	SFS.Parsers.Constructed.Compute/I_Node	get_Value	0.75	virtual-order	VANP
method	GLCCMFAHOOI/AEIAEGLJCME	FLKLMJKINJM	SFS.Parsers.Constructed.Compute/Add	get_Value	0.95	ilhash	VP
method	GLCCMFAHOOI/BFOEJGKNBAO	FLKLMJKINJM	SFS.Parsers.Constructed.Compute/Subtract	get_Value	0.95	ilhash	VP
method	GLCCMFAHOOI/IPKOPMMCLHC	FLKLMJKINJM	SFS.Parsers.Constructed.Compute/Divide	get_Value	0.95	ilhash	VP
method	GLCCMFAHOOI/JKLKLODLLCH	FLKLMJKINJM	SFS.Parsers.Constructed.Compute/Operator	get_Value	0.75	virtual-order	VANP
field	GLCCMFAHOOI/JKLKLODLLCH	GJPMLIEMNMJ	SFS.Parsers.Constructed.Compute/Operator	A	0.30	order	I
field	GLCCMFAHOOI/JKLKLODLLCH	BKKMGPFIOLC	SFS.Parsers.Constructed.Compute/Operator	B	0.30	order	I
method	GLCCMFAHOOI/KONCHDKFELI	OALILIBMBNC	SFS.Parsers.Constructed.Compute/Number	set_Value	0.95	ilhash	P
method	GLCCMFAHOOI/KONCHDKFELI	FLKLMJKINJM	SFS.Parsers.Constructed.Compute/Number	get_Value	0.95	ilhash	VNP
field	GLCCMFAHOOI/KONCHDKFELI	<FDDNIMNLEAI>k__BackingField	SFS.Parsers.Constructed.Compute/Number	<Value>k__BackingField	0.80	shape	I
method	GLCCMFAHOOI/ONBOMBHIPHN	FLKLMJKINJM	SFS.Parsers.Constructed.Compute/Multiply	get_Value	0.95	ilhash	VP
method	GLCCMFAHOOI/PILCHLFIGHH	FLKLMJKINJM	SFS.Parsers.Constructed.Compute/Variable	get_Value	0.95	ilhash	VNP
field	GLCCMFAHOOI/PILCHLFIGHH	EDJGJBLHLPJ	SFS.Parsers.Constructed.Compute/Variable	modifier	0.80	shape	I
field	GLCCMFAHOOI/PILCHLFIGHH	FCJFCIKDOOI	SFS.Parsers.Constructed.Compute/Variable	variable	0.80	shape	I
method	GMCBOHJOFBP	FPAEGPEPKHA	SFS.UI.ModGUI.Space	Init	0.95	ilhash	VP
field	GMFMNLGIMJP	JBJGLGBOLDL	SFS.World.Maps.Maneuver	orbit	0.80	shape	I
field	GMFMNLGIMJP	IDBHNMALABA	SFS.World.Maps.Maneuver	deltaV	0.80	shape	I
field	GMFMNLGIMJP	EHDIGJCIKFA	SFS.World.Maps.Maneuver	draw	0.80	shape	I
method	GMPHNELKAMG	CKGLMJHGNPP	Clipper2Lib.RectClipLines64	GetPath	0.95	ilhash	S
method	GMPHNELKAMG	NNPFFEAGLBP	Clipper2Lib.RectClipLines64	Execute	0.95	ilhash	P
method	GMPHNELKAMG	GANHDEADOMB	Clipper2Lib.RectClipLines64	ExecuteInternal	0.95	ilhash	-
method	SFS.Input.GNCDHSXVFDNECDIE	PDAGIHBNMAI	SFS.Input.ScreenManager	set_CurrentScreen	0.95	ilhash	-
method	SFS.Input.GNCDHSXVFDNECDIE	PHMJLPPGLPD	SFS.Input.ScreenManager	<Awake>b__8_0	0.95	ilhash	-
field	SFS.Input.GNCDHSXVFDNECDIE	<EOCALKKIBCA>k__BackingField	SFS.Input.ScreenManager	<CurrentScreen>k__BackingField	0.80	shape	I
field	SFS.Input.GNCDHSXVFDNECDIE	APOAMPHJODJ	SFS.Input.ScreenManager	screenStack	0.80	shape	I
prop	SFS.Input.GNCDHSXVFDNECDIE	CHEKJIBCJCJ	SFS.Input.ScreenManager	CurrentScreen	0.90	accessor	P
method	GNDNAMPPNMB	EBMLKGHAPMF	SFS.Builds.Blueprint_Saving	SFS.UI.I_SavingBase.Delete	0.95	ilhash	VN
method	GNDNAMPPNMB	PPJACMPEABP	SFS.Builds.Blueprint_Saving	SFS.UI.I_SavingBase.GetImportAvailability	0.95	ilhash	VN
method	GNDNAMPPNMB	NNOBCKLCEJD	SFS.Builds.Blueprint_Saving	SFS.UI.I_SavingBase.Import	0.95	ilhash	VN
method	GNDNAMPPNMB	LBJABKAMFAN	SFS.Builds.Blueprint_Saving	LoadBlueprint	0.95	ilhash	S
method	GNDNAMPPNMB	FHEGILCNGEK	SFS.Builds.Blueprint_Saving	SFS.UI.I_SavingBase.get_LoadButtonText	0.95	ilhash	VN
method	GNDNAMPPNMB	CKGLMJHGNPP	SFS.Builds.Blueprint_Saving	GetPath	0.95	ilhash	S
method	GNDNAMPPNMB	LNLMBNGKAIK	SFS.Builds.Blueprint_Saving	SFS.UI.I_SavingBase.get_Title	0.95	ilhash	VN
method	GNDNAMPPNMB	EFBMBCNOPIL	SFS.Builds.Blueprint_Saving	GetBlueprintsList	0.95	ilhash	S
method	GNDNAMPPNMB	ILIMDHKHEJL	SFS.Builds.Blueprint_Saving	SFS.UI.I_SavingBase.GetOrderer	0.95	ilhash	VN
method	GNDNAMPPNMB	CBCANJLMJOF	SFS.Builds.Blueprint_Saving	SFS.UI.I_SavingBase.Load	0.95	ilhash	VN
method	GNDNAMPPNMB	AFPBACCNHAA	SFS.Builds.Blueprint_Saving	SFS.UI.I_SavingBase.Rename	0.95	ilhash	VN
method	GNDNAMPPNMB	FCHBJBHBGBE	SFS.Builds.Blueprint_Saving	SFS.UI.I_SavingBase.Save	0.95	ilhash	VN
method	GNDNAMPPNMB	GADKHFCFPHG	SFS.Builds.Blueprint_Saving	SFS.UI.I_SavingBase.CanSave	0.95	ilhash	VN
method	GNDNAMPPNMB	BEGPPODDLIL	SFS.Builds.Blueprint_Saving	<SFS.UI.I_SavingBase.Save>g__Save|6_6	0.95	ilhash	S
method	GNDNAMPPNMB/<>c	KJJFHJEEDGO	SFS.Builds.Blueprint_Saving/<>c	<SFS.UI.I_SavingBase.Save>b__6_3	0.95	ilhash	-
method	GNDNAMPPNMB/<>c	MEMNCOIHLMG	SFS.Builds.Blueprint_Saving/<>c	<SFS.UI.I_SavingBase.Save>b__6_2	0.95	ilhash	-
method	GNDNAMPPNMB/<>c	PKPGLLJEILF	SFS.Builds.Blueprint_Saving/<>c	<SFS.UI.I_SavingBase.Save>b__6_1	0.95	ilhash	-
method	GNDNAMPPNMB/<>c	BLNMDNFKNII	SFS.Builds.Blueprint_Saving/<>c	<SFS.UI.I_SavingBase.Save>b__6_0	0.95	ilhash	-
method	GNDNAMPPNMB/<>c	LPKOKDNBLLN	SFS.Builds.Blueprint_Saving/<>c	<SFS.UI.I_SavingBase.Load>b__7_0	0.95	ilhash	-
method	GNDNAMPPNMB/<>c	IOCOGLMBOOF	SFS.Builds.Blueprint_Saving/<>c	<SFS.UI.I_SavingBase.Import>b__8_0	0.95	ilhash	-
method	GNDNAMPPNMB/DLNAGHGLJON	AIKBDADDMDD	SFS.Builds.Blueprint_Saving/<>c__DisplayClass9_0	<LoadBlueprint>b__0	0.95	ilhash	-
method	GNDNAMPPNMB/GGACIMMKLCJ	KOGDPHCLFFD	SFS.Builds.Blueprint_Saving/<>c__DisplayClass6_1	<SFS.UI.I_SavingBase.Save>b__7	0.95	ilhash	-
method	GNDNAMPPNMB/ILCELGMHGIN	IMKGDAILPBB	SFS.Builds.Blueprint_Saving/<>c__DisplayClass6_0	<SFS.UI.I_SavingBase.Save>b__5	0.95	ilhash	-
method	GNDNAMPPNMB/ILCELGMHGIN	PAGOCLHCNJC	SFS.Builds.Blueprint_Saving/<>c__DisplayClass6_0	<SFS.UI.I_SavingBase.Save>b__4	0.95	ilhash	-
method	ModLoader.IO.GNEJFUQQDMHNSCQM	JGHONHPGGMM	ModLoader.IO.Console	get_OnEscape	0.95	ilhash	V
method	ModLoader.IO.GNEJFUQQDMHNSCQM	IJNMKMOHAAN	ModLoader.IO.Console	UpdateText	0.95	ilhash	-
method	ModLoader.IO.GNEJFUQQDMHNSCQM	BFPKJGENDAM	ModLoader.IO.Console	<ReadConsoleInput>b__19_0	0.95	ilhash	-
method	ModLoader.IO.GNEJFUQQDMHNSCQM	FAJFFBEDCMB	ModLoader.IO.Console	ReadConsoleInput	0.95	ilhash	-
method	ModLoader.IO.GNEJFUQQDMHNSCQM	NLODOLMFHDA	ModLoader.IO.Console	HandleLog	0.95	ilhash	-
method	ModLoader.IO.GNEJFUQQDMHNSCQM	CNEPNGHBPMA	ModLoader.IO.Console	<Start>b__17_0	0.95	ilhash	-
field	ModLoader.IO.GNEJFUQQDMHNSCQM	APJMJLPMINO	ModLoader.IO.Console	MaxLines	0.80	shape	S
field	ModLoader.IO.GNEJFUQQDMHNSCQM	FODBIAAJBGA	ModLoader.IO.Console	queue	0.80	shape	I
field	ModLoader.IO.GNEJFUQQDMHNSCQM	DPCLOLMKKEF	ModLoader.IO.Console	lastLog	0.80	shape	I
field	ModLoader.IO.GNEJFUQQDMHNSCQM	CBHNLEJGECI	ModLoader.IO.Console	scroller	0.80	shape	I
method	ModLoader.IO.GNEJFUQQDMHNSCQM/<>c	BOIHONCNLIN	ModLoader.IO.Console/<>c	<Awake>b__3_1	0.95	ilhash	-
method	ModLoader.IO.GNEJFUQQDMHNSCQM/<>c	EPODKCEHMML	ModLoader.IO.Console/<>c	<Awake>b__3_0	0.95	ilhash	-
method	ModLoader.IO.GNEJFUQQDMHNSCQM/<>c	ANFJGMAPNIO	ModLoader.IO.Console/<>c	<Awake>b__3_2	0.95	ilhash	-
method	SFS.UI.GNKYQZMREYJDNNEI	JCKEJBPHDOG	SFS.UI.ButtonPC	KillTween	0.95	ilhash	-
method	SFS.UI.GNKYQZMREYJDNNEI	OALPBJNCGME	SFS.UI.ButtonPC	SetState	0.95	ilhash	-
field	SFS.UI.GNKYQZMREYJDNNEI	KLNHJEOFKBL	SFS.UI.ButtonPC	selected	0.30	order	I
field	SFS.UI.GNKYQZMREYJDNNEI	KBBNKLLPCDO	SFS.UI.ButtonPC	over	0.30	order	I
field	SFS.UI.GNKYQZMREYJDNNEI	MONHGJNBFLJ	SFS.UI.ButtonPC	isDestroy	0.30	order	I
method	GOGNDNBEPDG	ACKFLBIPNHG	SFS.Parts.Modules.Splittable	GetSplits	0.95	ilhash	S
method	GOGNDNBEPDG	AMHHDAHDBBG	SFS.Parts.Modules.Splittable	Split	0.95	ilhash	SP
method	SFS.World.GORXZXKZNHQFHUPS	NMPBLFILPKO	SFS.World.VelocityArrowDrawer	<OnLocationChange>g__WrapSizeAndColor|7_3	0.95	ilhash	S
method	SFS.World.GORXZXKZNHQFHUPS	GIHKOFGDDPE	SFS.World.VelocityArrowDrawer	<OnLocationChange>g__BigWhite|7_2	0.95	ilhash	S
method	SFS.World.GORXZXKZNHQFHUPS	EOJMEKCCLOB	SFS.World.VelocityArrowDrawer	<OnLocationChange>g__SmallGray|7_1	0.95	ilhash	S
method	SFS.World.GORXZXKZNHQFHUPS	DOIOOJGMPKM	SFS.World.VelocityArrowDrawer	OnPlayerChange	0.95	ilhash	-
method	SFS.World.GORXZXKZNHQFHUPS	PPAGJGFCNAH	SFS.World.VelocityArrowDrawer	OnLocationChange	0.95	ilhash	-
method	SFS.World.GORXZXKZNHQFHUPS	IBIENIBJFPA	SFS.World.VelocityArrowDrawer	DisableAll	0.95	ilhash	-
method	SFS.World.GORXZXKZNHQFHUPS	MGCGNDNBNID	SFS.World.VelocityArrowDrawer	GetArrowLength	0.95	ilhash	S
method	SFS.World.GORXZXKZNHQFHUPS/<>c	ICMPMDDKILK	SFS.World.VelocityArrowDrawer/<>c	<OnLocationChange>b__7_8	0.95	ilhash	-
method	SFS.World.GORXZXKZNHQFHUPS/Arrow	ILJCNCIEEPM	SFS.World.VelocityArrowDrawer/Arrow	Position	0.95	ilhash	P
method	SFS.World.GORXZXKZNHQFHUPS/Arrow	BNLBJHNMDKJ	SFS.World.VelocityArrowDrawer/Arrow	SetActive	0.95	ilhash	P
method	SFS.World.GORXZXKZNHQFHUPS/EHONPPCCOMM	DJBKKOEEABJ	SFS.World.VelocityArrowDrawer/<>c__DisplayClass7_0	<OnLocationChange>g__GetText_Forward|0	0.95	ilhash	-
method	SFS.World.GORXZXKZNHQFHUPS/EHONPPCCOMM	BNHHHIJPFIE	SFS.World.VelocityArrowDrawer/<>c__DisplayClass7_0	<OnLocationChange>g__GetText|4	0.95	ilhash	-
method	SFS.World.GORXZXKZNHQFHUPS/EHONPPCCOMM	FIAJDABCCPC	SFS.World.VelocityArrowDrawer/<>c__DisplayClass7_0	<OnLocationChange>g__GetText|5	0.95	ilhash	-
method	SFS.World.GORXZXKZNHQFHUPS/PIKOFCLHOIG	DAJANMNADOG	SFS.World.VelocityArrowDrawer/<>c__DisplayClass7_1	<OnLocationChange>b__7	0.95	ilhash	-
method	SFS.World.GORXZXKZNHQFHUPS/PIKOFCLHOIG	LHLPOMLJDPL	SFS.World.VelocityArrowDrawer/<>c__DisplayClass7_1	<OnLocationChange>b__6	0.95	ilhash	-
method	GTUJLGEQJYJLAWBT	ENDODFDBPIG	BurnManager	GetBurn	0.95	ilhash	-
field	GTUJLGEQJYJLAWBT	JLGMGLHCIMD	BurnManager	currentMarkOpacity	0.80	shape	I
method	_Game.GTVJKNEDTBBWTJZT	MOHOCMDOAPC	_Game.GameMusic	MuteMusic	0.95	ilhash	-
method	_Game.GTVJKNEDTBBWTJZT	DCIKMHIMGME	_Game.GameMusic	UpdateMusic	0.95	ilhash	-
field	_Game.GTVJKNEDTBBWTJZT	NIJHGNLALCP	_Game.GameMusic	playingSpaceMusic	0.80	shape	I
method	SFS.Builds.GUWIETYQGHMHNREY	LFAPPEGPDPI	SFS.Builds.BuildSelector	<DrawRegionalOutline>g__NormalizeEdge|15_0	0.95	ilhash	S
method	SFS.Builds.GUWIETYQGHMHNREY	GPHDLBCKABH	SFS.Builds.BuildSelector	I_GLDrawer.Draw	0.95	ilhash	VN
method	SFS.Builds.GUWIETYQGHMHNREY	FLBBDGBLICG	SFS.Builds.BuildSelector	GetLayers	0.95	ilhash	-
field	SFS.Builds.GUWIETYQGHMHNREY	NCDEPLOILPA	SFS.Builds.BuildSelector	cornerResolution	0.80	shape	S
field	SFS.Builds.GUWIETYQGHMHNREY	BGCINPNOKKP	SFS.Builds.BuildSelector	partsCache	0.80	shape	I
method	SFS.World.GYQDBJWJYGGQFHCA	OOPHOAHAMKB	SFS.World.ThrottleDrawer	<Start>b__7_3	0.95	ilhash	-
method	SFS.World.GYQDBJWJYGGQFHCA	JGAHJDEOBEO	SFS.World.ThrottleDrawer	OnHasControlChange	0.95	ilhash	-
method	SFS.World.GYQDBJWJYGGQFHCA	IPGKJNFNIDD	SFS.World.ThrottleDrawer	UseUI_ToSetThrottle	0.95	ilhash	-
method	SFS.World.GYQDBJWJYGGQFHCA	FHDOHJDFMIB	SFS.World.ThrottleDrawer	<Start>b__7_5	0.95	ilhash	-
method	SFS.World.GYQDBJWJYGGQFHCA	KANCPGKBCCA	SFS.World.ThrottleDrawer	UpdateThrottleOnUI	0.95	ilhash	-
method	SFS.World.GYQDBJWJYGGQFHCA	CMJAHGMMFIE	SFS.World.ThrottleDrawer	CanThrottle	0.95	ilhash	-
method	SFS.World.GYQDBJWJYGGQFHCA	DOIOOJGMPKM	SFS.World.ThrottleDrawer	OnPlayerChange	0.95	ilhash	-
method	SFS.World.GYQDBJWJYGGQFHCA	GHPOELJENAF	SFS.World.ThrottleDrawer	ReverseCurve	0.95	ilhash	S
method	SFS.World.GYQDBJWJYGGQFHCA	CEPHEHECFCP	SFS.World.ThrottleDrawer	ApplyCurve	0.95	ilhash	S
method	SFS.World.GYQDBJWJYGGQFHCA	KECNMOCIBAL	SFS.World.ThrottleDrawer	OnThrottleChange	0.95	ilhash	-
method	SFS.World.GYQDBJWJYGGQFHCA	HJAJFLPGAOL	SFS.World.ThrottleDrawer	UpdateShow	0.95	ilhash	-
method	SFS.World.GYQDBJWJYGGQFHCA	NJJOCCIKHJI	SFS.World.ThrottleDrawer	<Start>b__7_4	0.95	ilhash	-
method	SFS.World.GYQDBJWJYGGQFHCA	ECHLLHGJFFF	SFS.World.ThrottleDrawer	<Start>b__7_2	0.95	ilhash	-
method	SFS.World.GYQDBJWJYGGQFHCA	FLCJPNJOHGC	SFS.World.ThrottleDrawer	<Start>b__7_1	0.95	ilhash	-
method	SFS.World.GYQDBJWJYGGQFHCA	PCNNAKHDLDL	SFS.World.ThrottleDrawer	UpdatePercentUI	0.95	ilhash	-
method	SFS.World.GYQDBJWJYGGQFHCA	HMCJOFKIDMN	SFS.World.ThrottleDrawer	AdjustThrottleRaw	0.95	ilhash	-
method	SFS.World.GYQDBJWJYGGQFHCA	OPMGBKAGDBI	SFS.World.ThrottleDrawer	<Start>b__7_0	0.95	ilhash	-
method	SFS.World.GYQDBJWJYGGQFHCA	FDGDOKEDBPJ	SFS.World.ThrottleDrawer	SetThrottleRaw	0.95	ilhash	-
field	SFS.World.GYQDBJWJYGGQFHCA	CAGGDMEKPID	SFS.World.ThrottleDrawer	throttle	0.80	shape	I
field	SFS.World.GYQDBJWJYGGQFHCA	IDILLCFMEGE	SFS.World.ThrottleDrawer	Pow	0.80	shape	S
method	SFS.World.HAJMCTBTXAHCAPGZ	PGILNENDHBI	SFS.World.Astronaut_EVA	SFS.World.I_Physics.set_PhysicsMode	0.95	ilhash	VN
method	SFS.World.HAJMCTBTXAHCAPGZ	BFNJGCEJFND	SFS.World.Astronaut_EVA	SFS.World.I_Physics.get_LocalVelocity	0.95	ilhash	VN
method	SFS.World.HAJMCTBTXAHCAPGZ	DGPLBIDCLME	SFS.World.Astronaut_EVA	StartDeathAnimation	0.95	ilhash	-
method	SFS.World.HAJMCTBTXAHCAPGZ	BKCKEBHGBJN	SFS.World.Astronaut_EVA	get_Deceleration	0.95	ilhash	-
method	SFS.World.HAJMCTBTXAHCAPGZ	PGHJJADCEIC	SFS.World.Astronaut_EVA	SFS.World.I_Physics.set_LocalVelocity	0.95	ilhash	VN
method	SFS.World.HAJMCTBTXAHCAPGZ	EJGEJNEFDCO	SFS.World.Astronaut_EVA	OnJumpKeyDown	0.95	ilhash	-
method	SFS.World.HAJMCTBTXAHCAPGZ	PMEMCNPLOKL	SFS.World.Astronaut_EVA	get_Acceleration	0.95	ilhash	-
method	SFS.World.HAJMCTBTXAHCAPGZ	LBEABENJBCD	SFS.World.Astronaut_EVA	<StartDeathAnimation>b__45_0	0.95	ilhash	VN
method	SFS.World.HAJMCTBTXAHCAPGZ	OCLNFFCNFOG	SFS.World.Astronaut_EVA	RCS	0.95	ilhash	-
method	SFS.World.HAJMCTBTXAHCAPGZ	BNCEJEPFFNO	SFS.World.Astronaut_EVA	SFS.World.I_Physics.OnFixedUpdate	0.95	ilhash	VN
method	SFS.World.HAJMCTBTXAHCAPGZ	HNIBGPBLBIB	SFS.World.Astronaut_EVA	SFS.World.I_Physics.get_PhysicsMode	0.95	ilhash	VN
method	SFS.World.HAJMCTBTXAHCAPGZ	MGIGNKAHMFD	SFS.World.Astronaut_EVA	DeathAnimation	0.95	ilhash	S
method	SFS.World.HAJMCTBTXAHCAPGZ	EGNNABIFGNH	SFS.World.Astronaut_EVA	OnFixedUpdate	0.95	ilhash	-
method	SFS.World.HAJMCTBTXAHCAPGZ	DEBIODKLOBH	SFS.World.Astronaut_EVA	get_RunSpeed	0.95	ilhash	-
method	SFS.World.HAJMCTBTXAHCAPGZ	ICDLIHLIBNA	SFS.World.Astronaut_EVA	get_JumpVelocity	0.95	ilhash	-
method	SFS.World.HAJMCTBTXAHCAPGZ	GNCFALNCPCO	SFS.World.Astronaut_EVA	SFS.World.I_Physics.OnCrashIntoPlanet	0.95	ilhash	-
method	SFS.World.HAJMCTBTXAHCAPGZ	CLKOABHEBHL	SFS.World.Astronaut_EVA	get_G	0.95	ilhash	-
field	SFS.World.HAJMCTBTXAHCAPGZ	KLKKNICHNAB	SFS.World.Astronaut_EVA	thrusters	0.80	shape	I
field	SFS.World.HAJMCTBTXAHCAPGZ	LJAFCPAIDCE	SFS.World.Astronaut_EVA	holdingUp	0.80	shape	I
prop	SFS.World.HAJMCTBTXAHCAPGZ	FCEHLFPOMFK	SFS.World.Astronaut_EVA	CanPickItselfUp	0.90	accessor	P
prop	SFS.World.HAJMCTBTXAHCAPGZ	CGIJDKLPKFG	SFS.World.Astronaut_EVA	LocalPosition	0.90	accessor	P
method	SFS.World.HBMZCUZQFGSQZCYZ	PFJBBBMHDCG	SFS.World.GameMenus	UpdateTopCenter	0.95	ilhash	-
method	SFS.World.HBMZCUZQFGSQZCYZ	KNANFNAEJGL	SFS.World.GameMenus	CanRecover	0.95	ilhash	-
field	SFS.World.HBMZCUZQFGSQZCYZ	MFCOLJOKIGG	SFS.World.GameMenus	showRecoverButton	0.80	shape	I
method	HBPMOPAHHGA	LMELKIJNFBH	I_GLDrawer	Draw	0.50	order-sig	VANP
method	HDDJHJJNJGD	ANEIJABKPIN	SFS.World.TerrainSampler	GetTerrainSamples	0.95	ilhash	SP
method	HDDJHJJNJGD	HGCOLIFJGEC	SFS.World.TerrainSampler	GetTextureSamples	0.95	ilhash	SP
method	HDDJHJJNJGD/DHPIKKJLLGD	POEMDKLFHPJ	SFS.World.TerrainSampler/Compiler	Compile	0.95	ilhash	SP
method	HDDJHJJNJGD/DHPIKKJLLGD	ONHNOILHKCJ	SFS.World.TerrainSampler/Compiler	AddHeightMap	0.95	ilhash	S
method	HDDJHJJNJGD/DHPIKKJLLGD	GHPOELJENAF	SFS.World.TerrainSampler/Compiler	ApplyCurve	0.95	ilhash	S
method	HDDJHJJNJGD/DHPIKKJLLGD	FJFIMFLMLJJ	SFS.World.TerrainSampler/Compiler	<Compile>g__GetFunctionCall|6_0	0.95	ilhash	S
method	HDDJHJJNJGD/DHPIKKJLLGD	LDGJGBLGBBO	SFS.World.TerrainSampler/Compiler	Assign	0.95	ilhash	S
method	HDDJHJJNJGD/DHPIKKJLLGD	JCFKIHNDGGG	SFS.World.TerrainSampler/Compiler	Multiply	0.95	ilhash	S
method	HDDJHJJNJGD/DHPIKKJLLGD	JAJBCFJPKLB	SFS.World.TerrainSampler/Compiler	Add	0.95	ilhash	S
method	HDDJHJJNJGD/DHPIKKJLLGD	BEKPKCLPAAO	SFS.World.TerrainSampler/Compiler	ClampMinMax	0.95	ilhash	S
method	HDDJHJJNJGD/DHPIKKJLLGD/ADBOCAKFNEG	ICJBBLNCNEN	SFS.World.TerrainSampler/Compiler/<>c__DisplayClass0_0	<Assign>b__0	0.95	ilhash	-
method	HDDJHJJNJGD/DHPIKKJLLGD/EJHPBNJDDND	AKJHOACIFFF	SFS.World.TerrainSampler/Compiler/<>c__DisplayClass4_0	<Multiply>b__0	0.95	ilhash	-
method	HDDJHJJNJGD/DHPIKKJLLGD/GJNCMIFCFDB	FBFFFELLMMF	SFS.World.TerrainSampler/Compiler/<>c__DisplayClass3_0	<Add>b__0	0.95	ilhash	-
method	HDDJHJJNJGD/DHPIKKJLLGD/KDLKPAMHCLC	NINLFEABPHK	SFS.World.TerrainSampler/Compiler/<>c__DisplayClass2_0	<AddHeightMap>b__0	0.95	ilhash	-
method	HDDJHJJNJGD/DHPIKKJLLGD/KJLDBGPIMIP	NIAEGBIBJEM	SFS.World.TerrainSampler/Compiler/<>c__DisplayClass5_0	<ClampMinMax>b__0	0.95	ilhash	-
method	HDDJHJJNJGD/DHPIKKJLLGD/OHJPPDHIGPM	PHNCLJGLNJD	SFS.World.TerrainSampler/Compiler/<>c__DisplayClass1_0	<ApplyCurve>b__0	0.95	ilhash	-
method	HDDJHJJNJGD/DPCKHHBGLNF	HGJJCCGFKAP	SFS.World.TerrainSampler/Executor	Calculate	0.95	ilhash	P
field	HDDJHJJNJGD/DPCKHHBGLNF	ILHAELPJJLE	SFS.World.TerrainSampler/Executor	commands	0.80	shape	I
method	HDDJHJJNJGD/NCHDODJJPPM	FAMLJBPHPIO	SFS.World.TerrainSampler/TerrainSample	GetUserVariable	0.95	ilhash	P
field	HDDJHJJNJGD/NCHDODJJPPM	EGKHAMAFDHC	SFS.World.TerrainSampler/TerrainSample	angles	0.30	order	I
field	HDDJHJJNJGD/NCHDODJJPPM	IGHDEPJJACM	SFS.World.TerrainSampler/TerrainSample	surfaceArea	0.80	shape	I
field	HDDJHJJNJGD/NCHDODJJPPM	PPPHFICGKOL	SFS.World.TerrainSampler/TerrainSample	userVariables	0.80	shape	I
field	HDDJHJJNJGD/NCHDODJJPPM	PNAFLAEKMBP	SFS.World.TerrainSampler/TerrainSample	output	0.30	order	I
method	HEDJFBKIPOE	HGDJLOPHFJJ	Matrix2x2_Double	Apply	0.95	ilhash	P
method	HEDJFBKIPOE	ACLAHNFCEPM	Matrix2x2_Double	Angle	0.95	ilhash	SP
field	HEDJFBKIPOE	MKKANAOHFJP	Matrix2x2_Double	x	0.30	order	I
field	HEDJFBKIPOE	IIOIOADDMKL	Matrix2x2_Double	y	0.30	order	I
method	HELHJECIHPA	IEHOFLFHNHP	Clipper2Lib.HashCode	RotateLeft	0.95	ilhash	SP
method	HELHJECIHPA	HLFJBPEBJCP	Clipper2Lib.HashCode	GenerateGlobalSeed	0.95	ilhash	S
method	HELHJECIHPA	FFEOHKCEFIP	Clipper2Lib.HashCode	MixFinal	0.95	ilhash	S
method	HELHJECIHPA	KBIOIPDNPNK	Clipper2Lib.HashCode	Combine	0.95	ilhash	SP
method	HELHJECIHPA	JJJPIEMPFFD	Clipper2Lib.HashCode	QueueRound	0.95	ilhash	S
method	HELHJECIHPA	DHJELLPAIKN	Clipper2Lib.HashCode	MixEmptyState	0.95	ilhash	S
field	HELHJECIHPA	DGFGLPEKPGA	Clipper2Lib.HashCode	s_seed	0.30	order	S
field	HELHJECIHPA	FPMBDMAJGLE	Clipper2Lib.HashCode	Prime2	0.30	order	S
field	HELHJECIHPA	DHIHHDEMFJK	Clipper2Lib.HashCode	Prime3	0.30	order	S
field	HELHJECIHPA	IFOLOMNDJCP	Clipper2Lib.HashCode	Prime4	0.30	order	S
field	HELHJECIHPA	EOLPHKABIIE	Clipper2Lib.HashCode	Prime5	0.30	order	S
method	HFCLOMKKMCN	CBHGFFNMJHB	SFS.Translations.Loc	SetLanguage	0.95	ilhash	SP
field	HFCLOMKKMCN	NMKNOKDKLFO	SFS.Translations.Loc	languageName	0.80	shape	S
field	HFCLOMKKMCN	NKFKGLNJAOK	SFS.Translations.Loc	main	0.30	order	S
field	HFCLOMKKMCN	LLJOLIBPDOF	SFS.Translations.Loc	fields	0.80	shape	S
field	HFCLOMKKMCN	CHGNHBKDCNN	SFS.Translations.Loc	OnChange	0.30	order	S
method	HFFLNLIDDIP	LAEMMBJDFDB	SFS.Translations.Field	SetSub	0.95	ilhash	P
method	HFFLNLIDDIP	FAFLDONOBMA	SFS.Translations.Field	MultilineText	0.95	ilhash	SP
method	HFFLNLIDDIP	MKAJNGHDMDP	SFS.Translations.Field	GetSub	0.95	ilhash	P
method	HFFLNLIDDIP	DOLEAMAEOOC	SFS.Translations.Field	IsSentenceTerminator	0.95	ilhash	S
method	HFFLNLIDDIP	CAEDBOAMGIJ	SFS.Translations.Field	InjectPlanet	0.95	ilhash	P
method	HFFLNLIDDIP	PFMGNEAPLAB	SFS.Translations.Field	HasSub	0.95	ilhash	P
method	HFFLNLIDDIP	JBCEHNNPBIF	SFS.Translations.Field	Inject	0.95	ilhash	P
method	HFFLNLIDDIP	EOMHKCEEPMF	SFS.Translations.Field	op_Implicit	0.95	ilhash	SP
method	HFFLNLIDDIP	GCKKDAKKNBE	SFS.Translations.Field	InjectField	0.95	ilhash	P
method	HFFLNLIDDIP	FDPPLFJHOBI	SFS.Translations.Field	Subs	0.95	ilhash	SP
method	HFFLNLIDDIP	MLLFOCNGNNE	SFS.Translations.Field	GetBuilder	0.95	ilhash	-
method	HFFLNLIDDIP	OKPKMJPLJCG	SFS.Translations.Field	Text	0.95	ilhash	SP
field	HFFLNLIDDIP	HAKGHFIIDPL	SFS.Translations.Field	subs	0.80	shape	I
method	HFFLNLIDDIP/HNIJEIHBFEE	EOMHKCEEPMF	SFS.Translations.Field/Builder	op_Implicit	0.95	ilhash	SP
method	HFFLNLIDDIP/HNIJEIHBFEE	CILBHFOAMGG	SFS.Translations.Field/Builder	GetText	0.95	ilhash	P
method	HFFLNLIDDIP/HNIJEIHBFEE	KEPFMLDFLDI	SFS.Translations.Field/Builder	ShouldCapitalizeWord	0.95	ilhash	SP
method	HFFLNLIDDIP/HNIJEIHBFEE	GCKKDAKKNBE	SFS.Translations.Field/Builder	InjectField	0.95	ilhash	P
method	HFFLNLIDDIP/HNIJEIHBFEE	JBCEHNNPBIF	SFS.Translations.Field/Builder	Inject	0.95	ilhash	P
field	HFFLNLIDDIP/HNIJEIHBFEE	EIGIHDMMLCK	SFS.Translations.Field/Builder	stringBuilder	0.80	shape	S
field	HFFLNLIDDIP/HNIJEIHBFEE	EMOIAGDPPCH	SFS.Translations.Field/Builder	translation	0.80	shape	I
method	HFLCEBKDEEL	BIECCMHAHJE	Assets.Scripts.Utility.DictionaryUtils	At	0.95	ilhash	SP
method	HFLMEFJFFPF	PKJLKNBCHCC	SFS.MsgNone	SFS.I_MsgLogger.Log	0.95	ilhash	VN
method	HGBMLDHONBF	PAMPDBICINC	SFS.IO.OrderedPathList	Move	0.95	ilhash	P
method	HGBMLDHONBF	EMAJNPKDADD	SFS.IO.OrderedPathList	SaveOrder	0.95	ilhash	-
method	HGBMLDHONBF	CDFGLELJMMM	SFS.IO.OrderedPathList	Remove	0.95	ilhash	P
method	HGBMLDHONBF	PONGFCEJMNB	SFS.IO.OrderedPathList	Rename	0.95	ilhash	P
method	HGBMLDHONBF	NNCAMDFEMME	SFS.IO.OrderedPathList	GetOrder	0.95	ilhash	P
field	HGBMLDHONBF	KABCMDIJEJA	SFS.IO.OrderedPathList	OrderFileName	0.80	shape	S
field	HGBMLDHONBF	FJIOOMLMBHC	SFS.IO.OrderedPathList	root	0.80	shape	I
field	HGBMLDHONBF	LKBPLCFOFDH	SFS.IO.OrderedPathList	fileNames	0.80	shape	I
method	HGBMLDHONBF/<>c	KKDOMJAHNBD	SFS.IO.OrderedPathList/<>c	<.ctor>b__3_0	0.95	ilhash	-
method	HGBMLDHONBF/GJGJHLOLFDA	DAJFPONBJDN	SFS.IO.OrderedPathList/<>c__DisplayClass7_0	<Remove>b__0	0.95	ilhash	-
method	HGMNBPNGDKM	IPMBMOABDJK	SFS.UI.ModGUI.WebImage	set_PreserveAspect	0.95	ilhash	P
method	HGMNBPNGDKM	NKHCIEGBDKA	SFS.UI.ModGUI.WebImage	get_UseMask	0.95	ilhash	P
method	HGMNBPNGDKM	EJNJGPEJHNJ	SFS.UI.ModGUI.WebImage	set_UseMask	0.95	ilhash	P
method	HGMNBPNGDKM	DDEFJMLNDOF	SFS.UI.ModGUI.WebImage	get_ImageLink	0.95	ilhash	P
method	HGMNBPNGDKM	NLDIEKGOHAN	SFS.UI.ModGUI.WebImage	set_ImageLink	0.95	ilhash	P
method	HGMNBPNGDKM	GHGAAJDLLGH	SFS.UI.ModGUI.WebImage	set_LoadingIndicatorColor	0.95	ilhash	P
method	HGMNBPNGDKM	FPAEGPEPKHA	SFS.UI.ModGUI.WebImage	Init	0.95	ilhash	VP
method	HGMNBPNGDKM	BMABDICFOKA	SFS.UI.ModGUI.WebImage	get_PreserveAspect	0.95	ilhash	P
method	HGMNBPNGDKM	BCKDHJDILMC	SFS.UI.ModGUI.WebImage	get_LoadingIndicatorColor	0.95	ilhash	P
method	HGMNBPNGDKM	LOJJHGEIODB	SFS.UI.ModGUI.WebImage	get_LoadingIndicatorType	0.95	ilhash	P
method	HGMNBPNGDKM	JCFENMLLKFN	SFS.UI.ModGUI.WebImage	set_LoadingIndicatorType	0.95	ilhash	P
field	HGMNBPNGDKM	KJBAKDDJAHE	SFS.UI.ModGUI.WebImage	webImage	0.80	shape	I
field	HGMNBPNGDKM	GIGKAFKGOPE	SFS.UI.ModGUI.WebImage	maskComponent	0.80	shape	I
field	HGMNBPNGDKM	MJNKCOJAGDL	SFS.UI.ModGUI.WebImage	maskImage	0.80	shape	I
method	HHVWXUYCVZXLZHQM	NONPAMGMBGK	Stars	<Start>b__2_0	0.95	ilhash	-
method	HHVWXUYCVZXLZHQM	AMOFOMABBBJ	Stars	PositionStars	0.95	ilhash	-
field	HHVWXUYCVZXLZHQM	BMBMLBPDGDI	Stars	stars	0.80	shape	I
field	HHVWXUYCVZXLZHQM/EOHLFLOJEMG	NCDAHJEMCIC	Stars/Star	size	0.80	shape	I
field	HHVWXUYCVZXLZHQM/EOHLFLOJEMG	NEDPDKFKFJL	Stars/Star	star	0.80	shape	I
field	HIFKNNHLFIG	BJABNLPPCLN	LLMComment	comment	0.80	shape	I
method	HIOKLMDOGNN	JJOJDCODDFG	SFS.IO.FilePath	CleanupName	0.95	ilhash	SP
method	HIOKLMDOGNN	FDONNOOOOAD	SFS.IO.FilePath	GetParent	0.95	ilhash	P
method	HIOKLMDOGNN	LKAJLGOPBCE	SFS.IO.FilePath	ReadBytes	0.95	ilhash	P
method	HIOKLMDOGNN	EKPHNNJBLFH	SFS.IO.FilePath	AppendText	0.95	ilhash	P
method	HIOKLMDOGNN	HGCKJNAHDMB	SFS.IO.FilePath	ReadTextAsync	0.95	ilhash	P
method	HIOKLMDOGNN	PAMPDBICINC	SFS.IO.FilePath	Move	0.95	ilhash	P
method	HIOKLMDOGNN	JEKJJGHBKDL	SFS.IO.FilePath	DeleteFile	0.95	ilhash	P
method	HIOKLMDOGNN	BPCKFHEMOGD	SFS.IO.FilePath	Copy	0.95	ilhash	P
method	HIOKLMDOGNN	MHHHJFADOHF	SFS.IO.FilePath	WriteBytes	0.95	ilhash	P
method	HIOKLMDOGNN	IBJJDOFNFOL	SFS.IO.FilePath	Write	0.95	ilhash	-
method	HIOKLMDOGNN	MBGLJFBBMAF	SFS.IO.FilePath	FileExists	0.95	ilhash	P
method	HIOKLMDOGNN	BJLOFPEOMPL	SFS.IO.FilePath	GetRelativePath	0.95	ilhash	P
method	HIOKLMDOGNN	LCCHPENOLCF	SFS.IO.FilePath	WriteText	0.95	ilhash	P
method	HIOKLMDOGNN	OCIKGNMEMOJ	SFS.IO.FilePath	get_CleanFileName	0.95	ilhash	P
method	HIOKLMDOGNN	MOPEFOAPOGD	SFS.IO.FilePath	get_FileName	0.95	ilhash	P
method	HIOKLMDOGNN	IGEPHKBLFKJ	SFS.IO.FilePath	get_Extension	0.95	ilhash	P
method	HIOKLMDOGNN	HENMHHEOOEP	SFS.IO.FilePath	ReadText	0.95	ilhash	P
field	HIOKLMDOGNN	AAAEIBOIJCK	SFS.IO.FilePath	invalidCharacters	0.80	shape	S
method	HIOKLMDOGNN/LPMFLGLDCIO	KFOOPHHHJAH	SFS.IO.FilePath/<>c__DisplayClass7_0	<WriteText>b__0	0.95	ilhash	-
method	HIOKLMDOGNN/ONLEKCPDPAK	MNNKMCPMLEP	SFS.IO.FilePath/<>c__DisplayClass8_0	<WriteBytes>b__0	0.95	ilhash	-
method	HJMEDDPGPFA	PAICHPBMPMG	ModLoader.IMod	Load	0.50	order-sig	VANP
method	SFS.Career.HJVZHRHDHNKUCIYV	AHLNCNMKNMM	SFS.Career.TT_UpgradeData	SFS.Career.I_TechTreeData.get_GrayOut	0.95	ilhash	VN
method	SFS.Career.HJVZHRHDHNKUCIYV	AHKOGKCNGMO	SFS.Career.TT_UpgradeData	SFS.Career.I_TechTreeData.get_Name_ID	0.95	ilhash	VN
prop	SFS.Career.HJVZHRHDHNKUCIYV	KGACIFFFEPG	SFS.Career.TT_UpgradeData	CodeName	0.90	accessor	P
prop	SFS.Career.HJVZHRHDHNKUCIYV	NPGOBBLJEIK	SFS.Career.TT_UpgradeData	IsComplete	0.90	accessor	P
prop	SFS.Career.HJVZHRHDHNKUCIYV	GNILLGNIDJE	SFS.Career.TT_UpgradeData	Value	0.90	accessor	P
method	HKKMMDLHGLN	EPGKOJDEBGK	SFS.IO.BasePath	set_Path	0.95	ilhash	-
method	HKKMMDLHGLN	EOMHKCEEPMF	SFS.IO.BasePath	op_Implicit	0.95	ilhash	SP
method	HKKMMDLHGLN	KICFCLGLFDL	SFS.IO.BasePath	get_Path	0.95	ilhash	-
method	HKKMMDLHGLN	EOGFBGECJMA	SFS.IO.BasePath	GetParentPath	0.95	ilhash	-
field	HKKMMDLHGLN	PBENOIKDGJM	SFS.IO.BasePath	path	0.80	shape	I
method	SFS.Career.HMCINAUIBQPZLNTL	BJPABPHCDHO	SFS.Career.TT_Creator	<CreateTrees>g__CollectChildren|9_0	0.95	ilhash	S
method	SFS.Career.HMCINAUIBQPZLNTL	GNKDOEDEFFE	SFS.Career.TT_Creator	GetPosition	0.95	ilhash	-
method	SFS.Career.HMCINAUIBQPZLNTL	CFGOOJIOODN	SFS.Career.TT_Creator	<GetProgress>g__CollectChildren|10_0	0.95	ilhash	S
method	SFS.Career.HMCINAUIBQPZLNTL/DFNLJHHMEDH	HGLKLABLBOE	SFS.Career.TT_Creator/<>c__DisplayClass9_0	<CreateTrees>g__Create|1	0.95	ilhash	-
method	SFS.Career.HMCINAUIBQPZLNTL/IIGGFCIIKFP	IBKCKIEOPHL	SFS.Career.TT_Creator/<>c__DisplayClass9_5	<CreateTrees>g__UpdateColor|3	0.95	ilhash	-
method	SFS.Career.HMCINAUIBQPZLNTL/KLDBGHMHEBJ	AAKMEDGJHMK	SFS.Career.TT_Creator/<>c__DisplayClass9_3	<CreateTrees>g__Create|2	0.95	ilhash	-
method	SFS.Career.HMCINAUIBQPZLNTL/MIHGIHDEHNP	HMOCJELIAII	SFS.Career.TT_Creator/<>c__DisplayClass9_6	<CreateTrees>b__4	0.95	ilhash	-
method	HMJLDKODGID	EIPFDAHMICE	Clipper2Lib.PooledList`1	Clear	0.95	ilhash	VNP
method	HMJLDKODGID	DGLGIIFNLIH	Clipper2Lib.PooledList`1	set_Capacity	0.95	ilhash	P
method	HMJLDKODGID	OOGHOOOKKCP	Clipper2Lib.PooledList`1	RoundUpToPowerOf2	0.95	ilhash	S
method	HMJLDKODGID	CPBBCFHJCDL	Clipper2Lib.PooledList`1	get_Capacity	0.95	ilhash	P
method	HMJLDKODGID	EFOEEKICPDM	Clipper2Lib.PooledList`1	TryGrow	0.95	ilhash	-
method	HMJLDKODGID	MLEEAIFAFAA	Clipper2Lib.PooledList`1	EnsureCapacity	0.95	ilhash	P
method	HMJLDKODGID	LAMPOIAGJDG	Clipper2Lib.PooledList`1	GetEnumerator	0.95	ilhash	P
field	HMJLDKODGID	PFKPPOEFBMH	Clipper2Lib.PooledList`1	DefaultCapacity	0.80	shape	S
field	HMJLDKODGID	KEBIDFAAOLG	Clipper2Lib.PooledList`1	_items	0.80	shape	I
field	HMJLDKODGID	ALCHCDEOJAO	Clipper2Lib.PooledList`1	_size	0.80	shape	I
prop	HMJLDKODGID	DFBHFNNFNLK	Clipper2Lib.PooledList`1	Item	0.90	accessor	P
prop	HMJLDKODGID	AKCOBDEJACM	Clipper2Lib.PooledList`1	Count	0.90	accessor	P
method	HMJLDKODGID/POMFDGDNIPP	ALNDHANLHIG	Clipper2Lib.PooledList`1/ListEnumerator`1	MoveNextRare	0.95	ilhash	-
field	HMJLDKODGID/POMFDGDNIPP	NIAGPLAIGLF	Clipper2Lib.PooledList`1/ListEnumerator`1	_list	0.80	shape	I
field	HMJLDKODGID/POMFDGDNIPP	LOPOIHICGAE	Clipper2Lib.PooledList`1/ListEnumerator`1	_index	0.80	shape	I
field	HMJLDKODGID/POMFDGDNIPP	DPLOBJKKEIP	Clipper2Lib.PooledList`1/ListEnumerator`1	_current	0.80	shape	I
prop	HMJLDKODGID/POMFDGDNIPP	PJHOAGMBJHK	Clipper2Lib.PooledList`1/ListEnumerator`1	Current	0.90	accessor	P
method	SFS.UI.HMSLQUPSHXEXHMZC	CCOIDODEIBK	SFS.UI.NewSizeSyncGroup	<GetElements>b__9_0	0.95	ilhash	-
method	SFS.UI.HMSLQUPSHXEXHMZC	NONFDKGHCMF	SFS.UI.NewSizeSyncGroup	GetPreferredSize_Internal	0.95	ilhash	V
method	SFS.UI.HMSLQUPSHXEXHMZC	DEPPADCBIMC	SFS.UI.NewSizeSyncGroup	SetSize_Internal	0.95	ilhash	V
method	SFS.UI.HMSLQUPSHXEXHMZC/<>c	HMEAMICADGE	SFS.UI.NewSizeSyncGroup/<>c	<GetPreferredSize_Internal>b__6_3	0.95	ilhash	-
method	SFS.UI.HMSLQUPSHXEXHMZC/<>c	LBJKEDEFMHF	SFS.UI.NewSizeSyncGroup/<>c	<GetPreferredSize_Internal>b__6_1	0.95	ilhash	-
method	SFS.UI.HMSLQUPSHXEXHMZC/<>c	COAHKDMDAJF	SFS.UI.NewSizeSyncGroup/<>c	<GetPreferredSize_Internal>b__6_2	0.95	ilhash	-
method	SFS.UI.HMSLQUPSHXEXHMZC/<>c	FJBGKONDHEC	SFS.UI.NewSizeSyncGroup/<>c	<GetPreferredSize_Internal>b__6_0	0.95	ilhash	-
method	HNDJDHNGCJI/CLICEGKOAPG	ADBDMKDCEIE	SFS.Navigation.Utility/FlybyTime	get_AbsoluteTimeDifference	0.95	ilhash	P
method	HNDJDHNGCJI/CLICEGKOAPG	NMBLEMOCCOA	SFS.Navigation.Utility/FlybyTime	get_TimeDifference	0.95	ilhash	P
method	HNDJDHNGCJI/CLICEGKOAPG	OMEJDCDCPOP	SFS.Navigation.Utility/FlybyTime	get_IsBeforeTarget	0.95	ilhash	P
field	HNDJDHNGCJI/CLICEGKOAPG	KHLLFMGAALD	SFS.Navigation.Utility/FlybyTime	flybyTime	0.30	order	I
field	HNDJDHNGCJI/CLICEGKOAPG	CEEOOMAMPDH	SFS.Navigation.Utility/FlybyTime	targetFlybyTime	0.30	order	I
method	HOCMINIOLLF	FPAEGPEPKHA	SFS.UI.ModGUI.GUIElement	Init	0.75	virtual-order	VANP
method	HOCMINIOLLF	BDHOBEDHGNN	SFS.UI.ModGUI.GUIElement	set_Active	0.95	ilhash	VNP
method	HOCMINIOLLF	PPPGJHGLHMO	SFS.UI.ModGUI.GUIElement	get_Position	0.95	ilhash	VNP
method	HOCMINIOLLF	PJPJMCFFJNJ	SFS.UI.ModGUI.GUIElement	get_Active	0.95	ilhash	VNP
method	HOCMINIOLLF	MPALHPJGLJJ	SFS.UI.ModGUI.GUIElement	get_Size	0.95	ilhash	VNP
method	HOCMINIOLLF	KOMDOKLPEFN	SFS.UI.ModGUI.GUIElement	set_Position	0.95	ilhash	VNP
method	HOCMINIOLLF	FDFIKAHEIDD	SFS.UI.ModGUI.GUIElement	set_Size	0.95	ilhash	VNP
method	HOCMINIOLLF	EOMHKCEEPMF	SFS.UI.ModGUI.GUIElement	op_Implicit	0.95	ilhash	SP
field	HOCMINIOLLF	LCIGFPMONEC	SFS.UI.ModGUI.GUIElement	gameObject	0.80	shape	I
field	HOCMINIOLLF	PGJHPAMBFBD	SFS.UI.ModGUI.GUIElement	rectTransform	0.80	shape	I
method	HODHCBNHFEA	GDOKOOLENFE	SFS.Logs.ChallengeStep	OnConflict	0.95	ilhash	VNP
method	HODHCBNHFEA	OEOIAEBNAMI	SFS.Logs.ChallengeStep	IsCompleted	0.75	virtual-order	VANP
method	HODHCBNHFEA	EGIDPLPEGFI	SFS.Logs.ChallengeStep	IsEligible	0.95	ilhash	P
field	HODHCBNHFEA	GPPOCHKHJFE	SFS.Logs.ChallengeStep	planet	0.80	shape	I
method	HPBJINFOOIN	EGMAMMMEFGG	SFS.UI.ImageTools	RenderTextureTo2D	0.95	ilhash	SP
method	HPBJINFOOIN	DBACELKBCCF	SFS.UI.ImageTools	PngTo2D	0.95	ilhash	SP
method	HPBJINFOOIN	LGOCHFODBCG	SFS.UI.ImageTools	RenderTextureToPng	0.95	ilhash	SP
method	HPHOJDADPIN	JEPECFAAPGG	SFS.UI.ModGUI.Label	set_Opacity	0.95	ilhash	P
method	HPHOJDADPIN	FPAEGPEPKHA	SFS.UI.ModGUI.Label	Init	0.95	ilhash	VP
method	HPHOJDADPIN	PBMEBMBFOCD	SFS.UI.ModGUI.Label	set_Color	0.95	ilhash	P
method	HPHOJDADPIN	DLOPGDPNNEP	SFS.UI.ModGUI.Label	get_FontStyle	0.95	ilhash	P
method	HPHOJDADPIN	BMOPLMKIHKI	SFS.UI.ModGUI.Label	get_Color	0.95	ilhash	P
method	HPHOJDADPIN	HGKFIPCFLBC	SFS.UI.ModGUI.Label	set_FontStyle	0.95	ilhash	P
method	HPHOJDADPIN	EJDMNLKNMAH	SFS.UI.ModGUI.Label	get_Text	0.95	ilhash	P
method	HPHOJDADPIN	EINEMIPLFOF	SFS.UI.ModGUI.Label	get_FontSize	0.95	ilhash	P
method	HPHOJDADPIN	FIBBBDPOAIF	SFS.UI.ModGUI.Label	set_FontSize	0.95	ilhash	P
method	HPHOJDADPIN	LDOOMPFBNNI	SFS.UI.ModGUI.Label	get_Opacity	0.95	ilhash	P
method	HPHOJDADPIN	KKKNLMHDAJB	SFS.UI.ModGUI.Label	set_AutoFontResize	0.95	ilhash	P
method	HPHOJDADPIN	ADLFLLKOJPD	SFS.UI.ModGUI.Label	get_AutoFontResize	0.95	ilhash	P
method	HPHOJDADPIN	HAKEIDLCCGI	SFS.UI.ModGUI.Label	get_TextAlignment	0.95	ilhash	P
method	HPHOJDADPIN	OIOMIPJCHHJ	SFS.UI.ModGUI.Label	set_TextAlignment	0.95	ilhash	P
method	HPHOJDADPIN	EHCLPALLJJM	SFS.UI.ModGUI.Label	set_Text	0.95	ilhash	P
field	HPHOJDADPIN	FACKKJOBEHB	SFS.UI.ModGUI.Label	textAdapter	0.80	shape	I
method	HQWRFDETQKLUJJTR	MIFBBMJFACH	TT_Base	OnComplete	0.95	ilhash	-
method	HQWRFDETQKLUJJTR	FMKIEFGDDFN	TT_Base	UpdateGrayOut	0.95	ilhash	-
method	HQWRFDETQKLUJJTR	JAOMMBFJJNI	TT_Base	OnParentsComplete	0.95	ilhash	VN
method	HQWRFDETQKLUJJTR	LMCJIFFCBBJ	TT_Base	UpdateUnlocked	0.95	ilhash	-
field	HQWRFDETQKLUJJTR	HKNNKKJDMLF	TT_Base	owner	0.80	shape	I
field	HQWRFDETQKLUJJTR	FEDLNGGGCDN	TT_Base	elementColors	0.80	shape	I
prop	HQWRFDETQKLUJJTR	BCCCLOPCOAC	TT_Base	Data	0.90	accessor	P
method	HQWRFDETQKLUJJTR/<>c	BPLLDHMOJPN	TT_Base/<>c	<UpdateGrayOut>b__8_0	0.95	ilhash	-
method	SFS.Input.HWCHXURTLZITYSMN	PGADBDNADJK	SFS.Input.Screen_Menu	<Open>b__6_0	0.95	ilhash	-
method	SFS.Input.HWCHXURTLZITYSMN	JGHONHPGGMM	SFS.Input.Screen_Menu	get_OnEscape	0.75	virtual-order	VAN
prop	SFS.Input.HWCHXURTLZITYSMN	BDFDPJFAOKO	SFS.Input.Screen_Menu	PauseWhileOpen	0.90	accessor	P
method	SFS.UI.HYEYDEDYSOUTIFNJ	NJIMKJAEPPH	SFS.UI.TextInputMenu	CloseMenu	0.95	ilhash	-
method	SFS.UI.HYEYDEDYSOUTIFNJ	DAKKGHEPHCB	SFS.UI.TextInputMenu	<CloseMenu>g__CloseMenu|14_0	0.95	ilhash	S
method	SFS.UI.HYEYDEDYSOUTIFNJ	JGHONHPGGMM	SFS.UI.TextInputMenu	get_OnEscape	0.95	ilhash	V
method	SFS.UI.HYEYDEDYSOUTIFNJ	KNIJJNNMGGM	SFS.UI.TextInputMenu	GetTextFromElements	0.95	ilhash	-
field	SFS.UI.HYEYDEDYSOUTIFNJ	KOLDPHGBMGK	SFS.UI.TextInputMenu	confirmCallback	0.80	shape	I
field	SFS.UI.HYEYDEDYSOUTIFNJ	EELDFIJGKGC	SFS.UI.TextInputMenu	confirmCloseMode	0.30	order	I
field	SFS.UI.HYEYDEDYSOUTIFNJ	FPEFKBFDGMN	SFS.UI.TextInputMenu	cancelCloseMode	0.30	order	I
field	SFS.UI.HYEYDEDYSOUTIFNJ	PDDHFPIJBEE	SFS.UI.TextInputMenu	elements	0.80	shape	I
method	SFS.Parts.Modules.HeatInfoModule	NLPKJACAAJA	SFS.Parts.Modules.HeatInfoModule	SFS.Parts.Modules.I_PartMenu.Draw	0.95	ilhash	VN
field	SFS.Parts.Modules.HeatModule	CPNBELLFEPG	SFS.Parts.Modules.HeatModule	temperature	0.30	order	I
field	SFS.Parts.Modules.HeatModule	AMJDFLOPCLO	SFS.Parts.Modules.HeatModule	part	0.80	shape	I
field	SFS.Parts.Modules.HeatModule	<MCCCKFCCDJL>k__BackingField	SFS.Parts.Modules.HeatModule	<LastAppliedIndex>k__BackingField	0.80	shape	I
field	SFS.Parts.Modules.HeatModule	<JACJMCPJNHM>k__BackingField	SFS.Parts.Modules.HeatModule	<ExposedSurface>k__BackingField	0.30	order	I
prop	SFS.Parts.Modules.HeatModule	HAIIOODDNEO	SFS.Parts.Modules.HeatModule	Name	0.90	accessor	P
prop	SFS.Parts.Modules.HeatModule	OFIAKAMIDGF	SFS.Parts.Modules.HeatModule	IsHeatShield	0.90	accessor	P
prop	SFS.Parts.Modules.HeatModule	DBEBEHPJFJK	SFS.Parts.Modules.HeatModule	Temperature	0.90	accessor	P
prop	SFS.Parts.Modules.HeatModule	EAJNKGGHHOP	SFS.Parts.Modules.HeatModule	LastAppliedIndex	0.90	accessor	P
prop	SFS.Parts.Modules.HeatModule	FEEPIGPEOMB	SFS.Parts.Modules.HeatModule	ExposedSurface	0.90	accessor	P
prop	SFS.Parts.Modules.HeatModule	EBGMIMHPPBB	SFS.Parts.Modules.HeatModule	HeatTolerance	0.90	accessor	P
method	SFS.World.PlanetModules.HeightMap	PJCEPHPJAIO	SFS.World.PlanetModules.HeightMap	<.ctor>g__GetHeightAtX|3_0	0.95	ilhash	S
method	SFS.World.PlanetModules.HeightMap	OADLJALMIPL	SFS.World.PlanetModules.HeightMap	Evaluate	0.95	ilhash	P
method	SFS.World.PlanetModules.HeightMap	GMEJPEAKEBC	SFS.World.PlanetModules.HeightMap	EvaluateDoubleOut	0.95	ilhash	P
method	SFS.World.PlanetModules.HeightMap	IMFBINMIHDJ	SFS.World.PlanetModules.HeightMap	EvaluateClamped	0.95	ilhash	P
method	SFS.UI.IAEQBJKLLGYUYERQ	OAFKBLBFPGO	SFS.UI.Button	<Start>b__26_1	0.95	ilhash	-
method	SFS.UI.IAEQBJKLLGYUYERQ	MJNJNJHOIHF	SFS.UI.Button	SFS.Input.I_Touchable.OnTouchLongClick	0.95	ilhash	VN
method	SFS.UI.IAEQBJKLLGYUYERQ	DMIEHMCFPOL	SFS.UI.Button	<SFS.Input.I_Touchable.OnInputEnd>b__43_0	0.95	ilhash	-
method	SFS.UI.IAEQBJKLLGYUYERQ	IJKGIGBABGI	SFS.UI.Button	SetIconScale	0.95	ilhash	-
method	SFS.UI.IAEQBJKLLGYUYERQ	ANPAPIMNIHL	SFS.UI.Button	GetIconScale	0.95	ilhash	-
method	SFS.UI.IAEQBJKLLGYUYERQ	MBDFOLJJHBD	SFS.UI.Button	<Start>b__26_0	0.95	ilhash	-
method	SFS.UI.IAEQBJKLLGYUYERQ	LDKLBOIIHML	SFS.UI.Button	SFS.Input.I_Touchable.OnDrag	0.95	ilhash	VN
method	SFS.UI.IAEQBJKLLGYUYERQ	GGHJPBIEABF	SFS.UI.Button	SFS.Input.I_Key.IsKeyUp	0.95	ilhash	VN
method	SFS.UI.IAEQBJKLLGYUYERQ	FFKDMAPGEAJ	SFS.UI.Button	SFS.UI.I_Raycastable.get_SkipRaycast	0.95	ilhash	VN
method	SFS.UI.IAEQBJKLLGYUYERQ	LNDNLLJECLG	SFS.UI.Button	get_InputMasks	0.95	ilhash	-
method	SFS.UI.IAEQBJKLLGYUYERQ	OBPBKFEMOBB	SFS.UI.Button	<SFS.Input.I_Touchable.OnInputStart>g__Reset|41_0	0.95	ilhash	-
method	SFS.UI.IAEQBJKLLGYUYERQ	EJKHAKLJLHE	SFS.UI.Button	SFS.Input.I_Touchable.OnNotStationary	0.95	ilhash	VN
method	SFS.UI.IAEQBJKLLGYUYERQ	KIELLGFILJO	SFS.UI.Button	SFS.Input.I_Touchable.PointcastElement	0.95	ilhash	VN
method	SFS.UI.IAEQBJKLLGYUYERQ	NKIMMOGGAMN	SFS.UI.Button	SFS.Input.I_Touchable.GetPriority	0.95	ilhash	VN
method	SFS.UI.IAEQBJKLLGYUYERQ	EJKHAKLJLHE	SFS.UI.Button	SFS.Input.I_Touchable.OnInputStart	0.95	ilhash	VN
method	SFS.UI.IAEQBJKLLGYUYERQ	JCJMHFLACIK	SFS.UI.Button	SFS.Input.I_Key.IsKeyStay	0.95	ilhash	VN
method	SFS.UI.IAEQBJKLLGYUYERQ	ELLFMNIFCOH	SFS.UI.Button	SFS.UI.I_Raycastable.GetRect	0.95	ilhash	VN
method	SFS.UI.IAEQBJKLLGYUYERQ	MKJGEBFNIMI	SFS.UI.Button	SFS.Input.I_Touchable.OnZoom	0.95	ilhash	VN
method	SFS.UI.IAEQBJKLLGYUYERQ	NEBEBPCJLHB	SFS.UI.Button	SFS.Input.I_Key.IsKeyDown	0.95	ilhash	VN
method	SFS.UI.IAEQBJKLLGYUYERQ	LNLMIMKNHEG	SFS.UI.Button	OnKeyChange	0.95	ilhash	-
method	SFS.UI.IAEQBJKLLGYUYERQ	MBDFOLJJHBD	SFS.UI.Button	SFS.Input.I_Touchable.OnInputEnd	0.95	ilhash	VN
method	SFS.UI.IAEQBJKLLGYUYERQ	MAAMPGMAJNB	SFS.UI.Button	SFS.Input.I_Touchable.OnInputStay	0.95	ilhash	VN
field	SFS.UI.IAEQBJKLLGYUYERQ	JFGGJLKGALG	SFS.UI.Button	buttonEnabled	0.80	shape	I
field	SFS.UI.IAEQBJKLLGYUYERQ	CPEFBPGFPLM	SFS.UI.Button	initialIconScale	0.80	shape	I
field	SFS.UI.IAEQBJKLLGYUYERQ	CIPCLGHKPOB	SFS.UI.Button	inputMasks	0.80	shape	I
field	SFS.WorldBase.IAHOXZNMNBHDYFBI	DDEJLMOHFNA	SFS.WorldBase.SavingCache	buildPersistent	0.30	order	I
field	SFS.WorldBase.IAHOXZNMNBHDYFBI	BGCILGCLDFA	SFS.WorldBase.SavingCache	revertToLaunch	0.80	shape	I
field	SFS.WorldBase.IAHOXZNMNBHDYFBI	GPLGAEJPGEL	SFS.WorldBase.SavingCache	worldPersistent	0.30	order	I
method	SFS.WorldBase.IAHOXZNMNBHDYFBI/<>c	KHAALKODMMD	SFS.WorldBase.SavingCache/<>c	<GetCopy>b__18_3	0.95	ilhash	-
method	SFS.WorldBase.IAHOXZNMNBHDYFBI/<>c	BEOHMJAKAFM	SFS.WorldBase.SavingCache/<>c	<GetCopy>b__18_1	0.95	ilhash	-
method	SFS.WorldBase.IAHOXZNMNBHDYFBI/<>c	FFJDEBNBCKH	SFS.WorldBase.SavingCache/<>c	<GetCopy>b__18_2	0.95	ilhash	-
method	SFS.WorldBase.IAHOXZNMNBHDYFBI/<>c	BLJKHMBGMOB	SFS.WorldBase.SavingCache/<>c	<GetCopy>b__18_0	0.95	ilhash	-
method	SFS.WorldBase.IAHOXZNMNBHDYFBI/<>c	EFHNLAFLEND	SFS.WorldBase.SavingCache/<>c	<GetCopy>b__16_1	0.95	ilhash	-
method	SFS.WorldBase.IAHOXZNMNBHDYFBI/<>c	LEJDEKOHPHH	SFS.WorldBase.SavingCache/<>c	<GetCopy>b__16_0	0.95	ilhash	-
method	SFS.WorldBase.IAHOXZNMNBHDYFBI/ADMCLLKMMBH	MEAADOHMDEP	SFS.WorldBase.SavingCache/<>c__DisplayClass11_0	<Preload_BlueprintPersistent>b__0	0.95	ilhash	-
method	SFS.WorldBase.IAHOXZNMNBHDYFBI/DBBACDHBHCN	LMFKJNFIJNM	SFS.WorldBase.SavingCache/<>c__DisplayClass6_0	<SaveWorldPersistent>b__0	0.95	ilhash	-
method	SFS.WorldBase.IAHOXZNMNBHDYFBI/DGJGGFAOHHD	EPKNLHKEPJE	SFS.WorldBase.SavingCache/<>c__DisplayClass7_0	<SaveRevertToLaunch>b__0	0.95	ilhash	-
method	SFS.WorldBase.IAHOXZNMNBHDYFBI/DJFGHIHCMMO	HOCDDEDHILA	SFS.WorldBase.SavingCache/Data`1	JoinThread	0.95	ilhash	P
method	SFS.WorldBase.IAHOXZNMNBHDYFBI/DJFGHIHCMMO	LDGKEJDPANB	SFS.WorldBase.SavingCache/Data`1	Cache	0.95	ilhash	SP
field	SFS.WorldBase.IAHOXZNMNBHDYFBI/DJFGHIHCMMO	KJIEKCANGCI	SFS.WorldBase.SavingCache/Data`1	thread	0.80	shape	I
field	SFS.WorldBase.IAHOXZNMNBHDYFBI/DJFGHIHCMMO	AGOLLPDKMLC	SFS.WorldBase.SavingCache/Data`1	result	0.80	shape	I
method	SFS.WorldBase.IAHOXZNMNBHDYFBI/IEFCGADOIPH	MBKFEIKBBBA	SFS.WorldBase.SavingCache/<>c__DisplayClass5_0	<SaveBuildPersistent>b__0	0.95	ilhash	-
method	SFS.WorldBase.IAHOXZNMNBHDYFBI/NBFFPABLPCA	AKKIAFJGCKJ	SFS.WorldBase.SavingCache/<>c__DisplayClass13_0	<Preload_WorldPersistent>b__0	0.95	ilhash	-
method	ICEIABPCIGF	PKHEKCAJAKF	SDWebImageDownloaderOperation	CallProgressCallbacks	0.95	ilhash	P
method	ICEIABPCIGF	JMOBEGECLHD	SDWebImageDownloaderOperation	CallCompletionCallbacks	0.95	ilhash	P
method	ICEIABPCIGF	ECEIJGPLAEO	SDWebImageDownloaderOperation	IsValid	0.95	ilhash	P
method	ICEIABPCIGF	KGNHIKHKDMG	SDWebImageDownloaderOperation	AddCallBacks	0.95	ilhash	P
method	ICEIABPCIGF	KBNCBANFFEG	SDWebImageDownloaderOperation	IsIdIncluded	0.95	ilhash	P
method	ICEIABPCIGF	OEEGCNMAANJ	SDWebImageDownloaderOperation	RemoveCallbacks	0.95	ilhash	P
field	ICEIABPCIGF	BAFOOIHDOCD	SDWebImageDownloaderOperation	url	0.80	shape	I
field	ICEIABPCIGF	KINBJHPPHCC	SDWebImageDownloaderOperation	running	0.30	order	I
field	ICEIABPCIGF	ABPPOEPECFG	SDWebImageDownloaderOperation	finished	0.30	order	I
field	ICEIABPCIGF	ELPINLJPENJ	SDWebImageDownloaderOperation	downloadOperation	0.30	order	I
field	ICEIABPCIGF	AOGKOLBNIND	SDWebImageDownloaderOperation	downloadProgressTrackingOperation	0.30	order	I
field	ICEIABPCIGF	CLKFPOOKLKH	SDWebImageDownloaderOperation	progressCallbacks	0.80	shape	I
field	ICEIABPCIGF	OPDEEKDEEKM	SDWebImageDownloaderOperation	completionCallbacks	0.80	shape	I
method	SFS.Career.ICOEMYPIIFETKVDU	COLAEGEDECM	SFS.Career.TT_Info	UpdateUI	0.95	ilhash	-
method	SFS.Career.ICOEMYPIIFETKVDU	JAOMMBFJJNI	SFS.Career.TT_Info	OnParentsComplete	0.95	ilhash	V
method	SFS.Career.ICOEMYPIIFETKVDU	FPAIDOJMIJA	SFS.Career.TT_Info	MarkSeen	0.95	ilhash	-
field	SFS.Career.ICOEMYPIIFETKVDU	JBJDNIDOOPB	SFS.Career.TT_Info	data	0.80	shape	I
prop	SFS.Career.ICOEMYPIIFETKVDU	BCCCLOPCOAC	SFS.Career.TT_Info	Data	0.90	accessor	P
method	IDCJADIGNGA	IDDDPPOCEJI	SFS.UI.SizeSyncerBuilder	CreateElement	0.95	ilhash	V
method	IDCJADIGNGA	DDDJPCJIHFP	SFS.UI.SizeSyncerBuilder	VerticalMode	0.95	ilhash	P
method	IDCJADIGNGA	BFGBJAMHOCM	SFS.UI.SizeSyncerBuilder	HorizontalMode	0.95	ilhash	P
field	IDCJADIGNGA	DNMFEJGECHK	SFS.UI.SizeSyncerBuilder	carrier	0.30	order	I
field	IDCJADIGNGA	HMGNBDFAEGJ	SFS.UI.SizeSyncerBuilder	horizontalSync	0.30	order	I
field	IDCJADIGNGA	FABIOLDFKML	SFS.UI.SizeSyncerBuilder	verticalSync	0.30	order	I
field	IDCJADIGNGA/MLEICMEMDMJ	CGJMIFMDLJG	SFS.UI.SizeSyncerBuilder/Carrier	sizeSyncGroup	0.80	shape	I
field	IFHMHFHHHOK	FFELPJHFPDK	Clipper2Lib.Vertex2	pt	0.80	shape	I
field	IFHMHFHHHOK	HPNPBOHABKJ	Clipper2Lib.Vertex2	edges	0.80	shape	I
field	IFHMHFHHHOK	FFPIHHAPIHF	Clipper2Lib.Vertex2	innerLM	0.80	shape	I
field	IGBJEJEFIPN	GGPBPHLBMIJ	Clipper2Lib.OutPt2	next	0.30	order	I
field	IGBJEJEFIPN	HHDLLGNJHFM	Clipper2Lib.OutPt2	prev	0.30	order	I
field	IGBJEJEFIPN	FFELPJHFPDK	Clipper2Lib.OutPt2	pt	0.30	order	I
field	IGBJEJEFIPN	CJPJJDNMEFN	Clipper2Lib.OutPt2	ownerIdx	0.80	shape	I
field	IGBJEJEFIPN	FPOAKBALOMB	Clipper2Lib.OutPt2	edge	0.80	shape	I
method	SFS.World.IGKKDBSRENSEAMGG/<>c	LJIPKJGPBIO	SFS.World.FlightInfoDrawer/<>c	<Update>b__6_0	0.95	ilhash	-
method	SFS.World.IGKKDBSRENSEAMGG/<>c	CBDIEEJBBIM	SFS.World.FlightInfoDrawer/<>c	<Update>b__6_1	0.95	ilhash	-
method	IGMOEHMLPOE	FPAEGPEPKHA	SFS.UI.ModGUI.InputWithLabel	Init	0.95	ilhash	VP
field	IGMOEHMLPOE	FLGEAMKLNLO	SFS.UI.ModGUI.InputWithLabel	label	0.30	order	I
field	IGMOEHMLPOE	ICCICJEIBCG	SFS.UI.ModGUI.InputWithLabel	textInput	0.30	order	I
method	SFS.Tutorials.IGXCNZSCGQXUYIZV	NNPFIGFCEKG	SFS.Tutorials.PartShowcaseModule	Dropdown	0.95	ilhash	-
method	IHKBJIEFOBD	BMDFMECLMFB	SFS.Parts.TextureLoader	LoadTexturePack	0.95	ilhash	S
method	IHKBJIEFOBD	GIPLGJPIHNE	SFS.Parts.TextureLoader	CreateExampleTexturePack	0.95	ilhash	S
method	IHKBJIEFOBD	KHDEKKEDBPN	SFS.Parts.TextureLoader	LoadTexturePacks	0.95	ilhash	SP
field	IHKBJIEFOBD	LPAPPJBKNKF	SFS.Parts.TextureLoader	currentPack	0.80	shape	S
field	IHKBJIEFOBD	OEDEMKKJGDL	SFS.Parts.TextureLoader	shadowTexturesDictionary	0.80	shape	S
method	IHKBJIEFOBD/<>c	LHBCDANEIKK	SFS.Parts.TextureLoader/<>c	<LoadTexturePacks>b__0_0	0.95	ilhash	-
method	IHKBJIEFOBD/MPDONHKBMJO	OJIPIGFGDBO	SFS.Parts.TextureLoader/<>c__DisplayClass2_0	<LoadTexturePack>b__1	0.95	ilhash	-
method	IHKBJIEFOBD/MPDONHKBMJO	CLNPNBBADHA	SFS.Parts.TextureLoader/<>c__DisplayClass2_0	<LoadTexturePack>b__0	0.95	ilhash	-
method	SFS.UI.IHXKUSJXSKNPMVWQ	DEPPADCBIMC	SFS.UI.HorizontalLayout	SetSize_Internal	0.95	ilhash	V
method	SFS.UI.IHXKUSJXSKNPMVWQ	NONFDKGHCMF	SFS.UI.HorizontalLayout	GetPreferredSize_Internal	0.95	ilhash	V
method	SFS.UI.IHXKUSJXSKNPMVWQ	POGEPAAHJHP	SFS.UI.HorizontalLayout	<GetPreferredSize_Internal>b__1_0	0.95	ilhash	-
method	SFS.UI.IHXKUSJXSKNPMVWQ/<>c	MCIHDFKEBGC	SFS.UI.HorizontalLayout/<>c	<GetPreferredSize_Internal>b__1_1	0.95	ilhash	-
method	SFS.UI.IHXKUSJXSKNPMVWQ/<>c	EBNGIJPIEAO	SFS.UI.HorizontalLayout/<>c	<SetSize_Internal>b__0_0	0.95	ilhash	-
method	IICKJFBPOLN	PBFDCODLCIH	FastLinq	SumFast	0.95	ilhash	SP
method	IICKJFBPOLN	PPGNFJPLEAA	FastLinq	AnyFast	0.95	ilhash	SP
method	IICKJFBPOLN	IBEKDNIOBAF	FastLinq	CountFast	0.95	ilhash	SP
method	IICKJFBPOLN	CGHEHDHHLKP	FastLinq	AllFast	0.95	ilhash	SP
method	IICKJFBPOLN	NPECKGKNKGE	FastLinq	FirstFast	0.95	ilhash	SP
method	IICKJFBPOLN	CHDFLDCCBAM	FastLinq	RemoveWhere	0.95	ilhash	SP
method	IICKJFBPOLN	GPODBAOGHNN	FastLinq	IndexOf	0.95	ilhash	SP
method	SFS.UI.IIZORUVQQFIWKAKA	DEPPADCBIMC	SFS.UI.ContainerElement	SetSize_Internal	0.95	ilhash	V
method	SFS.UI.IIZORUVQQFIWKAKA	NONFDKGHCMF	SFS.UI.ContainerElement	GetPreferredSize_Internal	0.95	ilhash	V
method	IJMHFBBOAOA	HLHCGBHNDBD	SFS.Parts.Modules.Pipe	GetWidthAtHeight	0.95	ilhash	P
method	IJMHFBBOAOA	CEDKCKNNNPO	SFS.Parts.Modules.Pipe	AddPoint_SideAnchor	0.95	ilhash	P
method	IJMHFBBOAOA	JDCHKCHMHFE	SFS.Parts.Modules.Pipe	AddPoint	0.95	ilhash	P
field	IJMHFBBOAOA	CFOJGBLJEPL	SFS.Parts.Modules.Pipe	points	0.80	shape	I
field	SFS.UI.ModGUI.IKQKIUUKVAHTWEGU	NKFKGLNJAOK	SFS.UI.ModGUI.ModGUIPrefabsLoader	main	0.80	shape	S
field	SFS.Core.INIMSGURVHQCCJPC	HBANEJBJDEK	SFS.Core.ActionQueue	toCall	0.80	shape	I
method	SFS.Core.INIMSGURVHQCCJPC/BJOGBMHGAPM	DDABPLCBMPO	SFS.Core.ActionQueue/<>c__DisplayClass5_0	<QueueMenu>b__0	0.95	ilhash	-
method	SFS.Core.INIMSGURVHQCCJPC/PDFAFCMGGHJ	JKOLINBHFKA	SFS.Core.ActionQueue/<>c__DisplayClass7_0	<QueueAction>b__0	0.95	ilhash	-
field	INMMJHHKNJC	HKNNKKJDMLF	SFS.World.Drag.Surface	owner	0.30	order	I
field	INMMJHHKNJC	AEBONEDPDDH	SFS.World.Drag.Surface	valid	0.30	order	I
field	INMMJHHKNJC	FLICEBCGHGO	SFS.World.Drag.Surface	line	0.30	order	I
method	IOPAPEAGEHL	MJADPMAFBNI	SFS.Parts.CustomAssetsPacksLoader	LoadPackAssets	0.95	ilhash	S
method	IOPAPEAGEHL	GHOABIOMJNM	SFS.Parts.CustomAssetsPacksLoader	LoadAssetPacks	0.95	ilhash	SP
method	IOPAPEAGEHL/<>c	ELLHGHFHDGF	SFS.Parts.CustomAssetsPacksLoader/<>c	<LoadAssetPacks>b__0_2	0.95	ilhash	-
method	IOPAPEAGEHL/CIHIPJLAGGA	OFAKLEFPJHN	SFS.Parts.CustomAssetsPacksLoader/<>c__DisplayClass0_2	<LoadAssetPacks>b__4	0.95	ilhash	-
method	IOPAPEAGEHL/KMBMMHOHHHM	LPFGNHCJEBL	SFS.Parts.CustomAssetsPacksLoader/<>c__DisplayClass1_0	<LoadPackAssets>b__0	0.95	ilhash	-
method	IOPAPEAGEHL/LEEDEKIPLHI	ONKGLCPMOJF	SFS.Parts.CustomAssetsPacksLoader/<>c__DisplayClass0_0	<LoadAssetPacks>b__3	0.95	ilhash	-
method	IOPAPEAGEHL/MPKEGBABAGN	GNJBJEEPFGG	SFS.Parts.CustomAssetsPacksLoader/<>c__DisplayClass0_1	<LoadAssetPacks>b__0	0.95	ilhash	-
method	IOPAPEAGEHL/MPKEGBABAGN	BMJAPOCGFOL	SFS.Parts.CustomAssetsPacksLoader/<>c__DisplayClass0_1	<LoadAssetPacks>b__1	0.95	ilhash	-
method	ModLoader.UI.IPCAAZWJQPVRRNNH	CGNIPHOOKKJ	ModLoader.UI.ModsMenu	<Awake>g__Create|5_0	0.95	ilhash	-
method	ModLoader.UI.IPCAAZWJQPVRRNNH	FKOOODHHKAD	ModLoader.UI.ModsMenu	<Awake>g__Reset|5_1	0.95	ilhash	S
field	ModLoader.UI.IPCAAZWJQPVRRNNH	PDDHFPIJBEE	ModLoader.UI.ModsMenu	elements	0.80	shape	S
field	ModLoader.UI.IPCAAZWJQPVRRNNH	HPBNLBNLAJC	ModLoader.UI.ModsMenu	elementPool	0.80	shape	S
method	ModLoader.UI.IPCAAZWJQPVRRNNH/<>c	PLHPNNIEEDA	ModLoader.UI.ModsMenu/<>c	<OnOpen>b__7_0	0.95	ilhash	-
method	ModLoader.UI.IPCAAZWJQPVRRNNH/<>c	HGCFFGCLCII	ModLoader.UI.ModsMenu/<>c	<CloseWindow>b__13_2	0.95	ilhash	-
method	ModLoader.UI.IPCAAZWJQPVRRNNH/<>c	NLLCMECPCJK	ModLoader.UI.ModsMenu/<>c	<CloseWindow>b__13_0	0.95	ilhash	-
method	ModLoader.UI.IPCAAZWJQPVRRNNH/<>c	OBEIFEGHANJ	ModLoader.UI.ModsMenu/<>c	<CloseWindow>b__13_1	0.95	ilhash	-
method	SFS.World.IPXACWHQZXQWHVGS	AIBKAMEJBKD	SFS.World.ElementDrawer	CreateNewElement	0.95	ilhash	-
method	SFS.World.IPXACWHQZXQWHVGS	FNHHLKMHMDP	SFS.World.ElementDrawer	UpdateTextSize	0.95	ilhash	-
method	SFS.Cameras.ITRKXSUYIJDTUYAP	JGALBPGKKNL	SFS.Cameras.ActiveCamera	OnActiveCameraChange	0.95	ilhash	S
prop	SFS.Cameras.ITRKXSUYIJDTUYAP	EPJBEIAKODM	SFS.Cameras.ActiveCamera	Camera	0.90	accessor	P
method	SFS.World.Maps.IUICOFAKJQWBWXKD	EMFCGBHELJH	SFS.World.Maps.LineDrawer	UpdateWidth	0.95	ilhash	-
field	SFS.World.Maps.IUICOFAKJQWBWXKD	PCPCCCDEEEL	SFS.World.Maps.LineDrawer	material	0.80	shape	I
method	SFS.World.IWHFSDLPXRPNKOZH	DOIOOJGMPKM	SFS.World.MapPlayer	OnPlayerChange	0.95	ilhash	-
prop	SFS.World.IWHFSDLPXRPNKOZH	GPOBBJCNLAA	SFS.World.MapPlayer	Location	0.90	accessor	P
prop	SFS.World.IWHFSDLPXRPNKOZH	HGFBMINPGAA	SFS.World.MapPlayer	OrbitDepth	0.90	accessor	P
prop	SFS.World.IWHFSDLPXRPNKOZH	KNCKFPOEFPP	SFS.World.MapPlayer	ClickDepth	0.90	accessor	P
prop	SFS.World.IWHFSDLPXRPNKOZH	HMIPMLDNJKM	SFS.World.MapPlayer	Player	0.90	accessor	P
prop	SFS.World.IWHFSDLPXRPNKOZH	PBFOKKFAOKJ	SFS.World.MapPlayer	Trajectory	0.90	accessor	P
method	SFS.UI.IZSTAHHQVRINMWTX	NONFDKGHCMF	SFS.UI.ReadTextContainer	GetPreferredSize_Internal	0.95	ilhash	V
method	SFS.UI.IZSTAHHQVRINMWTX	DEPPADCBIMC	SFS.UI.ReadTextContainer	SetSize_Internal	0.95	ilhash	V
method	SFS.UI.IZSTAHHQVRINMWTX	IEGEFHLFIAH	SFS.UI.ReadTextContainer	get_RectSize	0.95	ilhash	-
field	SFS.UI.IZSTAHHQVRINMWTX	PMHGAHMMHMM	SFS.UI.ReadTextContainer	hasForcedRebuild	0.30	order	I
field	SFS.UI.IZSTAHHQVRINMWTX	JJOBPFKBLME	SFS.UI.ReadTextContainer	updating	0.30	order	I
field	SFS.UI.IZSTAHHQVRINMWTX	MOCNNJCENEO	SFS.UI.ReadTextContainer	lastText	0.80	shape	I
field	SFS.UI.IZSTAHHQVRINMWTX	FAPNCKNDPIK	SFS.UI.ReadTextContainer	lastSize	0.80	shape	I
field	SFS.UI.IZSTAHHQVRINMWTX	BCOBNOPPEFC	SFS.UI.ReadTextContainer	text	0.80	shape	I
field	SFS.UI.IZSTAHHQVRINMWTX	FACKKJOBEHB	SFS.UI.ReadTextContainer	textAdapter	0.80	shape	I
method	SFS.Variables.Int_Local	MFNOGGJCACK	SFS.Variables.Int_Local	IsEqual	0.95	ilhash	V
method	SFS.Parts.Modules.InteriorModule	PCKCGBAFMOD	SFS.Parts.Modules.InteriorModule	UpdateActive	0.95	ilhash	-
method	JBJDMOIGHPJ	EIPFDAHMICE	SFS.Parts.Modules.MeshData	Clear	0.95	ilhash	P
field	JBJDMOIGHPJ	GOIGKDENICB	SFS.Parts.Modules.MeshData	vertices	0.30	order	I
field	JBJDMOIGHPJ	NPPJCILPBJF	SFS.Parts.Modules.MeshData	UVs	0.80	shape	I
field	JBJDMOIGHPJ	JFPDHGKCDPA	SFS.Parts.Modules.MeshData	colors	0.80	shape	I
field	JBJDMOIGHPJ	EHFALLJPHHA	SFS.Parts.Modules.MeshData	shading	0.30	order	I
field	JBJDMOIGHPJ	CMHOPKEHNFJ	SFS.Parts.Modules.MeshData	depths	0.30	order	I
field	JBJDMOIGHPJ	PDPBBKKHELN	SFS.Parts.Modules.MeshData	textures	0.80	shape	I
method	JBJJIHMNMHH	GAILMNAIMNH	SFS.UI.UI_Raycaster	GetBounds_World	0.95	ilhash	S
method	JBJJIHMNMHH	COOIDLJOJAP	SFS.UI.UI_Raycaster	Raycast	0.95	ilhash	S
method	JBJJIHMNMHH	GNHPNNIBDGD	SFS.UI.UI_Raycaster	RaycastScreenClamped	0.95	ilhash	SP
method	JEGOHIHFODP	EHFBBGCMBNC	SFS.Navigation.Escape	Valid	0.95	ilhash	S
method	JEGOHIHFODP	BHJAJEKKFAJ	SFS.Navigation.Escape	Escape_Hohman_Current	0.95	ilhash	SP
method	JEGOHIHFODP	DOEJBHILPEM	SFS.Navigation.Escape	Escape_Direct_Future	0.95	ilhash	SP
method	JEGOHIHFODP	KAAOPGKNGPC	SFS.Navigation.Escape	Escape_Direct_Current	0.95	ilhash	SP
method	JEGOHIHFODP	DGFHJIIMGLG	SFS.Navigation.Escape	Intersecting	0.95	ilhash	S
method	JEGOHIHFODP	GDKFIKOJMGE	SFS.Navigation.Escape	Escape_Hohman_Future	0.95	ilhash	SP
method	JEGOHIHFODP/DJAJDDAGINF	EAAIPLKMONG	SFS.Navigation.Escape/<>c__DisplayClass4_0	<Intersecting>b__0	0.50	order-sig	-
method	JEGOHIHFODP/FOIBIBPHMOO	IKJHAEAHEOB	SFS.Navigation.Escape/<>c__DisplayClass5_0	<Valid>b__0	0.50	order-sig	-
method	JEGOHIHFODP/FPPKJMACCKN	EFLHFKJMHHG	SFS.Navigation.Escape/<>c__DisplayClass1_0	<Escape_Direct_Future>b__1	0.95	ilhash	-
method	JEGOHIHFODP/FPPKJMACCKN	OLMGJLJLJHN	SFS.Navigation.Escape/<>c__DisplayClass1_0	<Escape_Direct_Future>b__0	0.95	ilhash	-
method	JEGOHIHFODP/GHLGMPPADFB	AMFCJODLIJH	SFS.Navigation.Escape/<>c__DisplayClass2_0	<Escape_Hohman_Current>b__0	0.95	ilhash	-
method	JEGOHIHFODP/HLPKHPHBCMM	LEGGNLJKNJI	SFS.Navigation.Escape/<>c__DisplayClass0_1	<Escape_Direct_Current>b__2	0.95	ilhash	-
method	JEGOHIHFODP/HLPKHPHBCMM	DGCACODMAOF	SFS.Navigation.Escape/<>c__DisplayClass0_1	<Escape_Direct_Current>b__1	0.95	ilhash	-
method	JEGOHIHFODP/IJPLFLCECCO	NIMJAHJNINK	SFS.Navigation.Escape/<>c__DisplayClass0_0	<Escape_Direct_Current>b__0	0.95	ilhash	-
method	JEGOHIHFODP/ILOPCCCLHOA	KIIBKNEHKFJ	SFS.Navigation.Escape/<>c__DisplayClass0_2	<Escape_Direct_Current>b__3	0.95	ilhash	-
method	JEGOHIHFODP/ILOPCCCLHOA	NDAOPIEPMMG	SFS.Navigation.Escape/<>c__DisplayClass0_2	<Escape_Direct_Current>b__4	0.95	ilhash	-
method	JEGOHIHFODP/PJAIKDICJIJ	IMNGECBEOLG	SFS.Navigation.Escape/<>c__DisplayClass1_1	<Escape_Direct_Future>b__3	0.95	ilhash	-
method	JEGOHIHFODP/PJAIKDICJIJ	DACCEELBHNL	SFS.Navigation.Escape/<>c__DisplayClass1_1	<Escape_Direct_Future>b__2	0.95	ilhash	-
method	JFNKFCGIABG	EKPKCGGLEAM	SFS.Career.TechTreeData_Static	IsUnlocked	0.95	ilhash	SP
field	JGEJJPOPHKK	PDDHFPIJBEE	UV.Color_Channel	elements	0.80	shape	I
method	SFS.UI.JGSZBYWTYLCDJHWY	DOBDDHFOJOJ	SFS.UI.AstronautMenu	<GetSelected>b__18_0	0.95	ilhash	-
method	SFS.UI.JGSZBYWTYLCDJHWY	ACAFFNAKEHI	SFS.UI.AstronautMenu	<DrawList>g__GetSortingScore|16_1	0.95	ilhash	S
method	SFS.UI.JGSZBYWTYLCDJHWY	IGBAOOCMIFG	SFS.UI.AstronautMenu	Create	0.95	ilhash	-
method	SFS.UI.JGSZBYWTYLCDJHWY	IBHPMHFCBGC	SFS.UI.AstronautMenu	<CreateAstronaut>b__19_0	0.95	ilhash	-
method	SFS.UI.JGSZBYWTYLCDJHWY	JGHONHPGGMM	SFS.UI.AstronautMenu	get_OnEscape	0.95	ilhash	V
method	SFS.UI.JGSZBYWTYLCDJHWY	NALLCDOECGH	SFS.UI.AstronautMenu	GetSelected	0.95	ilhash	-
method	SFS.UI.JGSZBYWTYLCDJHWY	AFLJMOFKJMC	SFS.UI.AstronautMenu	DrawList	0.95	ilhash	-
field	SFS.UI.JGSZBYWTYLCDJHWY	PDDHFPIJBEE	SFS.UI.AstronautMenu	elements	0.80	shape	I
field	SFS.UI.JGSZBYWTYLCDJHWY	FIDGDCKEDBN	SFS.UI.AstronautMenu	seat	0.80	shape	I
field	SFS.UI.JGSZBYWTYLCDJHWY	CADBAPODOEK	SFS.UI.AstronautMenu	redrawSeat	0.80	shape	I
method	SFS.UI.JGSZBYWTYLCDJHWY/<>c	AAKMPLJCAEE	SFS.UI.AstronautMenu/<>c	<FireAstronaut>b__21_1	0.95	ilhash	-
method	SFS.UI.JGSZBYWTYLCDJHWY/<>c	MFMJJEBEBFJ	SFS.UI.AstronautMenu/<>c	<DrawList>b__16_0	0.95	ilhash	-
method	SFS.UI.JGSZBYWTYLCDJHWY/BIHLFFKOLCG	IEADPLLJOLJ	SFS.UI.AstronautMenu/<>c__DisplayClass16_0	<DrawList>b__2	0.95	ilhash	-
method	SFS.UI.JGSZBYWTYLCDJHWY/KLEOCKKHNCK	OCFHPOAEEBF	SFS.UI.AstronautMenu/<>c__DisplayClass21_0	<FireAstronaut>b__2	0.95	ilhash	-
method	SFS.UI.JGSZBYWTYLCDJHWY/KLEOCKKHNCK	MFGGLJEBBGI	SFS.UI.AstronautMenu/<>c__DisplayClass21_0	<FireAstronaut>b__0	0.95	ilhash	-
method	JHNBOPLGBGK	JDDCAFLHHJL	Clipper2Lib.PathsD	ToString	0.95	ilhash	P
method	JHNBOPLGBGK/FEMAIDGLBNJ	BHPPCJJPLOC	Clipper2Lib.PathsD/<>c__DisplayClass3_0	<ToString>b__0	0.95	ilhash	-
method	JIBVYFBVOYQJKXES	BHGBCGKFPAP	PartIconCreator	CloseLandingLegs	0.95	ilhash	S
method	JIBVYFBVOYQJKXES	LOHOHMCABLD	PartIconCreator	SanitizeBounds	0.95	ilhash	S
method	JIBVYFBVOYQJKXES	FCAOCBHJBCJ	PartIconCreator	Render	0.95	ilhash	-
method	JIBVYFBVOYQJKXES	FLKOKIBEBLJ	PartIconCreator	PositionParts	0.95	ilhash	S
method	JIBVYFBVOYQJKXES	AOAJHPHPCAJ	PartIconCreator	RenderAndDestroy	0.95	ilhash	-
method	JIBVYFBVOYQJKXES	EBIBFHLDKKE	PartIconCreator	MoveToLayer	0.95	ilhash	S
method	JIBVYFBVOYQJKXES	NCGLJBLFKKG	PartIconCreator	Expand	0.95	ilhash	S
method	JIBVYFBVOYQJKXES/<>c	ELDPAJHIDIA	PartIconCreator/<>c	<CreatePartIcon_TechTree>b__4_0	0.95	ilhash	-
field	JIGKCBEMDIH	ADIDDMCNMIB	ModLoader.Helpers.SceneHelper	OnHomeSceneLoaded	0.30	order	S
field	JIGKCBEMDIH	JMLOMNKBDOP	ModLoader.Helpers.SceneHelper	OnHomeSceneUnloaded	0.30	order	S
field	JIGKCBEMDIH	NDEGDBFODPI	ModLoader.Helpers.SceneHelper	OnHubSceneLoaded	0.30	order	S
field	JIGKCBEMDIH	CNMAELAAJEN	ModLoader.Helpers.SceneHelper	OnHubSceneUnloaded	0.30	order	S
field	JIGKCBEMDIH	ENOAKNFHMJJ	ModLoader.Helpers.SceneHelper	OnBuildSceneLoaded	0.30	order	S
field	JIGKCBEMDIH	IHGJHILMHJB	ModLoader.Helpers.SceneHelper	OnBuildSceneUnloaded	0.30	order	S
field	JIGKCBEMDIH	BBDGFEIMMOB	ModLoader.Helpers.SceneHelper	OnWorldSceneLoaded	0.30	order	S
field	JIGKCBEMDIH	KJNGKAIGBBF	ModLoader.Helpers.SceneHelper	OnWorldSceneUnloaded	0.30	order	S
field	JIGKCBEMDIH	LJAAOHEGAGN	ModLoader.Helpers.SceneHelper	OnSceneLoaded	0.30	order	S
field	JIGKCBEMDIH	LFGAADIIBPF	ModLoader.Helpers.SceneHelper	OnSceneUnloaded	0.30	order	S
method	SFS.UI.JJRTCZZXQEGSJAOW	DEPPADCBIMC	SFS.UI.SettingsMenuSizer	SetSize_Internal	0.95	ilhash	V
method	SFS.UI.JJRTCZZXQEGSJAOW	NONFDKGHCMF	SFS.UI.SettingsMenuSizer	GetPreferredSize_Internal	0.95	ilhash	V
method	SFS.UI.JLPISIZPCXEJNWRV	IPEJGAHANLH	SFS.UI.DownloadMenu	OpenDownloadMenu	0.95	ilhash	-
method	SFS.UI.JLPISIZPCXEJNWRV	NDENPAAKPHP	SFS.UI.DownloadMenu	<OpenDownloadMenu>b__2_0	0.95	ilhash	-
method	SFS.UI.JLPISIZPCXEJNWRV	DBKHMHEAIGK	SFS.UI.DownloadMenu	<UploadRocket>b__3_0	0.95	ilhash	-
field	SFS.UI.JLPISIZPCXEJNWRV	EDMNGOBPPBO	SFS.UI.DownloadMenu	requester	0.80	shape	I
method	SFS.UI.JLPISIZPCXEJNWRV/<>c	DLCPDBKCICF	SFS.UI.DownloadMenu/<>c	<OpenSharingMenu_PC>b__1_6	0.95	ilhash	-
method	SFS.UI.JLPISIZPCXEJNWRV/<>c	BHODACFALLB	SFS.UI.DownloadMenu/<>c	<OpenSharingMenu_PC>b__1_5	0.95	ilhash	-
method	SFS.UI.JLPISIZPCXEJNWRV/<>c	FJACBFBBIKL	SFS.UI.DownloadMenu/<>c	<OpenSharingMenu_PC>b__1_3	0.95	ilhash	-
method	SFS.UI.JLPISIZPCXEJNWRV/<>c	PFKLLNJLGAE	SFS.UI.DownloadMenu/<>c	<UploadRocket>b__3_1	0.95	ilhash	-
method	SFS.UI.JLPISIZPCXEJNWRV/<>c	ECGKCGJLBLK	SFS.UI.DownloadMenu/<>c	<OpenSharingMenu_PC>b__1_2	0.95	ilhash	-
method	SFS.UI.JLPISIZPCXEJNWRV/<>c	FGNDIGCLEAB	SFS.UI.DownloadMenu/<>c	<OpenSharingMenu_PC>b__1_1	0.95	ilhash	-
method	SFS.UI.JLPISIZPCXEJNWRV/<>c	IANOAFGEPIJ	SFS.UI.DownloadMenu/<>c	<OpenSharingMenu_PC>b__1_4	0.95	ilhash	-
method	SFS.UI.JLPISIZPCXEJNWRV/<>c	PNACBFBFEPH	SFS.UI.DownloadMenu/<>c	<OpenSharingMenu_PC>b__1_0	0.95	ilhash	-
method	SFS.UI.JLPISIZPCXEJNWRV/<>c	NBHEFBKCMFF	SFS.UI.DownloadMenu/<>c	<DownloadRocket>b__4_1	0.95	ilhash	-
method	SFS.UI.JLPISIZPCXEJNWRV/IOHJBGHNFCI	AICAIHBILDJ	SFS.UI.DownloadMenu/<>c__DisplayClass4_0	<DownloadRocket>b__0	0.95	ilhash	-
method	JMFPFAGGABP	PNHCCLDDPJD	Clipper2Lib.ClipperEngine	AddLocMin	0.95	ilhash	S
method	JMFPFAGGABP	MLEEAIFAFAA	Clipper2Lib.ClipperEngine	EnsureCapacity	0.95	ilhash	S
method	JMFPFAGGABP	DNKAMGMOCNI	Clipper2Lib.ClipperEngine	AddPathsToVertexList	0.95	ilhash	S
method	JNCFELNINNJ	MNMNFPOFBCO	SFS.Parts.CustomAssetsLoader	UnloadAll	0.95	ilhash	SP
method	JNCFELNINNJ	KJBLMLDFPLJ	SFS.Parts.CustomAssetsLoader	<LoadSequence>g__CollectPackCounts|9_1	0.95	ilhash	S
method	JNCFELNINNJ	LMELKIJNFBH	SFS.Parts.CustomAssetsLoader	Load	0.95	ilhash	S
method	JNCFELNINNJ	KONDDIJINNL	SFS.Parts.CustomAssetsLoader	LoadSequence	0.95	ilhash	SP
method	JNCFELNINNJ	MHEELGOEBPB	SFS.Parts.CustomAssetsLoader	LoadAllCustomAssets	0.95	ilhash	SP
field	JNCFELNINNJ	KFPLJIHEGNE	SFS.Parts.CustomAssetsLoader	Report	0.80	shape	S
field	JNCFELNINNJ	AIGBBDJKGDH	SFS.Parts.CustomAssetsLoader	onUnload	0.80	shape	S
field	JNCFELNINNJ	GMCNNPDJJKF	SFS.Parts.CustomAssetsLoader	startedLoading	0.30	order	S
field	JNCFELNINNJ	EOOHBHFNAJN	SFS.Parts.CustomAssetsLoader	finishedLoading	0.30	order	S
field	JNCFELNINNJ	AHCLIMPJBBB	SFS.Parts.CustomAssetsLoader	totalAssetPacks	0.30	order	S
field	JNCFELNINNJ	OBDGCDKBKED	SFS.Parts.CustomAssetsLoader	loadedAssetPacks	0.30	order	S
method	JNCFELNINNJ/<>c	IHIKMCGJJBK	SFS.Parts.CustomAssetsLoader/<>c	<LoadSequence>b__9_0	0.95	ilhash	-
method	JNCFELNINNJ/<>c	LFFGAGCPNGK	SFS.Parts.CustomAssetsLoader/<>c	<LoadSequence>b__9_2	0.95	ilhash	-
method	SFS.World.JNMGBLOQBCYROONH	KKHHHJCPFJA	SFS.World.GameCamerasManager	SetCameraAngle	0.95	ilhash	-
method	SFS.World.JNMGBLOQBCYROONH	PJKGCPDEJLA	SFS.World.GameCamerasManager	GetTargetCameraAngle	0.95	ilhash	S
method	SFS.World.JNMGBLOQBCYROONH	CCGIMBBNAHH	SFS.World.GameCamerasManager	UpdateActiveCamera	0.95	ilhash	-
method	SFS.World.JNMGBLOQBCYROONH	PCJMAIEOMJH	SFS.World.GameCamerasManager	OnUpdate	0.95	ilhash	-
field	SFS.World.JNMGBLOQBCYROONH	NBPLILJAKKC	SFS.World.GameCamerasManager	cameraAngle	0.30	order	I
field	SFS.World.JNMGBLOQBCYROONH	PICDEBNEOJL	SFS.World.GameCamerasManager	cameraAngularVelocity	0.30	order	I
method	JOHKCNKFDKD	ACNDBFLHJLJ	SFS.Utilities.GZipUtility	Compress	0.95	ilhash	SP
method	JOHKCNKFDKD	KOGFAPJKGAC	SFS.Utilities.GZipUtility	Decompress	0.95	ilhash	SP
method	JOICENLIGGE	PKJLKNBCHCC	SFS.MsgCollector	SFS.I_MsgLogger.Log	0.95	ilhash	VN
field	JOICENLIGGE	NAPPDGEPJII	SFS.MsgCollector	msg	0.80	shape	I
field	JOLKOGIADKL	OLMPNIOEKJI	LineCommand	start	0.30	order	I
field	JOLKOGIADKL	GNIECMKCIJN	LineCommand	width	0.80	shape	I
field	JOLKOGIADKL	EBEAPFBDIDO	LineCommand	end	0.30	order	I
field	JOLKOGIADKL	ANPAOOACJBJ	LineCommand	color	0.80	shape	I
field	SFS.Input.JOLZXWSWKFHBMKGN	PGJHPAMBFBD	SFS.Input.InputMask2D	rectTransform	0.80	shape	I
method	JOMHKAEJBBF	JIEEOCIOHGA	OpenTracker	Close	0.95	ilhash	P
method	JOMHKAEJBBF	ECGHNKDGLLP	OpenTracker	<.ctor>b__2_0	0.95	ilhash	-
field	JOMHKAEJBBF	KNKLBOFMKLO	OpenTracker	isOpen	0.80	shape	I
field	JOMHKAEJBBF	EFCPMIOMEFE	OpenTracker	close	0.80	shape	I
method	JOMHKAEJBBF/<>c	KKDOMJAHNBD	OpenTracker/<>c	<.ctor>b__3_0	0.95	ilhash	-
method	JPMJDKALINP	AOFOKILHBFB	SFS.IO.FolderPath	RenameFolder	0.95	ilhash	P
method	JPMJDKALINP	FIAHJKMNMMN	SFS.IO.FolderPath	Clone	0.95	ilhash	P
method	JPMJDKALINP	HEPBBEKOPDD	SFS.IO.FolderPath	DeleteFolder	0.95	ilhash	P
method	JPMJDKALINP	MNOMLKCOGCC	SFS.IO.FolderPath	get_Parent	0.95	ilhash	P
method	JPMJDKALINP	BJLOFPEOMPL	SFS.IO.FolderPath	GetRelativePath	0.95	ilhash	P
method	JPMJDKALINP	PAMPDBICINC	SFS.IO.FolderPath	Move	0.95	ilhash	P
method	JPMJDKALINP	FICFAFEJOKO	SFS.IO.FolderPath	FolderExists	0.95	ilhash	P
method	JPMJDKALINP	JLKNMOBIPNN	SFS.IO.FolderPath	EnumerateContentsRecursively	0.95	ilhash	P
method	JPMJDKALINP	HAJJLAKPBEP	SFS.IO.FolderPath	set_FolderName	0.95	ilhash	-
method	JPMJDKALINP	PLIHLCBAGOO	SFS.IO.FolderPath	CloneAndExtend	0.95	ilhash	P
method	JPMJDKALINP	IFCBFHDIIMB	SFS.IO.FolderPath	get_FolderName	0.95	ilhash	P
method	JPMJDKALINP	HAIDLGOOMIG	SFS.IO.FolderPath	GetFoldersInFolder	0.95	ilhash	P
method	JPMJDKALINP	CJNMEANPKOB	SFS.IO.FolderPath	EnumerateContents	0.95	ilhash	P
method	JPMJDKALINP	MEHFNMEBEDO	SFS.IO.FolderPath	Extend	0.95	ilhash	P
method	JPMJDKALINP	FCPOELIJHON	SFS.IO.FolderPath	GetFilesInFolder	0.95	ilhash	P
method	JPMJDKALINP	KIKMCDGKHOF	SFS.IO.FolderPath	ExtendToFile	0.95	ilhash	P
method	JPMJDKALINP	PFPGPDJAIOB	SFS.IO.FolderPath	CreateFolder	0.95	ilhash	P
method	JPMJDKALINP/CKPPLLNFLCN	AADNIOIBLCC	SFS.IO.FolderPath/<GetFilesInFolder>d__14	<>m__Finally1	0.95	ilhash	-
method	JPMJDKALINP/HNMCPJHEKKP	AADNIOIBLCC	SFS.IO.FolderPath/<GetFoldersInFolder>d__15	<>m__Finally1	0.95	ilhash	-
method	JPMJDKALINP/IBCEMENIPAE	JFNMELKJKHO	SFS.IO.FolderPath/<EnumerateContents>d__16	<>m__Finally2	0.95	ilhash	-
method	JPMJDKALINP/IBCEMENIPAE	AADNIOIBLCC	SFS.IO.FolderPath/<EnumerateContents>d__16	<>m__Finally1	0.95	ilhash	-
method	JPMJDKALINP/JKKOPECLEDN	AADNIOIBLCC	SFS.IO.FolderPath/<EnumerateContentsRecursively>d__17	<>m__Finally2	0.95	ilhash	-
method	JPMJDKALINP/JKKOPECLEDN	JFNMELKJKHO	SFS.IO.FolderPath/<EnumerateContentsRecursively>d__17	<>m__Finally1	0.95	ilhash	-
method	SFS.UI.JRNADJENEKNXJSIA	FMHDPECFGHF	SFS.UI.DraggableWindowModule	OnHold	0.95	ilhash	-
field	SFS.UI.JRNADJENEKNXJSIA	ODLCOCGFPEK	SFS.UI.DraggableWindowModule	OnDropAction	0.80	shape	I
method	SFS.World.JRSEEVVLGJUKABZR	IPOHCIHKFIM	SFS.World.EffectManager	EffectLifecycle	0.95	ilhash	S
field	SFS.World.JRSEEVVLGJUKABZR	NKFKGLNJAOK	SFS.World.EffectManager	main	0.80	shape	S
field	SFS.World.JRSEEVVLGJUKABZR	PNKEGDEKBKO	SFS.World.EffectManager	effects	0.80	shape	I
method	SFS.World.JRSEEVVLGJUKABZR/DLMCKNKCMFH	JEOPMCHIOKE	SFS.World.EffectManager/Effect	Destroy	0.95	ilhash	P
field	SFS.World.JRSEEVVLGJUKABZR/DLMCKNKCMFH	PMABJDILHBK	SFS.World.EffectManager/Effect	effect	0.80	shape	I
field	SFS.World.JRSEEVVLGJUKABZR/DLMCKNKCMFH	NLCMHCOIPDA	SFS.World.EffectManager/Effect	lifecycleCoroutine	0.80	shape	I
method	SFS.World.JRSEEVVLGJUKABZR/PDPLMDCFNKE	LPGJOJBFLEP	SFS.World.EffectManager/<>c__DisplayClass11_0	<EffectLifecycle>g__Coroutine|0	0.95	ilhash	-
method	SFS.Career.JUNXXSBGKEFCTJEP	JKAOMPJGELB	SFS.Career.TreeComponent	<Start>b__5_1	0.95	ilhash	-
method	SFS.Career.JUNXXSBGKEFCTJEP	JGJFKHGEPAF	SFS.Career.TreeComponent	DeselectAnimation	0.95	ilhash	-
method	SFS.Career.JUNXXSBGKEFCTJEP	GCDOPFFOFIF	SFS.Career.TreeComponent	<Start>b__5_0	0.95	ilhash	-
method	SFS.Career.JUNXXSBGKEFCTJEP	BFIMEFKPHEL	SFS.Career.TreeComponent	SelectAnimation	0.95	ilhash	-
field	SFS.Career.JUNXXSBGKEFCTJEP	KLNHJEOFKBL	SFS.Career.TreeComponent	selected	0.80	shape	I
field	SFS.Career.JUNXXSBGKEFCTJEP	IOKNNNELEEM	SFS.Career.TreeComponent	selected_OriginalHolder	0.80	shape	I
field	SFS.Career.JUNXXSBGKEFCTJEP	JAENCEKEKLH	SFS.Career.TreeComponent	selected_OriginalPosition	0.80	shape	I
field	SFS.Career.JUNXXSBGKEFCTJEP	LHBHPICDAGD	SFS.Career.TreeComponent	selected_OriginalHolderScale	0.80	shape	I
field	SFS.Career.JUNXXSBGKEFCTJEP	MJEPAACJNAO	SFS.Career.TreeComponent	animating	0.80	shape	I
method	InterplanetaryModule.JYKFMWGEBFNBRVYM	FNMFNMMGFCC	InterplanetaryModule.BalloonModule	get_Location	0.95	ilhash	-
method	InterplanetaryModule.JYKFMWGEBFNBRVYM	BJMPDMPNGMO	InterplanetaryModule.BalloonModule	UpdateEnabled	0.95	ilhash	-
method	InterplanetaryModule.JYKFMWGEBFNBRVYM	ELAOIOGBAKH	InterplanetaryModule.BalloonModule	AngleToOldPosition	0.95	ilhash	-
method	InterplanetaryModule.JYKFMWGEBFNBRVYM	NLPKJACAAJA	InterplanetaryModule.BalloonModule	SFS.Parts.Modules.I_PartMenu.Draw	0.95	ilhash	VN
field	InterplanetaryModule.JYKFMWGEBFNBRVYM	<JIIPJEEJEEM>k__BackingField	InterplanetaryModule.BalloonModule	<Location>k__BackingField	0.30	order	I
field	InterplanetaryModule.JYKFMWGEBFNBRVYM	<JPPKNJBLJNN>k__BackingField	InterplanetaryModule.BalloonModule	<Rb2d>k__BackingField	0.80	shape	I
field	InterplanetaryModule.JYKFMWGEBFNBRVYM	IOOBNEDMNKG	InterplanetaryModule.BalloonModule	oldPosition	0.30	order	I
prop	InterplanetaryModule.JYKFMWGEBFNBRVYM	GPOBBJCNLAA	InterplanetaryModule.BalloonModule	Location	0.90	accessor	P
prop	InterplanetaryModule.JYKFMWGEBFNBRVYM	CAFNJDCFPJG	InterplanetaryModule.BalloonModule	Rb2d	0.90	accessor	P
method	UI.JZTVCBBEMQVCIACQ	DJDIPNIIEFD	UI.ScrollToButtonAttach	<Start>b__3_0	0.95	ilhash	-
method	SFS.World.JointGroup	OOLANHLOMDK	SFS.World.JointGroup	RecreateGroups	0.95	ilhash	P
method	SFS.World.JointGroup	HANIJEDELFK	SFS.World.JointGroup	<AddJointToDictionary>g__Add|4_0	0.95	ilhash	-
method	SFS.World.JointGroup	ODLDBLNNOFK	SFS.World.JointGroup	RemoveJoint	0.95	ilhash	-
method	SFS.World.JointGroup	ODNNPJIADKE	SFS.World.JointGroup	<OnPartDestroyed>g__SetFirstControllableChildAsPlayer|5_0	0.95	ilhash	S
method	SFS.World.JointGroup	AKBJFEADGJJ	SFS.World.JointGroup	OnPartDestroyed	0.95	ilhash	SP
method	SFS.World.JointGroup	FNDBEHOJOMJ	SFS.World.JointGroup	AddJoint	0.95	ilhash	P
method	SFS.World.JointGroup	HOEFKAHEADN	SFS.World.JointGroup	GetConnectedJoints	0.95	ilhash	P
method	SFS.World.JointGroup	LFKIJBMBKCC	SFS.World.JointGroup	RecreateRockets	0.95	ilhash	SP
method	SFS.World.JointGroup	HJFHDOFBDCL	SFS.World.JointGroup	GetConnectedFairings	0.95	ilhash	P
method	SFS.World.JointGroup	FONNDOEINKE	SFS.World.JointGroup	RemovePartAndItsJoints	0.95	ilhash	P
method	SFS.World.JointGroup	FFNONFAPFCC	SFS.World.JointGroup	GetResourceGroups	0.95	ilhash	P
method	SFS.World.JointGroup	EJAAIJKMANK	SFS.World.JointGroup	DestroyJoint	0.95	ilhash	SP
method	SFS.World.JointGroup	HNDFJOEOCLE	SFS.World.JointGroup	RepositionParts	0.95	ilhash	P
method	SFS.World.JointGroup	PHPOCBGMCLB	SFS.World.JointGroup	AddJointToDictionary	0.95	ilhash	-
method	SFS.World.JointGroup/<>c	PCMDELKFHEH	SFS.World.JointGroup/<>c	<OnPartDestroyed>b__5_1	0.95	ilhash	-
method	SFS.World.JointSave	JAMJKHEHJOL	SFS.World.JointSave	CreateSave	0.95	ilhash	SP
method	KBMPNMEAJEF	GKCGFEEOFOJ	SFS.Input.I_Key	IsKeyDown	0.75	virtual-order	VANP
method	KBMPNMEAJEF	MMDCLEIBMJH	SFS.Input.I_Key	IsKeyStay	0.75	virtual-order	VANP
method	KBMPNMEAJEF	NOKIPKENHHO	SFS.Input.I_Key	IsKeyUp	0.75	virtual-order	VANP
method	KBNNHJKKEPB	OJPJLPELMAP	ModLoader.Mod	get_ModNameID	0.75	virtual-order	VANP
method	KBNNHJKKEPB	CJCINDFGCAD	ModLoader.Mod	get_DisplayName	0.75	virtual-order	VANP
method	KBNNHJKKEPB	LMELKIJNFBH	ModLoader.Mod	Load	0.95	ilhash	VNP
method	KBNNHJKKEPB	BLLIFAMEDOI	ModLoader.Mod	get_ModFolder	0.95	ilhash	P
method	KBNNHJKKEPB	AJAJFDOJJHP	ModLoader.Mod	get_Author	0.75	virtual-order	VANP
method	KBNNHJKKEPB	PIBFGOHNOIF	ModLoader.Mod	get_Dependencies	0.95	ilhash	VNP
method	KBNNHJKKEPB	GNFBAFPOBLL	ModLoader.Mod	Early_Load	0.95	ilhash	VNP
method	KBNNHJKKEPB	GKEDJIEMNAK	ModLoader.Mod	get_MinimumGameVersionNecessary	0.75	virtual-order	VANP
method	KBNNHJKKEPB	NHCKKFLDGGC	ModLoader.Mod	get_ModVersion	0.75	virtual-order	VANP
method	KBNNHJKKEPB	NCBLNOEPINI	ModLoader.Mod	set_ModFolder	0.95	ilhash	P
method	KBNNHJKKEPB	JDIKMGBCPMD	ModLoader.Mod	get_Description	0.75	virtual-order	VANP
method	KBNNHJKKEPB	PPFDBPHJGFB	ModLoader.Mod	get_LoadKeybindings	0.95	ilhash	VNP
method	KBNNHJKKEPB	KACNHBDGGOH	ModLoader.Mod	get_IconLink	0.95	ilhash	VNP
field	KBNNHJKKEPB	LBEHKMBKLNJ	ModLoader.Mod	assetsFilename	0.30	order	I
field	KBNNHJKKEPB	<EJLODKPNFOA>k__BackingField	ModLoader.Mod	<ModFolder>k__BackingField	0.30	order	I
method	KCECDNOFHBH	IOAIAFKMJFN	SFS.WorldBase.PlanetLoader_Static	HasPlanet	0.95	ilhash	SP
method	KCECDNOFHBH	CMEEOBBMJBD	SFS.WorldBase.PlanetLoader_Static	GetPlanet	0.95	ilhash	SP
prop	KFPUIUZKQICGRWRA	LJPFINCEIBL	AeroData	Formula	0.90	accessor	P
method	SFS.World.KGAVONEFOUVGEKYA	KCKGMLBPEGM	SFS.World.LocationDrawer	GetIdealAngle	0.50	order-sig	S
method	KHBLPEOPKDC	CKDCEDNOOHA	SFS.Parts.Modules.PipePoint	get_Right	0.95	ilhash	P
method	KHBLPEOPKDC	GNKDOEDEFFE	SFS.Parts.Modules.PipePoint	GetPosition	0.95	ilhash	P
method	KHBLPEOPKDC	DLNIHPOGAGJ	SFS.Parts.Modules.PipePoint	get_Left	0.95	ilhash	P
method	KHBLPEOPKDC	ADLMENKJEOA	SFS.Parts.Modules.PipePoint	LerpByHeight	0.95	ilhash	SP
method	KHBLPEOPKDC	JEBJDILGFIE	SFS.Parts.Modules.PipePoint	Lerp	0.95	ilhash	S
field	KHBLPEOPKDC	OLMPNIOEKJI	SFS.Parts.Modules.PipePoint	position	0.30	order	I
field	KHBLPEOPKDC	BIDAKCJGMJO	SFS.Parts.Modules.PipePoint	width	0.30	order	I
field	KHBLPEOPKDC	IIPGNBOIMDN	SFS.Parts.Modules.PipePoint	height	0.30	order	I
field	KHBLPEOPKDC	BEAKLJHAING	SFS.Parts.Modules.PipePoint	cutLeft	0.30	order	I
field	KHBLPEOPKDC	PJCGJIAEEAJ	SFS.Parts.Modules.PipePoint	cutRight	0.30	order	I
method	KIEMCHGMBOI	BENFBICEEMP	SFS.UI.I_SavingBase	get_Title	0.45	virtual-order?	VANP
method	KIEMCHGMBOI	MPGDCONEMOH	SFS.UI.I_SavingBase	get_LoadButtonText	0.75	virtual-order	VANP
method	KIEMCHGMBOI	ILCMDPOGPKP	SFS.UI.I_SavingBase	GetImportAvailability	0.45	virtual-order?	VANP
method	KIEMCHGMBOI	MBAJADOOONC	SFS.UI.I_SavingBase	CanSave	0.45	virtual-order?	VANP
method	KIEMCHGMBOI	BFBFHGBLDMI	SFS.UI.I_SavingBase	Save	0.75	virtual-order	VANP
method	KIEMCHGMBOI	DGEJOEENIDD	SFS.UI.I_SavingBase	Load	0.45	virtual-order?	VANP
method	KIEMCHGMBOI	LMELKIJNFBH	SFS.UI.I_SavingBase	Delete	0.75	virtual-order	VANP
method	KIEMCHGMBOI	PONGFCEJMNB	SFS.UI.I_SavingBase	Import	0.45	virtual-order?	VANP
method	KIEMCHGMBOI	PONGFCEJMNB	SFS.UI.I_SavingBase	Rename	0.45	virtual-order?	VANP
method	KIEMCHGMBOI	DGEJOEENIDD	SFS.UI.I_SavingBase	GetOrderer	0.45	virtual-order?	VANP
method	KJHAMLBPKID	AKFMJAGMMOA	SFS.IO.PathUtility	AutoNameExisting	0.95	ilhash	SP
method	KJHAMLBPKID	KABMLCILGOD	SFS.IO.PathUtility	UseUntakenName	0.95	ilhash	SP
method	KJHAMLBPKID	DLFDJGEIKJB	SFS.IO.PathUtility	IsValidFileName	0.95	ilhash	S
method	KJHAMLBPKID	PEDCGDIMEBM	SFS.IO.PathUtility	MakeUsable	0.95	ilhash	SP
method	KJHAMLBPKID/<>c	KMBMHABDNMD	SFS.IO.PathUtility/<>c	<IsValidFileName>b__4_0	0.95	ilhash	-
method	KJYICWGTDILOQZZF	GCFPMPFJIPK	ButtonGroup	ButtonClicked	0.95	ilhash	-
method	KJYICWGTDILOQZZF	LKAIGBJDMNP	ButtonGroup	set_SelectedIndex	0.95	ilhash	-
method	KJYICWGTDILOQZZF	GENAJGHCMJN	ButtonGroup	<Start>b__6_0	0.95	ilhash	-
field	KJYICWGTDILOQZZF	<JCNHJMFFBCG>k__BackingField	ButtonGroup	<SelectedIndex>k__BackingField	0.80	shape	I
prop	KJYICWGTDILOQZZF	OGHBNFEPJPA	ButtonGroup	SelectedIndex	0.90	accessor	P
method	KJYICWGTDILOQZZF/FLDOIONGOMG	NHHIOCCAAKC	ButtonGroup/<>c__DisplayClass7_0	<ButtonClicked>b__0	0.95	ilhash	-
method	KJYICWGTDILOQZZF/OABEOGNAMMI	HMPNPMEBKML	ButtonGroup/<>c__DisplayClass6_0	<Start>b__1	0.95	ilhash	-
method	TranslucentImage.KJYNXNKYCISJLHXY	FIAHHHACGOI	TranslucentImage.TranslucentImageNode	OnMainCameraChange	0.95	ilhash	-
method	KKJJNNCIIDH	OEGPJKNEAID	SFS.World.I_Physics	get_PhysicsMode	0.45	virtual-order?	VANP
method	KKJJNNCIIDH	EGINGDJKJGH	SFS.World.I_Physics	set_PhysicsMode	0.45	virtual-order?	VANP
method	KKJJNNCIIDH	DOIHIPHGBKL	SFS.World.I_Physics	OnFixedUpdate	0.75	virtual-order	VANP
method	KKJJNNCIIDH	OAAJDAFLCPD	SFS.World.I_Physics	get_LocalVelocity	0.75	virtual-order	VANP
method	KKJJNNCIIDH	EGINGDJKJGH	SFS.World.I_Physics	set_LocalVelocity	0.75	virtual-order	VANP
method	KKJJNNCIIDH	LCJDDGLDAEB	SFS.World.I_Physics	OnCrashIntoPlanet	0.75	virtual-order	VANP
prop	KKJJNNCIIDH	CGIJDKLPKFG	SFS.World.I_Physics	LocalPosition	0.90	accessor	P
field	KLEEPFFGCNH	MIFJJJPLAHL	SFS.Translations.LocSpace	amount	0.80	shape	I
field	KLEEPFFGCNH	MODPPPKGNOI	SFS.Translations.LocSpace	attachToGroup	0.80	shape	I
method	KMBOOCELMHL	ACKFLBIPNHG	SFS.Parts.Modules.Color_Splittable	GetSplits	0.75	virtual-order	V
method	KMBOOCELMHL	AMHHDAHDBBG	SFS.Parts.Modules.Color_Splittable	Split	0.75	virtual-order	V
field	KMBOOCELMHL	PDDHFPIJBEE	SFS.Parts.Modules.Color_Splittable	element	0.30	order	I
method	KMBOOCELMHL/<>c	IKGLEBAELMD	SFS.Parts.Modules.Points_Splittable/<>c	<GetSplits>b__3_0	0.95	ilhash	-
method	KPDAIHFCFBN	EBCAAKCKCLI	Component_Utility	GetRect	0.95	ilhash	SP
method	KPDAIHFCFBN	NFJICMBBPDG	Component_Utility	GetOrAddComponents	0.95	ilhash	SP
method	KPDAIHFCFBN	GBLLLKBGAMH	Component_Utility	HasComponent	0.95	ilhash	SP
method	KPDAIHFCFBN	FMOEBDLIIJE	Component_Utility	FindByName	0.95	ilhash	SP
method	KPDAIHFCFBN	CKGLMJHGNPP	Component_Utility	GetPath	0.95	ilhash	SP
method	KPDAIHFCFBN	MGFJCJDNMIK	Component_Utility	GetComponentInParentTree	0.95	ilhash	SP
method	KPDAIHFCFBN	PAACJHHNAFP	Component_Utility	GetOrAddComponent	0.95	ilhash	SP
method	KPDAIHFCFBN/NPEACOPIKGK	OCBDKFPIBLF	Component_Utility/<>c__DisplayClass5_0`1	<FindByName>b__0	0.95	ilhash	-
method	KPIFADOABHN	CJPNNGCDHBB	SFS.Audio.PlayingSoundEffect3D	get_IsPlaying	0.95	ilhash	P
method	KPIFADOABHN	FMFJHIOKDMB	SFS.Audio.PlayingSoundEffect3D	Play	0.95	ilhash	P
method	KPIFADOABHN	NCMGLNDELNP	SFS.Audio.PlayingSoundEffect3D	SetPitch	0.95	ilhash	P
method	KPIFADOABHN	BBEKNEAHKJC	SFS.Audio.PlayingSoundEffect3D	SetVolume	0.95	ilhash	P
method	KPIFADOABHN	NNAHDPKCFNC	SFS.Audio.PlayingSoundEffect3D	Stop	0.95	ilhash	P
method	KPIFADOABHN	JPLHCGKDCAN	SFS.Audio.PlayingSoundEffect3D	ApplyVolume	0.95	ilhash	P
field	KPIFADOABHN	OBOJFNLBKHE	SFS.Audio.PlayingSoundEffect3D	sources	0.80	shape	I
field	KPIFADOABHN	NJMEBBFGNLA	SFS.Audio.PlayingSoundEffect3D	volume	0.80	shape	I
method	KPIFADOABHN/<>c	IJECLOMKFGB	SFS.Audio.PlayingSoundEffect3D/<>c	<get_IsPlaying>b__4_0	0.95	ilhash	-
method	SFS.Career.KRXPOKWMTHFBNGYN	IHKCCDOEBIB	SFS.Career.AstronautState	HasAstronaut	0.95	ilhash	-
method	SFS.Career.KRXPOKWMTHFBNGYN	EJBFBCKHJNL	SFS.Career.AstronautState	Save	0.95	ilhash	-
method	SFS.Career.KRXPOKWMTHFBNGYN/<>c	GDHHABFJMMI	SFS.Career.AstronautState/<>c	<GetAstronautSave_Game>b__13_2	0.95	ilhash	-
method	SFS.Career.KRXPOKWMTHFBNGYN/<>c	KLPJEINCKCC	SFS.Career.AstronautState/<>c	<CreateAstronaut>b__7_1	0.95	ilhash	-
method	SFS.Career.KRXPOKWMTHFBNGYN/<>c	HCFEOIPOPKI	SFS.Career.AstronautState/<>c	<GetAstronautSave_Game>b__13_1	0.95	ilhash	-
method	SFS.Career.KRXPOKWMTHFBNGYN/<>c	ECBAHPDKEKB	SFS.Career.AstronautState/<>c	<GetAstronautSave_Game>b__13_0	0.95	ilhash	-
method	SFS.Career.KRXPOKWMTHFBNGYN/<>c	MGNJOHBNLJH	SFS.Career.AstronautState/<>c	<CreateAstronaut>b__7_0	0.95	ilhash	-
method	SFS.Career.KRXPOKWMTHFBNGYN/BAJLKHDFDOC	KNNNENDAEKM	SFS.Career.AstronautState/<>c__DisplayClass10_0	<RemoveCrew>b__0	0.95	ilhash	-
method	SFS.Career.KRXPOKWMTHFBNGYN/BMOAOAFJBJL	DBCGDFMHEGC	SFS.Career.AstronautState/<>c__DisplayClass12_0	<GetAstronautByName>b__0	0.95	ilhash	-
method	SFS.Career.KRXPOKWMTHFBNGYN/GFPKADHPADM	MAAIDOLPEOH	SFS.Career.AstronautState/<>c__DisplayClass15_0	<GetAstronautState>b__4	0.95	ilhash	-
method	SFS.Career.KRXPOKWMTHFBNGYN/GFPKADHPADM	DKMPNFNDOOG	SFS.Career.AstronautState/<>c__DisplayClass15_0	<GetAstronautState>b__3	0.95	ilhash	-
method	SFS.Career.KRXPOKWMTHFBNGYN/GFPKADHPADM	CDDBJGFAMOM	SFS.Career.AstronautState/<>c__DisplayClass15_0	<GetAstronautState>b__2	0.95	ilhash	-
method	SFS.Career.KRXPOKWMTHFBNGYN/GFPKADHPADM	ILHEDPAMIIL	SFS.Career.AstronautState/<>c__DisplayClass15_0	<GetAstronautState>b__0	0.95	ilhash	-
method	SFS.Career.KRXPOKWMTHFBNGYN/GFPKADHPADM	OGKHGNEBONH	SFS.Career.AstronautState/<>c__DisplayClass15_0	<GetAstronautState>b__1	0.95	ilhash	-
method	SFS.Career.KRXPOKWMTHFBNGYN/NEDNLIJAEFC	MFGGLJEBBGI	SFS.Career.AstronautState/<>c__DisplayClass8_0	<FireAstronaut>b__0	0.95	ilhash	-
method	ModLoader.UI.KSZTGZXSKVQUALRE	ICOPDNBBNDN	ModLoader.UI.ModsListElement	CheckState	0.95	ilhash	-
field	ModLoader.UI.KSZTGZXSKVQUALRE	IDCIHKKCMFL	ModLoader.UI.ModsListElement	active	0.80	shape	I
field	ModLoader.UI.KSZTGZXSKVQUALRE	HGOHAOOKKHO	ModLoader.UI.ModsListElement	toggle	0.80	shape	I
field	ModLoader.UI.KSZTGZXSKVQUALRE	DJJMJNEKBND	ModLoader.UI.ModsListElement	activeOld	0.80	shape	I
prop	ModLoader.UI.KSZTGZXSKVQUALRE	DEBELDKBNPC	ModLoader.UI.ModsListElement	IsChanged	0.90	accessor	P
method	ModLoader.UI.KSZTGZXSKVQUALRE/EOPJBMFAHID	IIBACIPHOKJ	ModLoader.UI.ModsListElement/<>c__DisplayClass10_0	<DrawUI>b__7	0.95	ilhash	-
method	ModLoader.UI.KSZTGZXSKVQUALRE/EOPJBMFAHID	IECHLCPFFHP	ModLoader.UI.ModsListElement/<>c__DisplayClass10_0	<DrawUI>b__3	0.95	ilhash	-
method	ModLoader.UI.KSZTGZXSKVQUALRE/EOPJBMFAHID	HBIOMGFJIPB	ModLoader.UI.ModsListElement/<>c__DisplayClass10_0	<DrawUI>b__6	0.95	ilhash	-
method	ModLoader.UI.KSZTGZXSKVQUALRE/EOPJBMFAHID	BEKFFCGPIBE	ModLoader.UI.ModsListElement/<>c__DisplayClass10_0	<DrawUI>b__2	0.95	ilhash	-
method	ModLoader.UI.KSZTGZXSKVQUALRE/EOPJBMFAHID	LLINLDHBEJE	ModLoader.UI.ModsListElement/<>c__DisplayClass10_0	<DrawUI>b__5	0.95	ilhash	-
method	ModLoader.UI.KSZTGZXSKVQUALRE/EOPJBMFAHID	HLFDANNLMIF	ModLoader.UI.ModsListElement/<>c__DisplayClass10_0	<DrawUI>b__1	0.95	ilhash	-
method	ModLoader.UI.KSZTGZXSKVQUALRE/EOPJBMFAHID	LPLJLFJPCOD	ModLoader.UI.ModsListElement/<>c__DisplayClass10_0	<DrawUI>b__4	0.95	ilhash	-
method	ModLoader.UI.KSZTGZXSKVQUALRE/EOPJBMFAHID	JKKBNJBFHME	ModLoader.UI.ModsListElement/<>c__DisplayClass10_0	<DrawUI>b__0	0.95	ilhash	-
method	SFS.World.KVOWTOUMSZRVOBWJ	HEDIIBMFNKP	SFS.World.SandboxSettings	ToggleNoBurnMarks	0.95	ilhash	-
method	SFS.World.KVOWTOUMSZRVOBWJ	EGPCAOJILMM	SFS.World.SandboxSettings	ToggleNoHeatDamage	0.95	ilhash	-
method	SFS.World.KVOWTOUMSZRVOBWJ	BGFAPHAHFAB	SFS.World.SandboxSettings	ToggleNoGravity	0.95	ilhash	-
method	SFS.World.KVOWTOUMSZRVOBWJ	BCBOLFCFKOJ	SFS.World.SandboxSettings	<Start>b__24_7	0.95	ilhash	-
method	SFS.World.KVOWTOUMSZRVOBWJ	KOMMCJKHLCJ	SFS.World.SandboxSettings	ToggleUnbreakableParts	0.95	ilhash	-
method	SFS.World.KVOWTOUMSZRVOBWJ	FLKCIENFEFD	SFS.World.SandboxSettings	UnlockCheats	0.95	ilhash	-
method	SFS.World.KVOWTOUMSZRVOBWJ	OMOFKDMDCOE	SFS.World.SandboxSettings	ToggleNoAtmosphericDrag	0.95	ilhash	-
method	SFS.World.KVOWTOUMSZRVOBWJ	PGOBFHNGIAE	SFS.World.SandboxSettings	ShowUnlockCheats	0.95	ilhash	-
method	SFS.World.KVOWTOUMSZRVOBWJ	IPEIKLKLDLE	SFS.World.SandboxSettings	<Start>b__24_6	0.95	ilhash	-
method	SFS.World.KVOWTOUMSZRVOBWJ	NFABLLALPDK	SFS.World.SandboxSettings	<Start>b__24_5	0.95	ilhash	-
method	SFS.World.KVOWTOUMSZRVOBWJ	FFIGGOFICNA	SFS.World.SandboxSettings	ToggleInfiniteFuel	0.95	ilhash	-
method	SFS.World.KVOWTOUMSZRVOBWJ	BEFLFBKPLHE	SFS.World.SandboxSettings	<Start>b__24_4	0.95	ilhash	-
method	SFS.World.KVOWTOUMSZRVOBWJ	PDANAIFNJAP	SFS.World.SandboxSettings	<Start>b__24_3	0.95	ilhash	-
method	SFS.World.KVOWTOUMSZRVOBWJ	NJJFHMHAOOF	SFS.World.SandboxSettings	OnToggle	0.95	ilhash	-
method	SFS.World.KVOWTOUMSZRVOBWJ	FAELNJJDBFF	SFS.World.SandboxSettings	<Start>g__ShowCannotUseMsg|24_8	0.95	ilhash	S
method	SFS.World.KVOWTOUMSZRVOBWJ	ACHGONGMAJL	SFS.World.SandboxSettings	<Start>b__24_2	0.95	ilhash	-
method	SFS.World.KVOWTOUMSZRVOBWJ	CILEMPIAFCN	SFS.World.SandboxSettings	<Start>b__24_1	0.95	ilhash	-
method	SFS.World.KVOWTOUMSZRVOBWJ	HENAIDIJPNM	SFS.World.SandboxSettings	UpdatePreventUse	0.95	ilhash	-
method	SFS.World.KVOWTOUMSZRVOBWJ	KANGICEJPOJ	SFS.World.SandboxSettings	TogglePartClipping	0.95	ilhash	-
method	SFS.World.KVOWTOUMSZRVOBWJ	LOEEDDHBHFI	SFS.World.SandboxSettings	<UnlockCheats>b__28_2	0.95	ilhash	-
method	SFS.World.KVOWTOUMSZRVOBWJ	KJIHEPJHPDI	SFS.World.SandboxSettings	Refill	0.95	ilhash	-
method	SFS.World.KVOWTOUMSZRVOBWJ	NPKPEMGKFNC	SFS.World.SandboxSettings	<Start>b__24_0	0.95	ilhash	-
method	SFS.World.KVOWTOUMSZRVOBWJ	NJMFFLNAKEF	SFS.World.SandboxSettings	ToggleInfiniteBuildArea	0.95	ilhash	-
method	SFS.World.KVOWTOUMSZRVOBWJ/<>c	HOIFPMMCGDF	SFS.World.SandboxSettings/<>c	<Start>b__24_11	0.95	ilhash	-
method	SFS.World.KVOWTOUMSZRVOBWJ/<>c	DKHELNGKLIH	SFS.World.SandboxSettings/<>c	<Start>b__24_9	0.95	ilhash	-
method	SFS.World.KVOWTOUMSZRVOBWJ/<>c	LBOPIDOHDDC	SFS.World.SandboxSettings/<>c	<UnlockCheats>b__28_1	0.95	ilhash	-
method	SFS.World.KVOWTOUMSZRVOBWJ/<>c	BFHGDECAEME	SFS.World.SandboxSettings/<>c	<UnlockCheats>b__28_0	0.95	ilhash	-
method	SFS.World.KVOWTOUMSZRVOBWJ/<>c	NCFEMGGGKBD	SFS.World.SandboxSettings/<>c	<Start>b__24_10	0.95	ilhash	-
method	SFS.World.KVOWTOUMSZRVOBWJ/<>c	PCEPABBIJKL	SFS.World.SandboxSettings/<>c	<Start>b__24_12	0.95	ilhash	-
method	SFS.KWLOGIDTJARPVPIH	HGDJLOPHFJJ	SFS.VideoSettingsComponent	Apply	0.95	ilhash	-
field	SFS.KWLOGIDTJARPVPIH	MBIMDFPJNMD	SFS.VideoSettingsComponent	handleMethod	0.80	shape	S
method	SFS.Input.KeysNode	CGBBHLFKJGJ	SFS.Input.KeysNode	AddOnKeyUp	0.95	ilhash	P
method	SFS.Input.KeysNode	OOOKNGCODML	SFS.Input.KeysNode	AddOnKey	0.95	ilhash	P
method	SFS.Input.KeysNode	GDGKFJCNFAP	SFS.Input.KeysNode	ProcessInput	0.95	ilhash	P
method	SFS.Input.KeysNode	EINMJJKPNCL	SFS.Input.KeysNode	AddOnKeyDown	0.95	ilhash	P
method	SFS.Input.KeysNode	GKJCAKGIIHA	SFS.Input.KeysNode	AddAxis	0.95	ilhash	P
prop	SFS.World.Drag.LBGQYZLOLCKOPNLW	HAIIOODDNEO	SFS.World.Drag.HeatModuleBase	Name	0.90	accessor	P
prop	SFS.World.Drag.LBGQYZLOLCKOPNLW	OFIAKAMIDGF	SFS.World.Drag.HeatModuleBase	IsHeatShield	0.90	accessor	P
prop	SFS.World.Drag.LBGQYZLOLCKOPNLW	DBEBEHPJFJK	SFS.World.Drag.HeatModuleBase	Temperature	0.90	accessor	P
prop	SFS.World.Drag.LBGQYZLOLCKOPNLW	EAJNKGGHHOP	SFS.World.Drag.HeatModuleBase	LastAppliedIndex	0.90	accessor	P
prop	SFS.World.Drag.LBGQYZLOLCKOPNLW	FEEPIGPEOMB	SFS.World.Drag.HeatModuleBase	ExposedSurface	0.90	accessor	P
prop	SFS.World.Drag.LBGQYZLOLCKOPNLW	EBGMIMHPPBB	SFS.World.Drag.HeatModuleBase	HeatTolerance	0.90	accessor	P
method	SFS.UI.LBOOAXWICGSWWJYJ	IAGJCIPCIPE	SFS.UI.LoadMenu	OnFileReordered	0.95	ilhash	-
method	SFS.UI.LBOOAXWICGSWWJYJ	HFOILKOPJFM	SFS.UI.LoadMenu	<OpenSaveMenu>g__CreateSave|2_0	0.95	ilhash	-
method	SFS.UI.LBOOAXWICGSWWJYJ	LKBENKODAGJ	SFS.UI.LoadMenu	UpdateImportButton	0.95	ilhash	-
method	SFS.UI.LBOOAXWICGSWWJYJ	EMAMFINKHCH	SFS.UI.LoadMenu	ReloadElements	0.95	ilhash	-
method	SFS.UI.LBOOAXWICGSWWJYJ	JGHONHPGGMM	SFS.UI.LoadMenu	get_OnEscape	0.95	ilhash	V
method	SFS.UI.LBOOAXWICGSWWJYJ	HENLDBCPCKC	SFS.UI.LoadMenu	<GetSelected>b__26_0	0.95	ilhash	-
method	SFS.UI.LBOOAXWICGSWWJYJ	NALLCDOECGH	SFS.UI.LoadMenu	GetSelected	0.95	ilhash	-
method	SFS.UI.LBOOAXWICGSWWJYJ	PODHDADBACN	SFS.UI.LoadMenu	<ReloadElements>b__24_0	0.95	ilhash	-
field	SFS.UI.LBOOAXWICGSWWJYJ	PDDHFPIJBEE	SFS.UI.LoadMenu	elements	0.80	shape	I
field	SFS.UI.LBOOAXWICGSWWJYJ	MBLPMEDAHIE	SFS.UI.LoadMenu	MaxDeleteTimeDiff	0.80	shape	S
field	SFS.UI.LBOOAXWICGSWWJYJ	LCCDAPPLPLE	SFS.UI.LoadMenu	_lastDeleteTime	0.80	shape	I
method	SFS.UI.LBOOAXWICGSWWJYJ/<>c	GDIDEANHNPB	SFS.UI.LoadMenu/<>c	<Delete>b__22_3	0.95	ilhash	-
method	SFS.UI.LBOOAXWICGSWWJYJ/<>c	ILDKNHBKDNG	SFS.UI.LoadMenu/<>c	<Delete>b__22_1	0.95	ilhash	-
method	SFS.UI.LBOOAXWICGSWWJYJ/KPFGHGOEGEI	COCAOIAFMGM	SFS.UI.LoadMenu/<>c__DisplayClass22_0	<Delete>b__2	0.95	ilhash	-
method	SFS.UI.LBOOAXWICGSWWJYJ/KPFGHGOEGEI	PACHCDPDDHC	SFS.UI.LoadMenu/<>c__DisplayClass22_0	<Delete>b__0	0.95	ilhash	-
method	SFS.UI.LBOOAXWICGSWWJYJ/OPGBLLLNECG	AEAHDOHLJGC	SFS.UI.LoadMenu/<>c__DisplayClass25_0	<OnFileReordered>b__0	0.95	ilhash	-
method	SFS.UI.LBOOAXWICGSWWJYJ/PJKBHJHCGEK	EDFENOFHLEH	SFS.UI.LoadMenu/<>c__DisplayClass18_0	<Rename>b__0	0.95	ilhash	-
method	LDGKAMKOIMJ	OOOKNGCODML	ModLoader.ModKeybindings	AddOnKeyDown	0.95	ilhash	SP
method	LDGKAMKOIMJ	JJDCDIJKKGH	ModLoader.ModKeybindings	SetupKeybindings	0.95	ilhash	S
method	LDGKAMKOIMJ	DBNLLKKMMCG	ModLoader.ModKeybindings	CreateUI	0.75	virtual-order	VANP
method	LDGKAMKOIMJ	OKOBDKMKJEF	ModLoader.ModKeybindings	CreateUI_Keybinding	0.95	ilhash	P
method	LDGKAMKOIMJ	PIJNFMEKPPE	ModLoader.ModKeybindings	CreateUI_Space	0.95	ilhash	P
method	LDGKAMKOIMJ	LMELKIJNFBH	ModLoader.ModKeybindings	Load	0.95	ilhash	S
method	LDGKAMKOIMJ	LDKHFPAKDBK	ModLoader.ModKeybindings	AddOnKeyDown_Build	0.95	ilhash	SP
method	LDGKAMKOIMJ	NAGNGOGPBBJ	ModLoader.ModKeybindings	CreateUI_Text	0.95	ilhash	P
method	LDGKAMKOIMJ	PCCCKMMEPNM	ModLoader.ModKeybindings	AddOnKeyDown_World	0.95	ilhash	SP
method	LDGKAMKOIMJ	EJBFBCKHJNL	ModLoader.ModKeybindings	Save	0.95	ilhash	-
method	LDGKAMKOIMJ	CKGLMJHGNPP	ModLoader.ModKeybindings	GetPath	0.95	ilhash	S
field	LDGKAMKOIMJ	CMGPGNKIHJM	ModLoader.ModKeybindings	mod	0.80	shape	I
field	LDSYSMUMDHBRLMZL	FJCOAANEGLB	FXAA	RPCFrame	0.80	shape	S
field	LDSYSMUMDHBRLMZL	IOOFPKPPMPG	FXAA	mat	0.80	shape	I
method	SFS.Parts.Modules.LES_Module	KOKMPLJGIAH	SFS.Parts.Modules.LES_Module	Detach	0.95	ilhash	-
field	SFS.Parts.Modules.LES_Module	<KBCHNAHPKEE>k__BackingField	SFS.Parts.Modules.LES_Module	<Rocket>k__BackingField	0.80	shape	I
prop	SFS.Parts.Modules.LES_Module	LGBNFJCHPLN	SFS.Parts.Modules.LES_Module	Rocket	0.90	accessor	P
method	SFS.Parts.Modules.LES_Module/<>c	HIFIHDNMFPD	SFS.Parts.Modules.LES_Module/<>c	<Draw>b__1_0	0.95	ilhash	-
method	SFS.Parts.Modules.LES_Module/<>c	NAIMNLMBAOC	SFS.Parts.Modules.LES_Module/<>c	<Detach>b__7_1	0.95	ilhash	-
method	SFS.Parts.Modules.LES_Module/BDAAAJLFIDM	POLBOONELKF	SFS.Parts.Modules.LES_Module/<>c__DisplayClass7_0	<Detach>b__0	0.95	ilhash	-
method	SFS.Parts.Modules.LES_Module/OLDAHIGNJFD	CHEPMBPCAHP	SFS.Parts.Modules.LES_Module/<>c__DisplayClass1_0	<Draw>g__Toggle|4	0.95	ilhash	-
method	SFS.Parts.Modules.LES_Module/OLDAHIGNJFD	IPNNDOJLKJN	SFS.Parts.Modules.LES_Module/<>c__DisplayClass1_0	<Draw>b__1	0.95	ilhash	-
method	SFS.Parts.Modules.LES_Module/OLDAHIGNJFD	GAICABJAOJJ	SFS.Parts.Modules.LES_Module/<>c__DisplayClass1_0	<Draw>b__3	0.95	ilhash	-
method	SFS.Parts.Modules.LES_Module/OLDAHIGNJFD	LHENCJLMGBC	SFS.Parts.Modules.LES_Module/<>c__DisplayClass1_0	<Draw>b__2	0.95	ilhash	-
method	SFS.Parts.Modules.LES_Module/OLDAHIGNJFD	DDMKFEGGEIG	SFS.Parts.Modules.LES_Module/<>c__DisplayClass1_0	<Draw>b__5	0.95	ilhash	-
field	LEZLYSZCCTJAYPZB	CBAICDKFFAL	RotationController	rectComponent	0.80	shape	I
field	LEZLYSZCCTJAYPZB	JALNHFIGCEE	RotationController	rotateSpeed	0.80	shape	I
method	SFS.UI.LFDMFZGUIKRTPWAZ	PBCPPIDHFEJ	SFS.UI.ReorderingModule	Drag	0.95	ilhash	-
method	SFS.UI.LFDMFZGUIKRTPWAZ	HOJNEKBMOFG	SFS.UI.ReorderingModule	OnPickUp	0.95	ilhash	-
method	SFS.UI.LFDMFZGUIKRTPWAZ	OMMAOBODFDI	SFS.UI.ReorderingModule	<OnDrop>b__7_0	0.95	ilhash	-
field	SFS.UI.LFDMFZGUIKRTPWAZ	PFOPHDGEELE	SFS.UI.ReorderingModule	dragCoroutine	0.80	shape	I
prop	SFS.UI.LFDMFZGUIKRTPWAZ	DMGEDJAGMEH	SFS.UI.ReorderingModule	Rect	0.90	accessor	P
method	LFMDCEAMCIH	IAHNBAMFDOD	SFS.Polygon	GetConvexPolygonsWorld	0.95	ilhash	P
method	LFMDCEAMCIH	OCDNKBKLFNP	SFS.Polygon	GetDistanceToPolygons	0.95	ilhash	SP
method	LFMDCEAMCIH	DKBABIKHHDI	SFS.Polygon	Intersect	0.95	ilhash	SP
method	LFMDCEAMCIH	LBMLLBFMPFP	SFS.Polygon	GetVerticesWorld	0.95	ilhash	P
field	LFMDCEAMCIH	DPMJECCBJOD	SFS.Polygon	convexPolygons	0.80	shape	I
field	LFMDCEAMCIH	GOIGKDENICB	SFS.Polygon	vertices	0.80	shape	I
method	LIHFLAEOPJB	HEGBNNLCCIE	Clipper2Lib.RectD	Intersects	0.95	ilhash	P
method	LIHFLAEOPJB	KFCALBFJLCE	Clipper2Lib.RectD	set_Height	0.95	ilhash	P
method	LIHFLAEOPJB	NJOMPKIMACP	Clipper2Lib.RectD	get_Height	0.95	ilhash	P
method	LIHFLAEOPJB	DKFBHAOKHEF	Clipper2Lib.RectD	MidPoint	0.95	ilhash	P
method	LIHFLAEOPJB	AIJEKINHOEL	Clipper2Lib.RectD	set_Width	0.95	ilhash	P
method	LIHFLAEOPJB	ILGNLNLECAJ	Clipper2Lib.RectD	AsPath	0.95	ilhash	P
method	LIHFLAEOPJB	NLLKOCPPMKG	Clipper2Lib.RectD	get_Width	0.95	ilhash	P
method	LIHFLAEOPJB	AIIDHDIDJCJ	Clipper2Lib.RectD	IsEmpty	0.95	ilhash	P
method	LIHFLAEOPJB	PPPLNILHEGE	Clipper2Lib.RectD	Contains	0.95	ilhash	P
field	LIHFLAEOPJB	DFGGNBKKEAB	Clipper2Lib.RectD	left	0.30	order	I
field	LIHFLAEOPJB	GKHMHDAOCGI	Clipper2Lib.RectD	top	0.30	order	I
field	LIHFLAEOPJB	POBADKGOFMF	Clipper2Lib.RectD	right	0.30	order	I
field	LIHFLAEOPJB	NDBOOBBIDPH	Clipper2Lib.RectD	bottom	0.30	order	I
method	LJCLINEIGKO	ADMAIOHNPJE	Clipper2Lib.LocalMinima	op_Inequality	0.95	ilhash	SP
method	LJCLINEIGKO	HDLPCPMAMMI	Clipper2Lib.LocalMinima	op_Equality	0.95	ilhash	SP
field	LJCLINEIGKO	OMOFLLBCABK	Clipper2Lib.LocalMinima	vertex	0.30	order	I
field	LJCLINEIGKO	CKMFABDLOML	Clipper2Lib.LocalMinima	polytype	0.30	order	I
field	LJCLINEIGKO	KNKLBOFMKLO	Clipper2Lib.LocalMinima	isOpen	0.80	shape	I
method	LJEHGKIOCOH	JGGBHPIJPNM	SFS.TranslationUtility	State_ToOnOff	0.95	ilhash	SP
method	LKOJKPIKHDB	CKOLGDDAJNB	SFS.UI.ModGUI.Builder	CreateBox	0.95	ilhash	SP
method	LKOJKPIKHDB	FDONLLFFLLA	SFS.UI.ModGUI.Builder	CreateWebImage	0.95	ilhash	SP
method	LKOJKPIKHDB	DJLLIBLGCIO	SFS.UI.ModGUI.Builder	CreateButton	0.95	ilhash	SP
method	LKOJKPIKHDB	OJDLCNEKCLI	SFS.UI.ModGUI.Builder	CreateLabel	0.95	ilhash	SP
method	LKOJKPIKHDB	FKLIMGGENGM	SFS.UI.ModGUI.Builder	CreateContainer	0.95	ilhash	SP
method	LKOJKPIKHDB	ONMAHHEDHIC	SFS.UI.ModGUI.Builder	CreateInputWithLabel	0.95	ilhash	SP
method	LKOJKPIKHDB	PCJKCFAFACJ	SFS.UI.ModGUI.Builder	CreateSlider	0.95	ilhash	SP
method	LKOJKPIKHDB	HNKLMLHAOAO	SFS.UI.ModGUI.Builder	GetRandomID	0.95	ilhash	SP
method	LKOJKPIKHDB	LCJCDODJCAE	SFS.UI.ModGUI.Builder	CreateHolder	0.95	ilhash	SP
method	LKOJKPIKHDB	CONOCFPHGAA	SFS.UI.ModGUI.Builder	CreateToggleWithLabel	0.95	ilhash	SP
method	LKOJKPIKHDB	HHLFGPKCJME	SFS.UI.ModGUI.Builder	CreateTextInput	0.95	ilhash	SP
method	LKOJKPIKHDB	ENDLNBMPEDP	SFS.UI.ModGUI.Builder	CreateToggle	0.95	ilhash	SP
method	LKOJKPIKHDB	LJMPCFHFMLF	SFS.UI.ModGUI.Builder	CreateWindow	0.95	ilhash	SP
method	LKOJKPIKHDB	NKPMNIAJEGA	SFS.UI.ModGUI.Builder	CreateSpace	0.95	ilhash	SP
method	LKOJKPIKHDB	AEJOODCDNBB	SFS.UI.ModGUI.Builder	CreateSeparator	0.95	ilhash	SP
method	LKOJKPIKHDB	MKPCIJMFGDJ	SFS.UI.ModGUI.Builder	CreateButtonWithLabel	0.95	ilhash	SP
method	LKOJKPIKHDB	BPOEEIHOHHL	SFS.UI.ModGUI.Builder	AttachToCanvas	0.95	ilhash	SP
field	LKOJKPIKHDB	FCFDIBJGBDF	SFS.UI.ModGUI.Builder	RandomIDs	0.80	shape	S
field	LKOJKPIKHDB	JOJCKKJMHAL	SFS.UI.ModGUI.Builder	windowPositions	0.80	shape	S
method	LKOJKPIKHDB/<>c	IIAPOFPKEOI	SFS.UI.ModGUI.Builder/<>c	<CreateToggle>b__10_0	0.95	ilhash	-
method	LKOJKPIKHDB/<>c	EKFJEAIDLHG	SFS.UI.ModGUI.Builder/<>c	<CreateSlider>b__17_0	0.95	ilhash	-
method	LKOJKPIKHDB/<>c	FGKJDHJJPAA	SFS.UI.ModGUI.Builder/<>c	<CreateToggleWithLabel>b__5_0	0.95	ilhash	-
method	LKOJKPIKHDB/PJMCHHOONOC	NODEGGLGKMF	SFS.UI.ModGUI.Builder/<>c__DisplayClass7_0	<CreateWindow>b__0	0.95	ilhash	-
method	ModLoader.LLBZJPAOXQXTQMXG	OCIKGNMEMOJ	ModLoader.ModsSettings	get_FileName	0.95	ilhash	V
method	ModLoader.LLBZJPAOXQXTQMXG	IECMOLNPHGB	ModLoader.ModsSettings	OnLoad	0.95	ilhash	V
field	ModLoader.LLBZJPAOXQXTQMXG	OMMKPOGAGHH	ModLoader.ModsSettings	_main	0.80	shape	S
field	ModLoader.LLBZJPAOXQXTQMXG	EDOOJMFOBOD	ModLoader.ModsSettings	loaded	0.80	shape	S
prop	ModLoader.LLBZJPAOXQXTQMXG	NKFKGLNJAOK	ModLoader.ModsSettings	main	0.90	accessor	P
method	SFS.UI.LLHFCROZMEGVVTWX	FJENAKFIFMI	SFS.UI.AttachWithArrow	<GetBestPlacement>g__TryUsePlacement|21_0	0.95	ilhash	-
method	SFS.UI.LLHFCROZMEGVVTWX	LJPIBAMOBCC	SFS.UI.AttachWithArrow	UpdatePosition	0.95	ilhash	-
method	SFS.UI.LLHFCROZMEGVVTWX	NGCMCOBOJIG	SFS.UI.AttachWithArrow	<GetBestPlacement>g__GetPlacementScore|21_1	0.95	ilhash	-
method	SFS.UI.LLHFCROZMEGVVTWX	EOLMFHFIPLG	SFS.UI.AttachWithArrow	GetPositionModifiers	0.95	ilhash	-
method	SFS.UI.LLHFCROZMEGVVTWX	CCLFMBNAHOP	SFS.UI.AttachWithArrow	<GetBestPlacement>g__GetAttachmentLeftover|21_2	0.95	ilhash	-
method	SFS.UI.LLHFCROZMEGVVTWX	PMBOOEOLODM	SFS.UI.AttachWithArrow	GetBestPlacement	0.95	ilhash	-
method	SFS.UI.LLHFCROZMEGVVTWX	JBECPOEBBKO	SFS.UI.AttachWithArrow	UpdateArrowColor	0.95	ilhash	-
field	SFS.UI.LLHFCROZMEGVVTWX	CODFIDGKIGA	SFS.UI.AttachWithArrow	getScreenPosition	0.80	shape	I
field	SFS.UI.LLHFCROZMEGVVTWX	IDGMONCPIKG	SFS.UI.AttachWithArrow	dontUpdateOnZoomChange	0.80	shape	I
field	SFS.UI.LLHFCROZMEGVVTWX	IAJCDIDHFHK	SFS.UI.AttachWithArrow	lastZoomDistance	0.80	shape	I
method	SFS.UI.LLHFCROZMEGVVTWX/EFHDKKKDKIA	IBCLIKFGKGH	SFS.UI.AttachWithArrow/<>c__DisplayClass13_0	<FollowTransform>b__0	0.95	ilhash	-
method	LNCDGNELOPJ	FEDBGODGFNN	PolygonPartioner	LeftOn	0.95	ilhash	S
method	LNCDGNELOPJ	BIECCMHAHJE	PolygonPartioner	At	0.95	ilhash	S
method	LNCDGNELOPJ	CNJPMPFNKPC	PolygonPartioner	Right	0.95	ilhash	S
method	LNCDGNELOPJ	IJDANPHILJM	PolygonPartioner	CanSee	0.95	ilhash	S
method	LNCDGNELOPJ	BCLINKFBOND	PolygonPartioner	Index	0.95	ilhash	S
method	LNCDGNELOPJ	GBEMMOCPFJL	PolygonPartioner	RightOn	0.95	ilhash	S
method	LNCDGNELOPJ	BOJGGDNIEOM	PolygonPartioner	ConvexPartition	0.95	ilhash	S
method	LNCDGNELOPJ	BPCKFHEMOGD	PolygonPartioner	Copy	0.95	ilhash	S
method	LNCDGNELOPJ	DHEALOCBLLI	PolygonPartioner	IsCollinear	0.95	ilhash	S
method	LNCDGNELOPJ	BFJFOMECHBI	PolygonPartioner	Reflex	0.95	ilhash	S
method	LNCDGNELOPJ	HGPNILMDNJK	PolygonPartioner	Area	0.95	ilhash	S
method	LNCDGNELOPJ	MPNBGMKELNB	PolygonPartioner	Left	0.95	ilhash	S
method	LNCDGNELOPJ	FBGJNOJDPLC	PolygonPartioner	FloatInRange	0.95	ilhash	S
method	LNCDGNELOPJ	DCCHPBHLEEB	PolygonPartioner	FloatEquals	0.95	ilhash	S
method	LNCDGNELOPJ	OACIGMBGLPE	PolygonPartioner	SquareDist	0.95	ilhash	S
method	LNCDGNELOPJ	DJMCCLCHEKB	PolygonPartioner	Partion	0.95	ilhash	SP
method	LNCDGNELOPJ	HKBJKDKNNMH	PolygonPartioner	LineIntersect	0.95	ilhash	S
method	LNCDGNELOPJ	AICLJAKAJGN	PolygonPartioner	CollinearSimplify	0.95	ilhash	S
field	LNCDGNELOPJ/JKCANFECPDK	DHEBPDJHLCC	PolygonPartioner/VertexWorkSet	dispatcher	0.30	order	I
field	LNCDGNELOPJ/JKCANFECPDK	LFGPBCNLIAK	PolygonPartioner/VertexWorkSet	input	0.30	order	I
field	LNCDGNELOPJ/JKCANFECPDK	LCCFGOKLBJE	PolygonPartioner/VertexWorkSet	list	0.80	shape	I
field	LNCDGNELOPJ/JKCANFECPDK	HPPJKGFBLLP	PolygonPartioner/VertexWorkSet	pending	0.80	shape	I
field	LNCDGNELOPJ/JKCANFECPDK	HEMPMHIAPPO	PolygonPartioner/VertexWorkSet	done	0.80	shape	I
method	LNMGMNEMACE	LCHBLHKOACO	SFS.Variables.I_ObservableMonoBehaviour	get_OnDestroy	0.45	virtual-order?	VANP
method	LNMGMNEMACE	PLNAKNFEMOE	SFS.Variables.I_ObservableMonoBehaviour	set_OnDestroy	0.45	virtual-order?	VANP
method	SFS.UI.LNMPZSPDYIKRIJRM	FPAEGPEPKHA	SFS.UI.TextBoxAdapter	Init	0.95	ilhash	-
method	SFS.UI.LNMPZSPDYIKRIJRM	OLKOGHNFGJH	SFS.UI.TextBoxAdapter	<Open>b__11_0	0.95	ilhash	-
field	SFS.UI.LNMPZSPDYIKRIJRM	BPFGALAFHHC	SFS.UI.TextBoxAdapter	isInit	0.80	shape	I
prop	SFS.UI.LNMPZSPDYIKRIJRM	OKPKMJPLJCG	SFS.UI.TextBoxAdapter	Text	0.90	accessor	P
prop	SFS.UI.LNMPZSPDYIKRIJRM	MMCBDHKMFEE	SFS.UI.TextBoxAdapter	Holder	0.90	accessor	P
method	SFS.Tutorials.LOSMPODKDQCHTDSC	JCPCMPMGMHK	SFS.Tutorials.Tutorial_Build	<Update>g__SetY|9_5	0.95	ilhash	S
method	SFS.Tutorials.LOSMPODKDQCHTDSC	KPLLGFKPBDI	SFS.Tutorials.Tutorial_Build	<Start>b__8_12	0.95	ilhash	-
method	SFS.Tutorials.LOSMPODKDQCHTDSC	HFMMOGKGJIN	SFS.Tutorials.Tutorial_Build	<Start>b__8_9	0.95	ilhash	-
method	SFS.Tutorials.LOSMPODKDQCHTDSC	GHLKCBCJEFN	SFS.Tutorials.Tutorial_Build	<Start>b__8_6	0.95	ilhash	-
method	SFS.Tutorials.LOSMPODKDQCHTDSC	BKKFDJMDGKL	SFS.Tutorials.Tutorial_Build	<Start>b__8_2	0.95	ilhash	-
method	SFS.Tutorials.LOSMPODKDQCHTDSC	GPEPALFBBIO	SFS.Tutorials.Tutorial_Build	<Start>b__8_3	0.95	ilhash	-
method	SFS.Tutorials.LOSMPODKDQCHTDSC/<>c	AOBLIPDGPBD	SFS.Tutorials.Tutorial_Build/<>c	<Update>b__9_4	0.95	ilhash	-
method	SFS.Tutorials.LOSMPODKDQCHTDSC/<>c	LIDJKBFDAMD	SFS.Tutorials.Tutorial_Build/<>c	<Update>b__9_3	0.95	ilhash	-
method	SFS.Tutorials.LOSMPODKDQCHTDSC/<>c	DBNAPEAJOHE	SFS.Tutorials.Tutorial_Build/<>c	<Update>b__9_2	0.95	ilhash	-
method	SFS.Tutorials.LOSMPODKDQCHTDSC/<>c	CODGLBDIBPJ	SFS.Tutorials.Tutorial_Build/<>c	<Start>b__8_13	0.95	ilhash	-
method	SFS.Tutorials.LOSMPODKDQCHTDSC/<>c	HPDGBFIIPPJ	SFS.Tutorials.Tutorial_Build/<>c	<Update>b__9_1	0.95	ilhash	-
method	SFS.Tutorials.LOSMPODKDQCHTDSC/<>c	GEPAAHCADJI	SFS.Tutorials.Tutorial_Build/<>c	<Update>b__9_0	0.95	ilhash	-
method	SFS.Tutorials.LOSMPODKDQCHTDSC/DCJFAIDJCIG	HMPNPMEBKML	SFS.Tutorials.Tutorial_Build/<>c__DisplayClass8_0	<Start>b__11	0.95	ilhash	-
method	SFS.Tutorials.LOSMPODKDQCHTDSC/DCJFAIDJCIG	FCAEICDCJFL	SFS.Tutorials.Tutorial_Build/<>c__DisplayClass8_0	<Start>b__10	0.95	ilhash	-
method	SFS.Tutorials.LOSMPODKDQCHTDSC/DCJFAIDJCIG	GLHKLEJIJND	SFS.Tutorials.Tutorial_Build/<>c__DisplayClass8_0	<Start>b__8	0.95	ilhash	-
method	SFS.Tutorials.LOSMPODKDQCHTDSC/DCJFAIDJCIG	NFOPHEDENKI	SFS.Tutorials.Tutorial_Build/<>c__DisplayClass8_0	<Start>b__4	0.95	ilhash	-
method	SFS.Tutorials.LOSMPODKDQCHTDSC/DCJFAIDJCIG	BKLMIALDACN	SFS.Tutorials.Tutorial_Build/<>c__DisplayClass8_0	<Start>b__1	0.95	ilhash	-
method	SFS.Tutorials.LOSMPODKDQCHTDSC/DCJFAIDJCIG	IFHBEMMOJEK	SFS.Tutorials.Tutorial_Build/<>c__DisplayClass8_0	<Start>b__7	0.95	ilhash	-
method	SFS.Tutorials.LOSMPODKDQCHTDSC/DCJFAIDJCIG	NBJCAHGAFOM	SFS.Tutorials.Tutorial_Build/<>c__DisplayClass8_0	<Start>b__5	0.95	ilhash	-
method	SFS.Tutorials.LOSMPODKDQCHTDSC/DCJFAIDJCIG	KPCPJDMNFHI	SFS.Tutorials.Tutorial_Build/<>c__DisplayClass8_0	<Start>b__0	0.95	ilhash	-
method	LPOLBGOGOLO	ACKFLBIPNHG	SFS.Parts.Modules.Points_Splittable	GetSplits	0.75	virtual-order	V
method	LPOLBGOGOLO	AMHHDAHDBBG	SFS.Parts.Modules.Points_Splittable	Split	0.75	virtual-order	V
field	LPOLBGOGOLO	MOIELDNGNLH	SFS.Parts.Modules.Points_Splittable	elements	0.80	shape	I
method	LPOLBGOGOLO/<>c	LLBHKOPPNPH	SFS.Parts.Modules.Color_Splittable/<>c	<GetSplits>b__2_0	0.95	ilhash	-
method	TranslucentImage.LRNTPTZUOAODLDXX	JJOFLEKHHAK	TranslucentImage.TranslucentImageSource	get_ScreenSize	0.95	ilhash	-
method	TranslucentImage.LRNTPTZUOAODLDXX	HEBPOMOLAMJ	TranslucentImage.TranslucentImageSource	ProgressiveBlur	0.95	ilhash	VN
method	TranslucentImage.LRNTPTZUOAODLDXX	HMONIIANKMJ	TranslucentImage.TranslucentImageSource	get_MinUpdateCycle	0.95	ilhash	-
method	TranslucentImage.LRNTPTZUOAODLDXX	JEEJMMLNCAE	TranslucentImage.TranslucentImageSource	ProgressiveResampling	0.95	ilhash	VN
method	TranslucentImage.LRNTPTZUOAODLDXX	AHKFNDHOCOK	TranslucentImage.TranslucentImageSource	CreateNewBlurredScreen	0.95	ilhash	VN
method	TranslucentImage.LRNTPTZUOAODLDXX	HAAOIJAGCKF	TranslucentImage.TranslucentImageSource	set_BlurredScreen	0.95	ilhash	-
method	TranslucentImage.LRNTPTZUOAODLDXX	CMGONPKLEMA	TranslucentImage.TranslucentImageSource	get_Cam	0.95	ilhash	-
method	TranslucentImage.LRNTPTZUOAODLDXX	OAHBMFGOELN	TranslucentImage.TranslucentImageSource	SetAdvancedFieldFromSimple	0.95	ilhash	VN
field	TranslucentImage.LRNTPTZUOAODLDXX	MFKNBKNLGPN	TranslucentImage.TranslucentImageSource	update	0.80	shape	I
field	TranslucentImage.LRNTPTZUOAODLDXX	PBGFICBFPKD	TranslucentImage.TranslucentImageSource	lastBlurRegion	0.80	shape	I
field	TranslucentImage.LRNTPTZUOAODLDXX	IPDBOCMNFJK	TranslucentImage.TranslucentImageSource	lastUpdate	0.80	shape	I
field	TranslucentImage.LRNTPTZUOAODLDXX	FHOOLBAAFAL	TranslucentImage.TranslucentImageSource	shader	0.80	shape	I
field	TranslucentImage.LRNTPTZUOAODLDXX	PCPCCCDEEEL	TranslucentImage.TranslucentImageSource	material	0.30	order	I
field	TranslucentImage.LRNTPTZUOAODLDXX	CHCBFCEHKLI	TranslucentImage.TranslucentImageSource	previewMaterial	0.30	order	I
field	TranslucentImage.LRNTPTZUOAODLDXX	<EJPEPBFINMA>k__BackingField	TranslucentImage.TranslucentImageSource	<BlurredScreen>k__BackingField	0.80	shape	I
field	TranslucentImage.LRNTPTZUOAODLDXX	IIHMIFKFMMJ	TranslucentImage.TranslucentImageSource	_sizePropId	0.30	order	S
field	TranslucentImage.LRNTPTZUOAODLDXX	CGNFJIEFLOD	TranslucentImage.TranslucentImageSource	_cropRegionPropId	0.30	order	S
prop	TranslucentImage.LRNTPTZUOAODLDXX	DAIAIOGJNMB	TranslucentImage.TranslucentImageSource	BlurredScreen	0.90	accessor	P
prop	TranslucentImage.LRNTPTZUOAODLDXX	OCOOHDBBJDB	TranslucentImage.TranslucentImageSource	Strength	0.90	accessor	P
prop	TranslucentImage.LRNTPTZUOAODLDXX	HLPJIHOHHMD	TranslucentImage.TranslucentImageSource	Size	0.90	accessor	P
prop	TranslucentImage.LRNTPTZUOAODLDXX	GHIIMIHKAGE	TranslucentImage.TranslucentImageSource	Iteration	0.90	accessor	P
prop	TranslucentImage.LRNTPTZUOAODLDXX	IDDAIIAGHEB	TranslucentImage.TranslucentImageSource	Downsample	0.90	accessor	P
prop	TranslucentImage.LRNTPTZUOAODLDXX	CDEFDAGBJAL	TranslucentImage.TranslucentImageSource	BlurRegion	0.90	accessor	P
prop	TranslucentImage.LRNTPTZUOAODLDXX	GMPAGMDFKDO	TranslucentImage.TranslucentImageSource	MaxDepth	0.90	accessor	P
method	LUHSMCCZIGOBHAWL	FHCCODDFCNI	DeeplinkManager	HandleLoaded	0.95	ilhash	-
method	LUHSMCCZIGOBHAWL	DDGAFHLLPLM	DeeplinkManager	OnDeepLinkActivated	0.95	ilhash	-
method	LUHSMCCZIGOBHAWL	CJIGKBEPOHF	DeeplinkManager	HandleMoved	0.95	ilhash	-
method	LUHSMCCZIGOBHAWL/<>c	JGLDGEENIHD	DeeplinkManager/<>c	<HandleMoved>b__7_2	0.95	ilhash	-
method	LUHSMCCZIGOBHAWL/<>c	KKEIPMGHJIJ	DeeplinkManager/<>c	<HandleMoved>b__7_1	0.95	ilhash	-
method	LUHSMCCZIGOBHAWL/<>c	LPBFINMMDHG	DeeplinkManager/<>c	<HandleMoved>b__7_3	0.95	ilhash	-
method	LUHSMCCZIGOBHAWL/<>c	KAEOFLODFOF	DeeplinkManager/<>c	<HandleLoaded>b__6_2	0.95	ilhash	-
method	LUHSMCCZIGOBHAWL/<>c	OLIDOCDPBOG	DeeplinkManager/<>c	<HandleLoaded>b__6_0	0.95	ilhash	-
method	LUHSMCCZIGOBHAWL/<>c	LGOFIFMCGBF	DeeplinkManager/<>c	<HandleLoaded>b__6_4	0.95	ilhash	-
method	LUHSMCCZIGOBHAWL/<>c	CFEDEHBBDIJ	DeeplinkManager/<>c	<HandleLoaded>b__6_7	0.95	ilhash	-
method	LUHSMCCZIGOBHAWL/<>c	PDIEOHJDLEF	DeeplinkManager/<>c	<HandleLoaded>b__6_3	0.95	ilhash	-
method	LUHSMCCZIGOBHAWL/<>c	OFNDPHGMDED	DeeplinkManager/<>c	<HandleLoaded>b__6_1	0.95	ilhash	-
method	LUHSMCCZIGOBHAWL/DKNHEDOLFJL	KLIHGBICIIG	DeeplinkManager/<>c__DisplayClass7_0	<HandleMoved>g__Load|0	0.95	ilhash	-
method	LUHSMCCZIGOBHAWL/PHCHFPBIDGM	LIIMANOLPCP	DeeplinkManager/<>c__DisplayClass6_1	<HandleLoaded>b__5	0.95	ilhash	-
method	LUHSMCCZIGOBHAWL/PHCHFPBIDGM	PFMIMPFJGCD	DeeplinkManager/<>c__DisplayClass6_1	<HandleLoaded>b__6	0.95	ilhash	-
method	SFS.Translations.LZMKBIFJZPAGUAMX	OCIKGNMEMOJ	SFS.Translations.LanguageSettings	get_FileName	0.95	ilhash	V
method	SFS.Translations.LZMKBIFJZPAGUAMX	IECMOLNPHGB	SFS.Translations.LanguageSettings	OnLoad	0.95	ilhash	V
method	SFS.Translations.LZMKBIFJZPAGUAMX	PBMOIIBHCOF	SFS.Translations.LanguageSettings	SelectLanguage	0.95	ilhash	-
method	SFS.Translations.LZMKBIFJZPAGUAMX	PMEGHHDGGDD	SFS.Translations.LanguageSettings	LanguageDropdownChanged	0.95	ilhash	-
method	SFS.Translations.LZMKBIFJZPAGUAMX	NPDKEGJGOFN	SFS.Translations.LanguageSettings	GetNonNullLanguages	0.95	ilhash	-
field	SFS.Translations.LZMKBIFJZPAGUAMX	HIBOHCKGNND	SFS.Translations.LanguageSettings	isInitialized	0.80	shape	I
method	SFS.Translations.LZMKBIFJZPAGUAMX/<>c	IMLECGJIDGH	SFS.Translations.LanguageSettings/<>c	<LanguageDropdownChanged>b__15_0	0.95	ilhash	-
method	SFS.Translations.LZMKBIFJZPAGUAMX/<>c	FKKDAINKDMD	SFS.Translations.LanguageSettings/<>c	<OpenLanguageSelector>b__14_1	0.95	ilhash	-
method	SFS.Translations.LZMKBIFJZPAGUAMX/<>c	PCOEGINPFNP	SFS.Translations.LanguageSettings/<>c	<GetNonNullLanguages>b__16_0	0.95	ilhash	-
method	SFS.Translations.LZMKBIFJZPAGUAMX/<>c	LDJACEDPPFM	SFS.Translations.LanguageSettings/<>c	<Initialize>b__8_0	0.95	ilhash	-
method	SFS.Translations.LZMKBIFJZPAGUAMX/<>c	PNAKENJAMIJ	SFS.Translations.LanguageSettings/<>c	<OpenLanguageSelector>b__14_0	0.95	ilhash	-
method	SFS.Translations.LZMKBIFJZPAGUAMX/PDAFCEOPPFN	MOJBPPMKNMN	SFS.Translations.LanguageSettings/<>c__DisplayClass14_1	<OpenLanguageSelector>b__2	0.95	ilhash	-
method	SFS.Translations.LZMKBIFJZPAGUAMX/PDAFCEOPPFN	LJKDIIEMKED	SFS.Translations.LanguageSettings/<>c__DisplayClass14_1	<OpenLanguageSelector>b__3	0.95	ilhash	-
method	Line	FFLMNCIJJCE	Line	StartSize	0.95	ilhash	SP
method	Line	HLPHGMOLNGF	Line	Set	0.95	ilhash	P
method	Line	JEBJDILGFIE	Line	InverseLerp	0.95	ilhash	P
method	Line	CPCAKNIJDFP	Line	CenterSize	0.95	ilhash	SP
method	Line	GLOGCJNKGKB	Line	Lerp	0.95	ilhash	P
method	Line2	DDHHBBAOAIM	Line2	GetPositionAtY	0.95	ilhash	P
method	Line2	GKLLBBOPLLA	Line2	LerpUnclamped	0.95	ilhash	P
method	Line2	FFLMNCIJJCE	Line2	StartSize	0.95	ilhash	SP
method	Line2	NDGMGKENEDI	Line2	Flip	0.95	ilhash	P
method	Line2	JEBJDILGFIE	Line2	Lerp	0.95	ilhash	P
method	Line2	BMDHJNGCCKE	Line2	GetSlope	0.95	ilhash	SP
method	Line2	AAODLBAJPGN	Line2	GetHeightAtX	0.95	ilhash	P
method	Line2	LAEFIEIFMOI	Line2	FlipVertically	0.95	ilhash	P
method	Line2	EGKELMCJGBJ	Line2	GetPositionAtX_Unclamped	0.95	ilhash	P
method	Line2	ICIEDPJMBJE	Line2	FlipHorizontally	0.95	ilhash	P
method	Line2	MDDBCOFGBMA	Line2	FindIntersection_Unclamped	0.95	ilhash	SP
method	Line2	LBFNHPIPKPM	Line2	GetSlope_Abs	0.95	ilhash	SP
method	Line2	JIIPJGFMPOB	Line2	GetHeightAtX_Unclamped	0.95	ilhash	P
method	Line2	GIOCFENOCND	Line2	GetPositionAtX	0.95	ilhash	P
method	SFS.Variables.Local_GenericTarget	MFNOGGJCACK	SFS.Variables.Local_GenericTarget	IsEqual	0.95	ilhash	V
method	SFS.World.Local_Resources	MFNOGGJCACK	SFS.World.Local_Resources	IsEqual	0.95	ilhash	V
method	SFS.World.Location	GMMGIBKALED	SFS.World.Location	CheckNaN	0.95	ilhash	-
method	SFS.World.Location	LAHMKCMEFBM	SFS.World.Location	GetSolarSystemPosition	0.95	ilhash	P
method	SFS.World.Location	AHBNGDECMEI	SFS.World.Location	GetTerrainHeight	0.95	ilhash	P
method	SFS.World.Location	PBALAFGCBAF	SFS.World.Location	op_Addition	0.95	ilhash	SP
method	SFS.Logs.LogsModule	CEANOPLAHAL	SFS.Logs.LogsModule	Log_CollectRock	0.95	ilhash	SP
method	SFS.Logs.LogsModule	CAIIJONILGL	SFS.Logs.LogsModule	Log_Dock	0.95	ilhash	SP
method	SFS.Logs.LogsModule	HFDOABCDLKJ	SFS.Logs.LogsModule	Log_Atmosphere	0.95	ilhash	SP
method	SFS.Logs.LogsModule	MDIHFHJAINK	SFS.Logs.LogsModule	Log_Planet	0.95	ilhash	SP
method	SFS.Logs.LogsModule	JKNIEPHKEPN	SFS.Logs.LogsModule	Log_End	0.95	ilhash	SP
method	SFS.Logs.LogsModule	FIKHCOAKHMN	SFS.Logs.LogsModule	Log_Reentry	0.95	ilhash	SP
method	SFS.Logs.LogsModule	IPBENPGMHDG	SFS.Logs.LogsModule	<Log_Orbit>g__Log|6_0	0.95	ilhash	S
method	SFS.Logs.LogsModule	OKOKOLDMDOJ	SFS.Logs.LogsModule	Log_Landed	0.95	ilhash	SP
method	SFS.Logs.LogsModule	JFMPBNKNCDD	SFS.Logs.LogsModule	Log_Crash	0.95	ilhash	SP
method	SFS.Logs.LogsModule	PHHFELGBHBK	SFS.Logs.LogsModule	Log_ReachedHeight	0.95	ilhash	SP
method	SFS.Logs.LogsModule	BGOELDBIKFG	SFS.Logs.LogsModule	Log_Orbit	0.95	ilhash	SP
method	SFS.Logs.LogsModule	NFJEGFLEMHM	SFS.Logs.LogsModule	Log_Flag	0.95	ilhash	SP
method	SFS.Logs.LogsModule	LKPNINOHLBF	SFS.Logs.LogsModule	Log_LeftCapsule	0.95	ilhash	SP
method	MBCFEMPJCIF	MIDFAKKNMHF	SFS.UI.ButtonBuilder	OnCreated	0.95	ilhash	V
method	MBCFEMPJCIF	MKKAKKMEENL	SFS.UI.ButtonBuilder	CustomizeButton	0.95	ilhash	P
method	MBCFEMPJCIF	AMFNDOCGIEO	SFS.UI.ButtonBuilder	CreateIconButton	0.95	ilhash	SP
method	MBCFEMPJCIF	DJLLIBLGCIO	SFS.UI.ButtonBuilder	CreateButton	0.95	ilhash	SP
field	MBCFEMPJCIF	MPAIMFHNBII	SFS.UI.ButtonBuilder	icon	0.80	shape	I
field	MBCFEMPJCIF	BCOBNOPPEFC	SFS.UI.ButtonBuilder	text	0.80	shape	I
field	MBCFEMPJCIF	DMNJAPKENLF	SFS.UI.ButtonBuilder	customizeButton	0.80	shape	I
field	MBCFEMPJCIF	IEEOJCHGEOO	SFS.UI.ButtonBuilder	onClick	0.80	shape	I
field	MBCFEMPJCIF	MIDCBAEOCID	SFS.UI.ButtonBuilder	closeMode	0.80	shape	I
method	MBJPCPGEKAF	BNGGMLIABFB	Transform_Utility	RotationDirection	0.95	ilhash	SP
method	MBJPCPGEKAF	OCJNJBMCECJ	Transform_Utility	LocalToLocalDirection	0.95	ilhash	SP
method	MBJPCPGEKAF	NKPIGOMOOJK	Transform_Utility	FindRecursively	0.95	ilhash	SP
method	MBJPCPGEKAF	NAHOOLLBFDJ	Transform_Utility	TransformVectorUnscaled	0.95	ilhash	SP
method	MBJPCPGEKAF	ADOLACIBLKL	Transform_Utility	LocalToLocalPoint	0.95	ilhash	SP
method	SFS.Builds.MBPVNCHFPHRMBHMW	OMMEBPLCCAH	SFS.Builds.BuildManager	<Launch>g__Launch_1|33_4	0.95	ilhash	S
method	SFS.Builds.MBPVNCHFPHRMBHMW	BHFKJNIPHEE	SFS.Builds.BuildManager	OnTouchLongClick	0.95	ilhash	-
method	SFS.Builds.MBPVNCHFPHRMBHMW	BLGGELOIDBB	SFS.Builds.BuildManager	<Launch>g__Launch_2|33_5	0.95	ilhash	S
method	SFS.Builds.MBPVNCHFPHRMBHMW	CFANPBCLDIM	SFS.Builds.BuildManager	On_LeftOrTouch_Move	0.95	ilhash	-
method	SFS.Builds.MBPVNCHFPHRMBHMW	FKHMKJNGIDJ	SFS.Builds.BuildManager	OnInputMove	0.95	ilhash	-
method	SFS.Builds.MBPVNCHFPHRMBHMW	KAJEDAAFHPD	SFS.Builds.BuildManager	<OpenMenu>g__ExitToHub|36_12	0.95	ilhash	S
method	SFS.Builds.MBPVNCHFPHRMBHMW	DCOOADCHHKO	SFS.Builds.BuildManager	OnInputStart	0.95	ilhash	-
method	SFS.Builds.MBPVNCHFPHRMBHMW	GOENNFDCBPI	SFS.Builds.BuildManager	<OpenMenu>g__MoveRocket|36_13	0.95	ilhash	-
method	SFS.Builds.MBPVNCHFPHRMBHMW	AGCNNOHFAJF	SFS.Builds.BuildManager	<Start>b__20_2	0.95	ilhash	-
method	SFS.Builds.MBPVNCHFPHRMBHMW	BECKACDFFED	SFS.Builds.BuildManager	On_LeftOrTouch_End	0.95	ilhash	-
method	SFS.Builds.MBPVNCHFPHRMBHMW	EIIMJIFBGHK	SFS.Builds.BuildManager	OnZoom	0.95	ilhash	-
method	SFS.Builds.MBPVNCHFPHRMBHMW	ADPABOFILKI	SFS.Builds.BuildManager	OnInputEnd	0.95	ilhash	-
method	SFS.Builds.MBPVNCHFPHRMBHMW	MFEKHLIBALB	SFS.Builds.BuildManager	<Start>g__OnPick|20_3	0.95	ilhash	S
method	SFS.Builds.MBPVNCHFPHRMBHMW	PMKPANMNKHI	SFS.Builds.BuildManager	On_LeftOrTouch_Start	0.95	ilhash	-
method	SFS.Builds.MBPVNCHFPHRMBHMW	OAAALNKPDPN	SFS.Builds.BuildManager	ResetNoFuelSourcePopup	0.95	ilhash	-
method	SFS.Builds.MBPVNCHFPHRMBHMW	NNMGEDHPKOO	SFS.Builds.BuildManager	On_RightOrLong_Click	0.95	ilhash	-
method	SFS.Builds.MBPVNCHFPHRMBHMW	PCFMALOFHID	SFS.Builds.BuildManager	<Start>b__20_1	0.95	ilhash	-
method	SFS.Builds.MBPVNCHFPHRMBHMW	BNHJKMBKDPL	SFS.Builds.BuildManager	OnDrag	0.95	ilhash	-
method	SFS.Builds.MBPVNCHFPHRMBHMW	CKFKMACNPMD	SFS.Builds.BuildManager	<Start>b__20_0	0.95	ilhash	-
method	SFS.Builds.MBPVNCHFPHRMBHMW	IKEAPGCBFPE	SFS.Builds.BuildManager	OpenExampleRocketsMenu	0.95	ilhash	-
field	SFS.Builds.MBPVNCHFPHRMBHMW	PBOGBLAHHAD	SFS.Builds.BuildManager	noFuelSourcePopupData	0.80	shape	I
field	SFS.Builds.MBPVNCHFPHRMBHMW	BDAEEPOLIMK	SFS.Builds.BuildManager	partMenuReference	0.80	shape	I
method	SFS.Builds.MBPVNCHFPHRMBHMW/<>c	EEDJDDAMJHL	SFS.Builds.BuildManager/<>c	<Launch>b__33_1	0.95	ilhash	-
method	SFS.Builds.MBPVNCHFPHRMBHMW/<>c	LDHILALFIED	SFS.Builds.BuildManager/<>c	<Start>b__20_8	0.95	ilhash	-
method	SFS.Builds.MBPVNCHFPHRMBHMW/<>c	KMNGJAGLOLF	SFS.Builds.BuildManager/<>c	<AskClear>b__40_1	0.95	ilhash	-
method	SFS.Builds.MBPVNCHFPHRMBHMW/<>c	PENMPKPDLBJ	SFS.Builds.BuildManager/<>c	<AskClear>b__40_0	0.95	ilhash	-
method	SFS.Builds.MBPVNCHFPHRMBHMW/<>c	GMLNNBCFJOP	SFS.Builds.BuildManager/<>c	<OpenMenu>b__36_11	0.95	ilhash	-
method	SFS.Builds.MBPVNCHFPHRMBHMW/<>c	BHDEJPANLCO	SFS.Builds.BuildManager/<>c	<Start>b__20_5	0.95	ilhash	-
method	SFS.Builds.MBPVNCHFPHRMBHMW/<>c	BHNOJMOFGBF	SFS.Builds.BuildManager/<>c	<OpenMenu>b__36_9	0.95	ilhash	-
method	SFS.Builds.MBPVNCHFPHRMBHMW/<>c	NDALHGPNKKK	SFS.Builds.BuildManager/<>c	<OpenMenu>b__36_8	0.95	ilhash	-
method	SFS.Builds.MBPVNCHFPHRMBHMW/<>c	AMEKKBENPCF	SFS.Builds.BuildManager/<>c	<OpenMenu>b__36_7	0.95	ilhash	-
method	SFS.Builds.MBPVNCHFPHRMBHMW/<>c	PKCHCHGEPFJ	SFS.Builds.BuildManager/<>c	<Launch>b__33_10	0.95	ilhash	-
method	SFS.Builds.MBPVNCHFPHRMBHMW/<>c	AKEIOOHICCI	SFS.Builds.BuildManager/<>c	<OpenMenu>b__36_6	0.95	ilhash	-
method	SFS.Builds.MBPVNCHFPHRMBHMW/<>c	HPEMIOHMBDC	SFS.Builds.BuildManager/<>c	<OpenMenu>b__36_5	0.95	ilhash	-
method	SFS.Builds.MBPVNCHFPHRMBHMW/<>c	OMLDKHGCJFC	SFS.Builds.BuildManager/<>c	<OpenMenu>b__36_4	0.95	ilhash	-
method	SFS.Builds.MBPVNCHFPHRMBHMW/<>c	DOEANNCPDHG	SFS.Builds.BuildManager/<>c	<OpenMenu>b__36_3	0.95	ilhash	-
method	SFS.Builds.MBPVNCHFPHRMBHMW/<>c	GEHEPLGBKFO	SFS.Builds.BuildManager/<>c	<OpenMenu>b__36_2	0.95	ilhash	-
method	SFS.Builds.MBPVNCHFPHRMBHMW/<>c	KGGGFGBGAPH	SFS.Builds.BuildManager/<>c	<OpenMenu>b__36_1	0.95	ilhash	-
method	SFS.Builds.MBPVNCHFPHRMBHMW/<>c	ABFDHJJLMOI	SFS.Builds.BuildManager/<>c	<OpenMenu>b__36_0	0.95	ilhash	-
method	SFS.Builds.MBPVNCHFPHRMBHMW/<>c	JKNMALFONBG	SFS.Builds.BuildManager/<>c	<Launch>b__33_9	0.95	ilhash	-
method	SFS.Builds.MBPVNCHFPHRMBHMW/<>c	NCIKCNCMNPF	SFS.Builds.BuildManager/<>c	<Launch>b__33_7	0.95	ilhash	-
method	SFS.Builds.MBPVNCHFPHRMBHMW/<>c	KLPBIAFNJNG	SFS.Builds.BuildManager/<>c	<AskClear>b__40_2	0.95	ilhash	-
method	SFS.Builds.MBPVNCHFPHRMBHMW/<>c	JINDFFFHNMM	SFS.Builds.BuildManager/<>c	<Launch>b__33_8	0.95	ilhash	-
method	SFS.Builds.MBPVNCHFPHRMBHMW/<>c	CKKLNGJGDDC	SFS.Builds.BuildManager/<>c	<Launch>b__33_6	0.95	ilhash	-
method	SFS.Builds.MBPVNCHFPHRMBHMW/<>c	HFAOJJCCIKC	SFS.Builds.BuildManager/<>c	<Launch>b__33_3	0.95	ilhash	-
method	SFS.Builds.MBPVNCHFPHRMBHMW/<>c	LEJAKMDIBHI	SFS.Builds.BuildManager/<>c	<Start>b__20_7	0.95	ilhash	-
method	SFS.Builds.MBPVNCHFPHRMBHMW/<>c	FDCHIEHKLCF	SFS.Builds.BuildManager/<>c	<Start>b__20_6	0.95	ilhash	-
method	SFS.Builds.MBPVNCHFPHRMBHMW/<>c	GKOPMHJMOIB	SFS.Builds.BuildManager/<>c	<OpenMenu>b__36_10	0.95	ilhash	-
method	SFS.Builds.MBPVNCHFPHRMBHMW/<>c	PCHIMECFLOH	SFS.Builds.BuildManager/<>c	<Start>b__20_4	0.95	ilhash	-
field	SFS.Builds.MBPVNCHFPHRMBHMW/<>c	<>9__21_4	SFS.Builds.BuildManager/<>c	<>9__20_4	0.30	order	S
field	SFS.Builds.MBPVNCHFPHRMBHMW/<>c	<>9__21_8	SFS.Builds.BuildManager/<>c	<>9__20_8	0.30	order	S
field	SFS.Builds.MBPVNCHFPHRMBHMW/<>c	<>9__21_5	SFS.Builds.BuildManager/<>c	<>9__20_5	0.30	order	S
field	SFS.Builds.MBPVNCHFPHRMBHMW/<>c	<>9__21_6	SFS.Builds.BuildManager/<>c	<>9__20_6	0.30	order	S
field	SFS.Builds.MBPVNCHFPHRMBHMW/<>c	<>9__21_7	SFS.Builds.BuildManager/<>c	<>9__20_7	0.30	order	S
field	SFS.Builds.MBPVNCHFPHRMBHMW/<>c	<>9__34_1	SFS.Builds.BuildManager/<>c	<>9__33_1	0.80	shape	S
field	SFS.Builds.MBPVNCHFPHRMBHMW/<>c	<>9__34_3	SFS.Builds.BuildManager/<>c	<>9__33_3	0.30	order	S
field	SFS.Builds.MBPVNCHFPHRMBHMW/<>c	<>9__34_6	SFS.Builds.BuildManager/<>c	<>9__33_6	0.30	order	S
field	SFS.Builds.MBPVNCHFPHRMBHMW/<>c	<>9__34_7	SFS.Builds.BuildManager/<>c	<>9__33_7	0.30	order	S
field	SFS.Builds.MBPVNCHFPHRMBHMW/<>c	<>9__34_8	SFS.Builds.BuildManager/<>c	<>9__33_8	0.30	order	S
field	SFS.Builds.MBPVNCHFPHRMBHMW/<>c	<>9__34_9	SFS.Builds.BuildManager/<>c	<>9__33_9	0.30	order	S
field	SFS.Builds.MBPVNCHFPHRMBHMW/<>c	<>9__34_10	SFS.Builds.BuildManager/<>c	<>9__33_10	0.30	order	S
field	SFS.Builds.MBPVNCHFPHRMBHMW/<>c	<>9__37_0	SFS.Builds.BuildManager/<>c	<>9__36_0	0.30	order	S
field	SFS.Builds.MBPVNCHFPHRMBHMW/<>c	<>9__37_1	SFS.Builds.BuildManager/<>c	<>9__36_1	0.30	order	S
field	SFS.Builds.MBPVNCHFPHRMBHMW/<>c	<>9__37_2	SFS.Builds.BuildManager/<>c	<>9__36_2	0.30	order	S
field	SFS.Builds.MBPVNCHFPHRMBHMW/<>c	<>9__37_3	SFS.Builds.BuildManager/<>c	<>9__36_3	0.30	order	S
field	SFS.Builds.MBPVNCHFPHRMBHMW/<>c	<>9__37_4	SFS.Builds.BuildManager/<>c	<>9__36_4	0.30	order	S
field	SFS.Builds.MBPVNCHFPHRMBHMW/<>c	<>9__37_5	SFS.Builds.BuildManager/<>c	<>9__36_5	0.30	order	S
field	SFS.Builds.MBPVNCHFPHRMBHMW/<>c	<>9__37_6	SFS.Builds.BuildManager/<>c	<>9__36_6	0.30	order	S
field	SFS.Builds.MBPVNCHFPHRMBHMW/<>c	<>9__37_7	SFS.Builds.BuildManager/<>c	<>9__36_7	0.30	order	S
field	SFS.Builds.MBPVNCHFPHRMBHMW/<>c	<>9__37_8	SFS.Builds.BuildManager/<>c	<>9__36_8	0.30	order	S
field	SFS.Builds.MBPVNCHFPHRMBHMW/<>c	<>9__37_9	SFS.Builds.BuildManager/<>c	<>9__36_9	0.30	order	S
field	SFS.Builds.MBPVNCHFPHRMBHMW/<>c	<>9__37_10	SFS.Builds.BuildManager/<>c	<>9__36_10	0.80	shape	S
field	SFS.Builds.MBPVNCHFPHRMBHMW/<>c	<>9__37_11	SFS.Builds.BuildManager/<>c	<>9__36_11	0.30	order	S
field	SFS.Builds.MBPVNCHFPHRMBHMW/<>c	<>9__41_0	SFS.Builds.BuildManager/<>c	<>9__40_0	0.30	order	S
field	SFS.Builds.MBPVNCHFPHRMBHMW/<>c	<>9__41_1	SFS.Builds.BuildManager/<>c	<>9__40_1	0.30	order	S
field	SFS.Builds.MBPVNCHFPHRMBHMW/<>c	<>9__41_2	SFS.Builds.BuildManager/<>c	<>9__40_2	0.30	order	S
method	SFS.Builds.MBPVNCHFPHRMBHMW/FDDGKINEOEF	LOPJDDNGJFM	SFS.Builds.BuildManager/<>c__DisplayClass49_0	<OpenExampleRocketsMenu>b__1	0.95	ilhash	-
method	SFS.Builds.MBPVNCHFPHRMBHMW/FDDGKINEOEF	IHHMDAAILOO	SFS.Builds.BuildManager/<>c__DisplayClass49_0	<OpenExampleRocketsMenu>b__0	0.95	ilhash	-
method	SFS.Builds.MBPVNCHFPHRMBHMW/GMFAHPPBHOH	CLFKHCMGODO	SFS.Builds.BuildManager/<>c__DisplayClass33_0	<Launch>b__2	0.95	ilhash	-
method	SFS.Builds.MBPVNCHFPHRMBHMW/GMFAHPPBHOH	EAMAGGOGAEH	SFS.Builds.BuildManager/<>c__DisplayClass33_0	<Launch>g__AddWarning|0	0.95	ilhash	-
method	MDORTJVBCWZXHLFN	BKKDHOGCOPH	SDImageCache	StoreImageDataInDisk	0.95	ilhash	-
method	MDORTJVBCWZXHLFN	OMLLGMKAOCB	SDImageCache	FilenameForURL	0.95	ilhash	-
method	MDORTJVBCWZXHLFN	INKMCBMMBNK	SDImageCache	Md5	0.95	ilhash	-
method	MDORTJVBCWZXHLFN	HHFMINMGONO	SDImageCache	PathForURL	0.95	ilhash	-
method	MDORTJVBCWZXHLFN	HALAFGGGBPD	SDImageCache	StoreImageDataInMemory	0.95	ilhash	-
method	MDORTJVBCWZXHLFN	OLDFKNGMPAA	SDImageCache	LoadImageDataFromMemory	0.95	ilhash	-
method	MDORTJVBCWZXHLFN	FEDGAGKDNKK	SDImageCache	RemoveImageDataFromMemory	0.95	ilhash	-
method	MDORTJVBCWZXHLFN	DCGAPGEHIFK	SDImageCache	ImageDataExistsInDisk	0.95	ilhash	-
method	MDORTJVBCWZXHLFN	PDNEGNFDCDM	SDImageCache	PathForFilename	0.95	ilhash	-
method	MDORTJVBCWZXHLFN	FPAEGPEPKHA	SDImageCache	Init	0.95	ilhash	-
method	MDORTJVBCWZXHLFN	PGDPEHAABCH	SDImageCache	OnLowMemory	0.95	ilhash	-
method	MDORTJVBCWZXHLFN	OGJABJBOEJL	SDImageCache	<OnLowMemory>b__6_0	0.95	ilhash	-
method	MDORTJVBCWZXHLFN	JGLAOBNBBKN	SDImageCache	DeleteOldFilesOnDisk	0.95	ilhash	-
method	MDORTJVBCWZXHLFN	CINLFGJHOMK	SDImageCache	LoadImageDataFromDisk	0.95	ilhash	-
method	MDORTJVBCWZXHLFN	FLPJMJFPFON	SDImageCache	ClearMemoryCache	0.95	ilhash	-
method	MDORTJVBCWZXHLFN	KJEJGBDPPIG	SDImageCache	RemoveImageDataFromDisk	0.95	ilhash	-
method	MDORTJVBCWZXHLFN	EBHKMOGHGKC	SDImageCache	<Awake>b__4_0	0.95	ilhash	-
method	MDORTJVBCWZXHLFN	CMDPGGMEPJM	SDImageCache	ImageDataExistsInMemory	0.95	ilhash	-
field	MDORTJVBCWZXHLFN	LGLCLKDKKKB	SDImageCache	maxCacheSize	0.80	shape	I
field	MDORTJVBCWZXHLFN	CDKNBLEGIPP	SDImageCache	maxCacheAge	0.80	shape	I
field	MDORTJVBCWZXHLFN	GPOMIJABIKE	SDImageCache	cacheDirectoryPath	0.80	shape	I
field	MDORTJVBCWZXHLFN	CIJAGHHFLJF	SDImageCache	memoryCache	0.80	shape	I
method	MDORTJVBCWZXHLFN/<>c	FFCFKGBGIKK	SDImageCache/<>c	<DeleteOldFilesOnDisk>b__19_0	0.95	ilhash	-
method	MDORTJVBCWZXHLFN/FLGJDCJOKCP	DHEBGCHDBAG	SDImageCache/<>c__DisplayClass9_0	<RemoveImageDataFromCache>b__1	0.95	ilhash	-
method	MDORTJVBCWZXHLFN/FLGJDCJOKCP	FGIDBDCAOKI	SDImageCache/<>c__DisplayClass9_0	<RemoveImageDataFromCache>b__0	0.95	ilhash	-
method	MDORTJVBCWZXHLFN/GAJEMGHBHCA	MDBEGCHDNAF	SDImageCache/<>c__DisplayClass8_0	<CacheImageDataForURL>b__1	0.95	ilhash	-
method	MDORTJVBCWZXHLFN/GAJEMGHBHCA	MOOPNMOGGDF	SDImageCache/<>c__DisplayClass8_0	<CacheImageDataForURL>b__0	0.95	ilhash	-
method	MDORTJVBCWZXHLFN/KNNAPFPDINI	LCOPNFGDPCE	SDImageCache/<>c__DisplayClass7_1	<QueryImageDataFromCacheForURL>b__1	0.95	ilhash	-
method	MDORTJVBCWZXHLFN/MDLHBPGPAEK	KOELIACFMBF	SDImageCache/<>c__DisplayClass7_0	<QueryImageDataFromCacheForURL>b__0	0.95	ilhash	-
method	SFS.World.MDTWBRCNTIPGNCUM	FDCKICMDMCC	SFS.World.Rocket	CanUsePart	0.95	ilhash	-
method	SFS.World.MDTWBRCNTIPGNCUM	BALPDMJODMJ	SFS.World.Rocket	Inject_HasControl	0.95	ilhash	-
method	SFS.World.MDTWBRCNTIPGNCUM	DDNKFLIPKEC	SFS.World.Rocket	InjectPartDependencies	0.95	ilhash	-
method	SFS.World.MDTWBRCNTIPGNCUM	IGADFCBJDKK	SFS.World.Rocket	Inject_DirectionalAxis	0.95	ilhash	-
method	SFS.World.MDTWBRCNTIPGNCUM	LODDJAHDDHN	SFS.World.Rocket	ApplyTorque	0.95	ilhash	-
method	SFS.World.MDTWBRCNTIPGNCUM	BFNJGCEJFND	SFS.World.Rocket	SFS.World.I_Physics.get_LocalVelocity	0.95	ilhash	VN
method	SFS.World.MDTWBRCNTIPGNCUM	HBBBAINONLM	SFS.World.Rocket	ClickPart	0.95	ilhash	-
method	SFS.World.MDTWBRCNTIPGNCUM	AFDMGLMIOBC	SFS.World.Rocket	Inject_TurnAxisWheels	0.95	ilhash	-
method	SFS.World.MDTWBRCNTIPGNCUM	LKGEDLLAJOL	SFS.World.Rocket	Start_RocketInjector	0.95	ilhash	-
method	SFS.World.MDTWBRCNTIPGNCUM	MFKBCFBFCIF	SFS.World.Rocket	SFS.World.I_Physics.get_LocalPosition	0.95	ilhash	VN
method	SFS.World.MDTWBRCNTIPGNCUM	PGHJJADCEIC	SFS.World.Rocket	SFS.World.I_Physics.set_LocalVelocity	0.95	ilhash	VN
method	SFS.World.MDTWBRCNTIPGNCUM	ODKOFOIMALJ	SFS.World.Rocket	Inject_Rocket	0.95	ilhash	-
method	SFS.World.MDTWBRCNTIPGNCUM	MNFGEFFGCCL	SFS.World.Rocket	Inject_ThrottleOn	0.95	ilhash	-
method	SFS.World.MDTWBRCNTIPGNCUM	JIIKBNOJNAK	SFS.World.Rocket	GetTurnAxis	0.95	ilhash	-
method	SFS.World.MDTWBRCNTIPGNCUM	LPNPDDDMBNI	SFS.World.Rocket	UpdateMapIconRotation	0.95	ilhash	-
method	SFS.World.MDTWBRCNTIPGNCUM	LBEABENJBCD	SFS.World.Rocket	SFS.World.I_Physics.OnCrashIntoPlanet	0.95	ilhash	VN
method	SFS.World.MDTWBRCNTIPGNCUM	PGILNENDHBI	SFS.World.Rocket	SFS.World.I_Physics.set_PhysicsMode	0.95	ilhash	VN
method	SFS.World.MDTWBRCNTIPGNCUM	JHFJKNKCIAE	SFS.World.Rocket	Inject_IsPlayer	0.95	ilhash	-
method	SFS.World.MDTWBRCNTIPGNCUM	LNGIFHEMPBI	SFS.World.Rocket	SFS.World.I_Physics.set_LocalPosition	0.95	ilhash	VN
method	SFS.World.MDTWBRCNTIPGNCUM	IFBEKLMAAEI	SFS.World.Rocket	get_IsOnSurface	0.95	ilhash	-
method	SFS.World.MDTWBRCNTIPGNCUM	LCDIAPCHLJP	SFS.World.Rocket	Inject_Physics	0.95	ilhash	-
method	SFS.World.MDTWBRCNTIPGNCUM	EMCJPDHNHLE	SFS.World.Rocket	Inject_Location	0.95	ilhash	-
method	SFS.World.MDTWBRCNTIPGNCUM	BNCEJEPFFNO	SFS.World.Rocket	SFS.World.I_Physics.OnFixedUpdate	0.95	ilhash	VN
method	SFS.World.MDTWBRCNTIPGNCUM	JCGPKPJDIAN	SFS.World.Rocket	RaycastPart	0.95	ilhash	-
method	SFS.World.MDTWBRCNTIPGNCUM	MLACKMKPPDN	SFS.World.Rocket	Inject_Throttle	0.95	ilhash	-
method	SFS.World.MDTWBRCNTIPGNCUM	KMEFCPINNCO	SFS.World.Rocket	GetTorque	0.95	ilhash	-
method	SFS.World.MDTWBRCNTIPGNCUM	OPKPNNOLJGJ	SFS.World.Rocket	OnRealtimePhysicsChange	0.95	ilhash	-
method	SFS.World.MDTWBRCNTIPGNCUM	CEICAKDGEHN	SFS.World.Rocket	<Awake>b__17_1	0.95	ilhash	-
method	SFS.World.MDTWBRCNTIPGNCUM	PEFDMHEHION	SFS.World.Rocket	UpdateMass	0.95	ilhash	-
method	SFS.World.MDTWBRCNTIPGNCUM	HNIBGPBLBIB	SFS.World.Rocket	SFS.World.I_Physics.get_PhysicsMode	0.95	ilhash	VN
method	SFS.World.MDTWBRCNTIPGNCUM	JMHLJNJGKNK	SFS.World.Rocket	GetStopRotationTurnAxis	0.95	ilhash	-
method	SFS.World.MDTWBRCNTIPGNCUM	GMBAGBIMFKO	SFS.World.Rocket	<Awake>b__17_0	0.95	ilhash	-
method	SFS.World.MDTWBRCNTIPGNCUM	JLFEOCFLGME	SFS.World.Rocket	OnDestroy_RocketInjector	0.95	ilhash	-
method	SFS.World.MDTWBRCNTIPGNCUM	KBHBIHGGKMB	SFS.World.Rocket	Inject_TurnAxisTorque	0.95	ilhash	-
method	SFS.World.MDTWBRCNTIPGNCUM	DMGKOOFHOAN	SFS.World.Rocket	<Awake>g__UpdateControl|17_2	0.95	ilhash	-
field	SFS.World.MDTWBRCNTIPGNCUM	ABLNANNBIOH	SFS.World.Rocket	pipeFlows	0.80	shape	I
field	SFS.World.MDTWBRCNTIPGNCUM	AEFOBEMKCCF	SFS.World.Rocket	sizeRadius	0.30	order	I
field	SFS.World.MDTWBRCNTIPGNCUM	MNMGBAFPNLN	SFS.World.Rocket	lastUpdateTime	0.30	order	I
method	SFS.World.MDTWBRCNTIPGNCUM/<>c	AIEGHLPDALJ	SFS.World.Rocket/<>c	<OnRealtimePhysicsChange>b__45_0	0.95	ilhash	-
method	SFS.World.MDTWBRCNTIPGNCUM/<>c	MLKDMEELOEL	SFS.World.Rocket/<>c	<TryWorldSelect>b__36_0	0.95	ilhash	-
method	SFS.World.MDTWBRCNTIPGNCUM/<>c	HCIIEGKAMAC	SFS.World.Rocket/<>c	<Awake>b__17_3	0.95	ilhash	-
method	SFS.World.MDTWBRCNTIPGNCUM/<>c	GIMKGJADBEE	SFS.World.Rocket/<>c	<CanTimewarp>b__37_1	0.95	ilhash	-
method	SFS.World.MDTWBRCNTIPGNCUM/<>c	AHJLGKNEIPP	SFS.World.Rocket/<>c	<SetPlayerToBestControllable>b__39_0	0.95	ilhash	-
method	SFS.World.MDTWBRCNTIPGNCUM/<>c	MGFADNJBANF	SFS.World.Rocket/<>c	<CanTimewarp>b__37_0	0.95	ilhash	-
field	SFS.World.MDTWBRCNTIPGNCUM/<>c	<>9__37_0	SFS.World.Rocket/<>c	<>9__36_0	0.30	order	S
field	SFS.World.MDTWBRCNTIPGNCUM/<>c	<>9__38_1	SFS.World.Rocket/<>c	<>9__37_1	0.30	order	S
field	SFS.World.MDTWBRCNTIPGNCUM/<>c	<>9__40_0	SFS.World.Rocket/<>c	<>9__39_0	0.80	shape	S
field	SFS.World.MDTWBRCNTIPGNCUM/<>c	<>9__46_0	SFS.World.Rocket/<>c	<>9__45_0	0.30	order	S
prop	SFS.World.MDTWBRCNTIPGNCUM/ALDKMFMINPB	LGBNFJCHPLN	SFS.World.Rocket/INJ_Rocket	Rocket	0.90	accessor	P
method	SFS.World.MDTWBRCNTIPGNCUM/BBKIOKCJICO	KKDDEOILNJK	SFS.World.Rocket/<>c__DisplayClass36_0	<TryWorldSelect>b__1	0.95	ilhash	-
prop	SFS.World.MDTWBRCNTIPGNCUM/BDDFHOEHLDL	DEINAFELJKG	SFS.World.Rocket/INJ_IsPlayer	IsPlayer	0.90	accessor	P
prop	SFS.World.MDTWBRCNTIPGNCUM/BGAHBMGJKFO	FPMAKPFKGHI	SFS.World.Rocket/INJ_TurnAxisTorque	TurnAxis	0.90	accessor	P
method	SFS.World.MDTWBRCNTIPGNCUM/CJKLDMNIEJD	HEHOAAPMPIF	SFS.World.Rocket/INJ_ThrottleOn	set_ThrottleOn	0.75	virtual-order	VANP
prop	SFS.World.MDTWBRCNTIPGNCUM/DINKHLMGKPN	CAFNJDCFPJG	SFS.World.Rocket/INJ_Physics	Rb2d	0.90	accessor	P
prop	SFS.World.MDTWBRCNTIPGNCUM/FEIFAIGBEFD	GPOBBJCNLAA	SFS.World.Rocket/INJ_Location	Location	0.90	accessor	P
prop	SFS.World.MDTWBRCNTIPGNCUM/FLJCPLBFNBH	KCHMKBGGDBG	SFS.World.Rocket/INJ_Throttle	Throttle	0.90	accessor	P
prop	SFS.World.MDTWBRCNTIPGNCUM/HNNCBFPEDFI	FPMAKPFKGHI	SFS.World.Rocket/INJ_TurnAxisWheels	TurnAxis	0.90	accessor	P
method	SFS.World.MDTWBRCNTIPGNCUM/IAPOOKMMBGK	JEHPEHOJOHO	SFS.World.Rocket/INJ_HasControl	set_HasControl	0.75	virtual-order	VANP
method	SFS.World.MDTWBRCNTIPGNCUM/JEBNDFIBIOA	JAFCBACAANH	SFS.World.Rocket/<>c__DisplayClass84_0	<get_IsOnSurface>b__0	0.95	ilhash	-
method	SFS.World.MDTWBRCNTIPGNCUM/MLLGOONDDDN	FPHGHFMKIAM	SFS.World.Rocket/<>c__DisplayClass30_0	<GetSizeRadius>b__0	0.95	ilhash	-
prop	SFS.World.MDTWBRCNTIPGNCUM/NDIBKBAEAAJ	AAKEFMOMGKO	SFS.World.Rocket/INJ_DirectionalAxis	DirectionalAxis	0.90	accessor	P
method	MFGJPBGMEAO	CFHAJIDNDCH	Clipper2Lib.PolyTreeD	get_Scale	0.95	ilhash	P
method	MFIPGOCIMMI	MALBLCJLAIM	SFS.World.Maps.ManeuverTree	AddManeuver	0.95	ilhash	P
method	MFIPGOCIMMI	HKELMIOJPBF	SFS.World.Maps.ManeuverTree	GetBestBranch	0.95	ilhash	-
method	MFIPGOCIMMI	JCKMFOOOBNN	SFS.World.Maps.ManeuverTree	DrawAll	0.95	ilhash	P
method	MFIPGOCIMMI	FHLOBDDPAMM	SFS.World.Maps.ManeuverTree	GetBestManeuvers	0.95	ilhash	P
field	MFIPGOCIMMI	FNBEEDJLNLO	SFS.World.Maps.ManeuverTree	maneuver	0.30	order	I
field	MFIPGOCIMMI	OGKFKKOMFIB	SFS.World.Maps.ManeuverTree	parent	0.30	order	I
field	MFIPGOCIMMI	KJAIMDNPLNF	SFS.World.Maps.ManeuverTree	children	0.80	shape	I
method	MFJEODKMHJE	CGAMJPIKBPO	Utility	DrawArrow	0.95	ilhash	SP
method	MFJEODKMHJE	PBIPDOICDNJ	Utility	Rotate_Radians	0.95	ilhash	SP
method	MFJEODKMHJE	AGPNACBGBLI	Utility	RebuildLayout	0.95	ilhash	SP
method	MFJEODKMHJE	DMMKAABIFCP	Utility	DrawGizmosBox	0.95	ilhash	SP
method	MFJEODKMHJE	DMEOAODBGNI	Utility	DrawArrow_Ray	0.95	ilhash	SP
method	MFJEODKMHJE	KAIJELMINNO	Utility	Rotate_90	0.95	ilhash	SP
method	MFJEODKMHJE	KGNDNCBLMJF	Utility	GetDeltaV	0.95	ilhash	SP
method	MFOODALHEIC	LJBMFBMHJJM	SFS.Parts.Part_Utility	GetBuildColliderBounds_WorldSpace	0.95	ilhash	SP
method	MFOODALHEIC	FLKOKIBEBLJ	SFS.Parts.Part_Utility	PositionParts	0.95	ilhash	SP
method	MFOODALHEIC	ONPFHHHNADP	SFS.Parts.Part_Utility	GetFramingBounds_WorldSpace	0.95	ilhash	SP
method	MFOODALHEIC	OALJFNOHKBF	SFS.Parts.Part_Utility	GetClosestPartToClick	0.95	ilhash	SP
method	MFOODALHEIC	MIIBIJGFGII	SFS.Parts.Part_Utility	CenterParts	0.95	ilhash	SP
method	MFOODALHEIC	JMJOBHFAGMD	SFS.Parts.Part_Utility	RaycastParts	0.95	ilhash	SP
method	MFOODALHEIC	GPJAJNPGGBI	SFS.Parts.Part_Utility	GetBounds_WorldSpace	0.95	ilhash	SP
method	MFOODALHEIC	PHBPHCBMBCN	SFS.Parts.Part_Utility	GetBuildColliderPolygons	0.95	ilhash	SP
method	MFOODALHEIC	KAEBAPBADLB	SFS.Parts.Part_Utility	CollidersIntersect	0.95	ilhash	SP
method	MFOODALHEIC	NBAGIOOCEBK	SFS.Parts.Part_Utility	GetHighestDepthAtPoint	0.95	ilhash	S
method	MFOODALHEIC	BGDKKLJCMML	SFS.Parts.Part_Utility	ExpandToFitPoint	0.95	ilhash	SP
method	MFOODALHEIC	APEMCNDNHCB	SFS.Parts.Part_Utility	ApplyOrientationChange	0.95	ilhash	SP
method	MFOODALHEIC	BGOIBIFCHMD	SFS.Parts.Part_Utility	GetModules	0.95	ilhash	SP
method	MFOODALHEIC	KGNGPIFGCKN	SFS.Parts.Part_Utility	GetBuildColliderPolygons_WithPart	0.95	ilhash	SP
method	MFOODALHEIC	BJDHJMBBBPM	SFS.Parts.Part_Utility	OffsetPartPosition	0.95	ilhash	SP
method	MFOODALHEIC/<>c	CMHNBHAILOB	SFS.Parts.Part_Utility/<>c	<GetBounds_WorldSpace>b__14_1	0.95	ilhash	-
method	MFOODALHEIC/<>c	AMOANOJPHBG	SFS.Parts.Part_Utility/<>c	<GetBuildColliderBounds_WorldSpace>b__12_0	0.95	ilhash	-
method	MFOODALHEIC/<>c	IAKCILLCIAK	SFS.Parts.Part_Utility/<>c	<GetFramingBounds_WorldSpace>b__11_0	0.95	ilhash	-
method	MFOODALHEIC/<>c	BCGPNLDGNPI	SFS.Parts.Part_Utility/<>c	<GetBuildColliderPolygons_WithPart>b__5_0	0.95	ilhash	-
method	MFOODALHEIC/<>c	JLOEELPGPGM	SFS.Parts.Part_Utility/<>c	<GetBounds_WorldSpace>b__14_0	0.95	ilhash	-
method	MFOODALHEIC/<>c	EKBNGMDFPBO	SFS.Parts.Part_Utility/<>c	<GetFramingBounds_WorldSpace>b__11_1	0.95	ilhash	-
method	MFOODALHEIC/<>c__17`1	JMJFDKGDBCB	SFS.Parts.Part_Utility/<>c__17`1	<GetModules>b__17_0	0.95	ilhash	-
method	MFOODALHEIC/CBOBAHHLJJI	EJGIKPFJCIP	SFS.Parts.Part_Utility/<>c__DisplayClass0_1	<RaycastParts>b__2	0.95	ilhash	-
method	MFOODALHEIC/IAMEIEFBDPD	BFONPIIGCCJ	SFS.Parts.Part_Utility/<>c__DisplayClass13_0	<GetBounds_WorldSpace>b__0	0.95	ilhash	-
method	MFOODALHEIC/JHIOMPPNCHM	PNHCCJOKFCD	SFS.Parts.Part_Utility/<>c__DisplayClass0_0	<RaycastParts>b__0	0.95	ilhash	-
method	MFOODALHEIC/JHIOMPPNCHM	KDPLPPHJKBJ	SFS.Parts.Part_Utility/<>c__DisplayClass0_0	<RaycastParts>b__1	0.95	ilhash	-
method	SFS.Career.MIXTUGFSDZFYRWJB	IKHJNCOMMKB	SFS.Career.HubManager	DrawChallenges	0.95	ilhash	-
method	SFS.Career.MIXTUGFSDZFYRWJB	PFGFMALEBMI	SFS.Career.HubManager	LoadPersistent	0.95	ilhash	-
method	SFS.Career.MIXTUGFSDZFYRWJB	PHPBIKLIPGJ	SFS.Career.HubManager	UpdatePersistent	0.95	ilhash	-
method	SFS.Career.MIXTUGFSDZFYRWJB	BDCOMAFEGLN	SFS.Career.HubManager	<Start>g__UpdateFundsText|24_0	0.95	ilhash	-
method	SFS.Career.MIXTUGFSDZFYRWJB	HEFJIMELGLL	SFS.Career.HubManager	<DrawChallenges>g__Add|26_1	0.95	ilhash	S
field	SFS.Career.MIXTUGFSDZFYRWJB	JJMDIGPFFOP	SFS.Career.HubManager	state	0.80	shape	I
method	SFS.Career.MIXTUGFSDZFYRWJB/<>c	IPEIKLKLDLE	SFS.Career.HubManager/<>c	<Start>b__24_9	0.95	ilhash	-
method	SFS.Career.MIXTUGFSDZFYRWJB/<>c	LLCMMPJNIKG	SFS.Career.HubManager/<>c	<OpenMenu>b__27_3	0.95	ilhash	-
method	SFS.Career.MIXTUGFSDZFYRWJB/<>c	LAHGJGGMJNE	SFS.Career.HubManager/<>c	<OpenMenu>b__27_4	0.95	ilhash	-
method	SFS.Career.MIXTUGFSDZFYRWJB/<>c	ELDMBKOHICB	SFS.Career.HubManager/<>c	<OpenMenu>b__27_2	0.95	ilhash	-
method	SFS.Career.MIXTUGFSDZFYRWJB/<>c	ACHGONGMAJL	SFS.Career.HubManager/<>c	<Start>b__24_6	0.95	ilhash	-
method	SFS.Career.MIXTUGFSDZFYRWJB/<>c	BCBOLFCFKOJ	SFS.Career.HubManager/<>c	<OpenMenu>b__27_1	0.95	ilhash	-
method	SFS.Career.MIXTUGFSDZFYRWJB/<>c	IIGPCFJEPAL	SFS.Career.HubManager/<>c	<DrawChallenges>b__26_0	0.95	ilhash	-
method	SFS.Career.MIXTUGFSDZFYRWJB/<>c	OHGCAOGFJJP	SFS.Career.HubManager/<>c	<OpenMenu>b__27_0	0.95	ilhash	-
method	SFS.Career.MIXTUGFSDZFYRWJB/<>c	NFABLLALPDK	SFS.Career.HubManager/<>c	<Start>b__24_8	0.95	ilhash	-
method	SFS.Career.MIXTUGFSDZFYRWJB/<>c	EKKCMHMIIHM	SFS.Career.HubManager/<>c	<Start>b__24_5	0.95	ilhash	-
method	SFS.Career.MIXTUGFSDZFYRWJB/<>c	FLNEBCNKJDK	SFS.Career.HubManager/<>c	<Start>b__24_2	0.95	ilhash	-
method	SFS.Career.MIXTUGFSDZFYRWJB/<>c	DKHELNGKLIH	SFS.Career.HubManager/<>c	<Start>b__24_3	0.95	ilhash	-
method	SFS.Career.MIXTUGFSDZFYRWJB/DHDACCMEMBC	HDILIPDOMDA	SFS.Career.HubManager/<>c__DisplayClass26_1	<DrawChallenges>b__2	0.95	ilhash	-
method	SFS.Career.MIXTUGFSDZFYRWJB/KFLGFDKDDMJ	HMPNPMEBKML	SFS.Career.HubManager/<>c__DisplayClass24_0	<Start>b__7	0.95	ilhash	-
method	SFS.Career.MIXTUGFSDZFYRWJB/KFLGFDKDDMJ	NFOPHEDENKI	SFS.Career.HubManager/<>c__DisplayClass24_0	<Start>b__4	0.95	ilhash	-
method	SFS.Career.MIXTUGFSDZFYRWJB/KFLGFDKDDMJ	FCAEICDCJFL	SFS.Career.HubManager/<>c__DisplayClass24_0	<Start>b__1	0.95	ilhash	-
method	SFS.Career.MIXTUGFSDZFYRWJB/OJEDGMGDPFA	ADPHAGMBFDH	SFS.Career.HubManager/<>c__DisplayClass37_0	<LoadPersistent>b__0	0.95	ilhash	-
field	MKJGLEBBOOI	DEILEDLBADO	SFS.Base	language	0.30	order	S
field	MKJGLEBBOOI	OINMGFGAOMN	SFS.Base	sceneLoader	0.30	order	S
field	MKJGLEBBOOI	GDPOBJCOPJB	SFS.Base	worldBase	0.30	order	S
field	MKJGLEBBOOI	ECPPKEDKFFL	SFS.Base	sound	0.30	order	S
field	MKJGLEBBOOI	NPDPKKOHAJK	SFS.Base	planetLoader	0.30	order	S
field	MKJGLEBBOOI	HLEOALLKJLH	SFS.Base	partsLoader	0.30	order	S
field	MKJGLEBBOOI	AIDCDABHDDG	SFS.Base	inputManager	0.30	order	S
field	MKJGLEBBOOI	KIDPLOAFEJD	SFS.Base	screenTracker	0.30	order	S
field	MKJGLEBBOOI	LMKLNGIMNMD	SFS.Base	saver	0.30	order	S
method	SFS.World.MLNNHRIQXCJCKSAI	NLKGNGJGIOJ	SFS.World.WorldEnvironment	<CreateEnvironments>g__Create|20_0	0.95	ilhash	-
method	SFS.World.MLNNHRIQXCJCKSAI	HDAJEOOOPDC	SFS.World.WorldEnvironment	CreateEnvironments	0.95	ilhash	-
method	SFS.World.MLNNHRIQXCJCKSAI	PGLKONKJEEI	SFS.World.WorldEnvironment	UpdateFog	0.95	ilhash	S
method	SFS.World.MLNNHRIQXCJCKSAI	ILDPEEBOINL	SFS.World.WorldEnvironment	CreateEnvironment	0.95	ilhash	-
method	SFS.World.MLNNHRIQXCJCKSAI	PCLHHHFJLNM	SFS.World.WorldEnvironment	UpdateViewPosition	0.95	ilhash	-
method	SFS.World.MLNNHRIQXCJCKSAI	BFKIKGDIKJH	SFS.World.WorldEnvironment	GetViewRangeNormal	0.95	ilhash	S
method	SFS.World.MLNNHRIQXCJCKSAI	HGPFOPKEIDH	SFS.World.WorldEnvironment	UpdateAtmospherePosition	0.95	ilhash	-
method	SFS.World.MLNNHRIQXCJCKSAI	FCFGCAPNKBC	SFS.World.WorldEnvironment	OnScaledSpaceChange	0.95	ilhash	-
field	SFS.World.MLNNHRIQXCJCKSAI	FBMCICIBCMA	SFS.World.WorldEnvironment	Fog	0.30	order	S
field	SFS.World.MLNNHRIQXCJCKSAI	NDEKCGAHAHH	SFS.World.WorldEnvironment	WaterOpacity	0.30	order	S
field	SFS.World.MLNNHRIQXCJCKSAI	LFBHBBOGLJO	SFS.World.WorldEnvironment	WaterSurfaceOpacity	0.30	order	S
field	SFS.World.MLNNHRIQXCJCKSAI	PIMLIMDBMGF	SFS.World.WorldEnvironment	WaterDarkness	0.30	order	S
field	SFS.World.MLNNHRIQXCJCKSAI	PDAKKEKHKIB	SFS.World.WorldEnvironment	WaterOffset	0.30	order	S
field	SFS.World.MLNNHRIQXCJCKSAI	FJHHJNMMFAI	SFS.World.WorldEnvironment	WaterWavesOn	0.30	order	S
field	SFS.World.MLNNHRIQXCJCKSAI	HFHCGKFCABK	SFS.World.WorldEnvironment	WaterTime	0.30	order	S
field	SFS.World.MLNNHRIQXCJCKSAI	PKPBHLKKBMB	SFS.World.WorldEnvironment	WaveTime	0.30	order	S
field	SFS.World.MLNNHRIQXCJCKSAI	HPMMPJPCBED	SFS.World.WorldEnvironment	lastState	0.80	shape	I
method	SFS.World.MLNNHRIQXCJCKSAI/<>c	MGAMHOGIINO	SFS.World.WorldEnvironment/<>c	<GetViewRangeNormal>b__16_2	0.95	ilhash	-
method	SFS.World.MLNNHRIQXCJCKSAI/KDKAKCIKNBC	CLHNMPFKEEJ	SFS.World.WorldEnvironment/<>c__DisplayClass16_0	<GetViewRangeNormal>g__GetDiff_Rotated|0	0.95	ilhash	-
method	SFS.World.MLNNHRIQXCJCKSAI/KDKAKCIKNBC	LKJCOKHJHKE	SFS.World.WorldEnvironment/<>c__DisplayClass16_0	<GetViewRangeNormal>g__GetDiff|1	0.95	ilhash	-
method	SFS.World.MLNNHRIQXCJCKSAI/LEGNPPBIEBG	ONLJBDIDBDH	SFS.World.WorldEnvironment/<>c__DisplayClass21_0	<CreateEnvironment>b__0	0.95	ilhash	-
method	MLPJNLOLAPG	EMPJPGNNNNE	SFS.Navigation.Iterator_Orbit	ApplyEscapeTime	0.95	ilhash	S
method	MLPJNLOLAPG	HGJJCCGFKAP	SFS.Navigation.Iterator_Orbit	Calculate	0.95	ilhash	P
method	MLPJNLOLAPG	CLCKKLOEINK	SFS.Navigation.Iterator_Orbit	GetOrbit	0.95	ilhash	-
method	MLPJNLOLAPG	CHAIAGKKCDJ	SFS.Navigation.Iterator_Orbit	GetAfterEscapeOrbit	0.95	ilhash	S
field	MLPJNLOLAPG	JBJGLGBOLDL	SFS.Navigation.Iterator_Orbit	orbit	0.80	shape	I
field	MLPJNLOLAPG	IMPEGIEOABC	SFS.Navigation.Iterator_Orbit	time	0.30	order	I
field	MLPJNLOLAPG	HAJDEJKELEN	SFS.Navigation.Iterator_Orbit	velocityAngle	0.30	order	I
prop	SFS.World.Maps.MLXQHJRRCYGHVDPE	HMIPMLDNJKM	SFS.World.Maps.MapRocket	Player	0.90	accessor	P
prop	SFS.World.Maps.MLXQHJRRCYGHVDPE	PBFOKKFAOKJ	SFS.World.Maps.MapRocket	Trajectory	0.90	accessor	P
prop	SFS.World.Maps.MLXQHJRRCYGHVDPE	PJIMPPOHLAJ	SFS.World.Maps.MapRocket	EncounterText	0.90	accessor	P
prop	SFS.World.Maps.MLXQHJRRCYGHVDPE	KGKNKIMPCLC	SFS.World.Maps.MapRocket	Select_MenuPosition	0.90	accessor	P
prop	SFS.World.Maps.MLXQHJRRCYGHVDPE	NALFCMCAOHO	SFS.World.Maps.MapRocket	Select_CanFocus	0.90	accessor	P
prop	SFS.World.Maps.MLXQHJRRCYGHVDPE	BEMLLECJIGA	SFS.World.Maps.MapRocket	Select_CanRename	0.90	accessor	P
prop	SFS.World.Maps.MLXQHJRRCYGHVDPE	PGKKODIMMGD	SFS.World.Maps.MapRocket	Select_DisplayName	0.90	accessor	P
prop	SFS.World.Maps.MLXQHJRRCYGHVDPE	HJBGHFPNGBO	SFS.World.Maps.MapRocket	Select_CanNavigate	0.90	accessor	P
prop	SFS.World.Maps.MLXQHJRRCYGHVDPE	EKLLEPDMOMD	SFS.World.Maps.MapRocket	Select_CanEndMission	0.90	accessor	P
prop	SFS.World.Maps.MLXQHJRRCYGHVDPE	MIOPPFBOBKC	SFS.World.Maps.MapRocket	Select_EndMissionText	0.90	accessor	P
prop	SFS.World.Maps.MLXQHJRRCYGHVDPE	NLIHIMLAGND	SFS.World.Maps.MapRocket	Select_EndMissionIcon	0.90	accessor	P
prop	SFS.World.Maps.MLXQHJRRCYGHVDPE	NPFGNMJHOPO	SFS.World.Maps.MapRocket	Navigation_Tolerance	0.90	accessor	P
field	MMIOAAMDDFN	ANPAOOACJBJ	SFS.Parts.Modules.PartTex	color	0.30	order	I
field	MMIOAAMDDFN	GINMDLNEIKD	SFS.Parts.Modules.PartTex	shape	0.30	order	I
field	MMIOAAMDDFN	ALNLDNDAJPG	SFS.Parts.Modules.PartTex	shadow	0.30	order	I
field	MMIOAAMDDFN	PJEDDMBNIOD	SFS.Parts.Modules.PartTex	ColorTexture	0.30	order	S
field	MMIOAAMDDFN	HAIDJMMALIA	SFS.Parts.Modules.PartTex	ShapeTexture	0.30	order	S
field	MMIOAAMDDFN	IFAHFCOCJLI	SFS.Parts.Modules.PartTex	ShadowTexture	0.30	order	S
method	MMMMFJDAMJI	PAMHBFFIBNN	SFS.Stats.ChallengeRecorder	CompleteStep	0.95	ilhash	-
method	MMMMFJDAMJI	AMHHDAHDBBG	SFS.Stats.ChallengeRecorder	Split	0.95	ilhash	P
method	MMMMFJDAMJI	OLKECNLGEDI	SFS.Stats.ChallengeRecorder	UpdateEligibleSteps	0.95	ilhash	P
method	MMMMFJDAMJI	NBIJPCFBDNH	SFS.Stats.ChallengeRecorder	OnCrash	0.95	ilhash	P
method	MMMMFJDAMJI	PAKJFHMNCNI	SFS.Stats.ChallengeRecorder	Merge	0.95	ilhash	P
method	MMMMFJDAMJI	EGIDPLPEGFI	SFS.Stats.ChallengeRecorder	IsEligible	0.95	ilhash	-
method	MMMMFJDAMJI	LOAELPDJFHK	SFS.Stats.ChallengeRecorder	TryCompleteSteps	0.95	ilhash	P
method	MMMMFJDAMJI	JEPLKOOCEJC	SFS.Stats.ChallengeRecorder	GetCompleteChallenges	0.95	ilhash	P
field	MMMMFJDAMJI	EOPMNELGOJF	SFS.Stats.ChallengeRecorder	eligibleSteps	0.80	shape	I
field	MMMMFJDAMJI	JABAOMPHABD	SFS.Stats.ChallengeRecorder	progress	0.80	shape	I
field	MMMMFJDAMJI	ACLDFIJOOCB	SFS.Stats.ChallengeRecorder	complete	0.80	shape	I
field	MMMMFJDAMJI	HKNNKKJDMLF	SFS.Stats.ChallengeRecorder	owner	0.80	shape	I
method	MMMMFJDAMJI/<>c	NJJIHCHMMJP	SFS.Stats.ChallengeRecorder/<>c	<Split>b__11_0	0.95	ilhash	-
method	MMMMFJDAMJI/<>c	OEAFOOCPEJC	SFS.Stats.ChallengeRecorder/<>c	<Split>b__11_1	0.95	ilhash	-
method	MMMMFJDAMJI/AGAIGMLKHEC	BLJFOMIGPCF	SFS.Stats.ChallengeRecorder/<>c__DisplayClass9_0	<CompleteStep>b__1	0.95	ilhash	-
method	MMMMFJDAMJI/AGAIGMLKHEC	JJOAKCLNGDN	SFS.Stats.ChallengeRecorder/<>c__DisplayClass9_0	<CompleteStep>b__0	0.95	ilhash	-
method	MMMMFJDAMJI/EIBGOLLEFFA	HFHDPINADNP	SFS.Stats.ChallengeRecorder/<>c__DisplayClass7_0	<TryCompleteSteps>b__0	0.95	ilhash	-
method	MNMMMAOAFIJ	GACEKFANHLC	SFS.WorldBase.Revert	SavePointer	0.95	ilhash	S
method	MNMMMAOAFIJ	PAOALNGHJFF	SFS.WorldBase.Revert	HasRevert_3_Min	0.95	ilhash	SP
method	MNMMMAOAFIJ	IJJOLNDMNGL	SFS.WorldBase.Revert	HasRevert	0.95	ilhash	S
method	MNMMMAOAFIJ	HLCGOMNLPFL	SFS.WorldBase.Revert	HasRevert_30_Sec	0.95	ilhash	SP
method	MNMMMAOAFIJ	HHDLBGJGPFM	SFS.WorldBase.Revert	DeleteAll	0.95	ilhash	SP
method	MNMMMAOAFIJ	NFOGPCNALJK	SFS.WorldBase.Revert	TryGetRevert	0.95	ilhash	S
method	MNMMMAOAFIJ	AKJKLPHFCNM	SFS.WorldBase.Revert	AddToStack	0.95	ilhash	SP
method	MNMMMAOAFIJ	CKGLMJHGNPP	SFS.WorldBase.Revert	GetPath	0.95	ilhash	S
method	MNMMMAOAFIJ	JKHFADAJKKI	SFS.WorldBase.Revert	TryGetRevert_3_Min	0.95	ilhash	SP
method	MNMMMAOAFIJ	FELBHDFCBKP	SFS.WorldBase.Revert	GetPointerPath	0.95	ilhash	S
method	MNMMMAOAFIJ	GOOGKPKNOOI	SFS.WorldBase.Revert	LoadPointer	0.95	ilhash	S
method	MNMMMAOAFIJ	AEKCMCNHJAJ	SFS.WorldBase.Revert	TryGetRevert_30_Sec	0.95	ilhash	SP
method	SFS.World.MNUGNQKRKEUXOBKY	GIPOGKJCLMF	SFS.World.Physics	OnPositionOffset	0.95	ilhash	-
method	SFS.World.MNUGNQKRKEUXOBKY	LJLGKMIAJDG	SFS.World.Physics	UpdatePhysicsState	0.95	ilhash	-
method	SFS.World.MNUGNQKRKEUXOBKY	GNDLAHMAEMF	SFS.World.Physics	OnVelocityOffset	0.95	ilhash	-
method	SFS.World.MNUGNQKRKEUXOBKY	LPDEKAHHEJE	SFS.World.Physics	OnLoadedChange_After	0.95	ilhash	-
method	SFS.World.MNUGNQKRKEUXOBKY	HJEGJCDCJCN	SFS.World.Physics	InOrbit	0.95	ilhash	-
method	SFS.World.MNUGNQKRKEUXOBKY	PGFAHDILJOO	SFS.World.Physics	<Update>b__20_0	0.95	ilhash	-
method	SFS.World.MNUGNQKRKEUXOBKY	HJAIPALEBKH	SFS.World.Physics	OnLoadedChange_Before	0.95	ilhash	-
field	SFS.World.MNUGNQKRKEUXOBKY	JICEDNCMJDP	SFS.World.Physics	savedObject	0.30	order	I
field	SFS.World.MNUGNQKRKEUXOBKY	DMMNCFKKOEP	SFS.World.Physics	lastTrajectory_Input	0.80	shape	I
field	SFS.World.MNUGNQKRKEUXOBKY	LFLDHGJKLFP	SFS.World.Physics	lastTrajectory	0.30	order	I
prop	SFS.World.MNUGNQKRKEUXOBKY	KKBLHCADKPM	SFS.World.Physics	PhysicsObject	0.90	accessor	P
prop	SFS.World.MNUGNQKRKEUXOBKY	NJMFLIFKPJN	SFS.World.Physics	PhysicsMode	0.90	accessor	P
method	MOZNHJBRMOLMKXVG	BAPMECKCHCB	GLDrawer	FlushLines	0.95	ilhash	-
method	MOZNHJBRMOLMKXVG	PFPPCKDHEDM	GLDrawer	GetCameraCircle	0.95	ilhash	-
method	MOZNHJBRMOLMKXVG	HONLGCOBLMP	GLDrawer	GetMaterial	0.95	ilhash	-
method	MOZNHJBRMOLMKXVG	NBPEOOLNHID	GLDrawer	FlushCircles	0.95	ilhash	-
field	MOZNHJBRMOLMKXVG	CELKJACJEPB	GLDrawer	sortedMaterials	0.80	shape	I
field	MOZNHJBRMOLMKXVG	CKGMKDDHFAO	GLDrawer	lineBatches	0.30	order	I
field	MOZNHJBRMOLMKXVG	DLNDIAPGCII	GLDrawer	circleBatches	0.30	order	I
field	MOZNHJBRMOLMKXVG	PFDBAEBDOGB	GLDrawer	cameraBounds	0.80	shape	I
method	SFS.UI.MPNKXPODROZEILCR	FKJEEEFFOMJ	SFS.UI.HomeManager	OpenVK	0.95	ilhash	-
method	SFS.UI.MPNKXPODROZEILCR	ADCIJBACDND	SFS.UI.HomeManager	OpenInstagram	0.95	ilhash	-
method	SFS.UI.MPNKXPODROZEILCR	MFJDAFOKDDA	SFS.UI.HomeManager	BuildValidatorHook	0.95	ilhash	-
method	SFS.UI.MPNKXPODROZEILCR	FEDIKMCICKF	SFS.UI.HomeManager	OpenTikTok	0.95	ilhash	-
method	SFS.UI.MPNKXPODROZEILCR	GGHJJOKMMHD	SFS.UI.HomeManager	ShowUpgradeVersionMenu	0.95	ilhash	S
method	SFS.UI.MPNKXPODROZEILCR	NMJBDDOMDFG	SFS.UI.HomeManager	OpenForums	0.95	ilhash	-
method	SFS.UI.MPNKXPODROZEILCR	GPOKAMBBJCH	SFS.UI.HomeManager	ShowIsNewPlayerMenu	0.95	ilhash	S
method	SFS.UI.MPNKXPODROZEILCR	JMHDCCGNAHC	SFS.UI.HomeManager	GetVersion	0.95	ilhash	S
method	SFS.UI.MPNKXPODROZEILCR	KELOJBJNDNE	SFS.UI.HomeManager	<ShowUpgradeVersionMenu>g__Display|20_1	0.95	ilhash	S
method	SFS.UI.MPNKXPODROZEILCR	PABHHIMEODF	SFS.UI.HomeManager	OpenDiscord	0.95	ilhash	-
method	SFS.UI.MPNKXPODROZEILCR	CFMKDKLLHGG	SFS.UI.HomeManager	OpenYoutube	0.95	ilhash	-
method	SFS.UI.MPNKXPODROZEILCR/<>c	POPPBEOGOOC	SFS.UI.HomeManager/<>c	<Close>b__33_1	0.95	ilhash	-
method	SFS.UI.MPNKXPODROZEILCR/<>c	BOAAKDFKPPL	SFS.UI.HomeManager/<>c	<Close>b__33_0	0.95	ilhash	-
method	SFS.UI.MPNKXPODROZEILCR/<>c	IIEMDHDAKAI	SFS.UI.HomeManager/<>c	<ShowUpgradeVersionMenu>b__20_10	0.95	ilhash	-
method	SFS.UI.MPNKXPODROZEILCR/<>c	PGNCCICKJOD	SFS.UI.HomeManager/<>c	<OpenCredits>b__30_0	0.95	ilhash	-
method	SFS.UI.MPNKXPODROZEILCR/<>c	CGIJHKFINNK	SFS.UI.HomeManager/<>c	<ShowIsNewPlayerMenu>b__19_5	0.95	ilhash	-
method	SFS.UI.MPNKXPODROZEILCR/<>c	CNACELKAOKI	SFS.UI.HomeManager/<>c	<GetVersion>b__21_0	0.95	ilhash	-
method	SFS.UI.MPNKXPODROZEILCR/<>c	ALHKNMPJCHM	SFS.UI.HomeManager/<>c	<ShowUpgradeVersionMenu>b__20_9	0.95	ilhash	-
method	SFS.UI.MPNKXPODROZEILCR/<>c	KONFNACNMEN	SFS.UI.HomeManager/<>c	<ShowUpgradeVersionMenu>b__20_6	0.95	ilhash	-
method	SFS.UI.MPNKXPODROZEILCR/<>c	PLAADAFHHPB	SFS.UI.HomeManager/<>c	<ShowUpgradeVersionMenu>b__20_5	0.95	ilhash	-
method	SFS.UI.MPNKXPODROZEILCR/<>c	HOEKHOEOEKG	SFS.UI.HomeManager/<>c	<Start>b__17_2	0.95	ilhash	-
method	SFS.UI.MPNKXPODROZEILCR/<>c	GNMGLKKOAHO	SFS.UI.HomeManager/<>c	<ShowUpgradeVersionMenu>b__20_4	0.95	ilhash	-
method	SFS.UI.MPNKXPODROZEILCR/<>c	BFCOLNLNAOC	SFS.UI.HomeManager/<>c	<Start>b__17_3	0.95	ilhash	-
method	SFS.UI.MPNKXPODROZEILCR/<>c	MMLIDHBEFMM	SFS.UI.HomeManager/<>c	<ShowUpgradeVersionMenu>b__20_0	0.95	ilhash	-
method	SFS.UI.MPNKXPODROZEILCR/<>c	AGBIECIGLAN	SFS.UI.HomeManager/<>c	<ShowUpgradeVersionMenu>b__20_7	0.95	ilhash	-
method	SFS.UI.MPNKXPODROZEILCR/<>c	FOEPBKACPIC	SFS.UI.HomeManager/<>c	<ShowUpgradeVersionMenu>b__20_2	0.95	ilhash	-
method	SFS.UI.MPNKXPODROZEILCR/<>c	KIFPLEJGFCO	SFS.UI.HomeManager/<>c	<ShowIsNewPlayerMenu>b__19_3	0.95	ilhash	-
method	SFS.UI.MPNKXPODROZEILCR/<>c	DJPGDEGPKME	SFS.UI.HomeManager/<>c	<ShowIsNewPlayerMenu>b__19_1	0.95	ilhash	-
method	SFS.UI.MPNKXPODROZEILCR/<>c	LCDAKKEMMAI	SFS.UI.HomeManager/<>c	<ShowIsNewPlayerMenu>b__19_0	0.95	ilhash	-
method	SFS.UI.MPNKXPODROZEILCR/GMLLGLLDNPK	HOFOFKHFOKI	SFS.UI.HomeManager/<>c__DisplayClass20_1	<ShowUpgradeVersionMenu>b__8	0.95	ilhash	-
method	SFS.UI.MPNKXPODROZEILCR/GMLLGLLDNPK	LMKCFKHEKLB	SFS.UI.HomeManager/<>c__DisplayClass20_1	<ShowUpgradeVersionMenu>b__3	0.95	ilhash	-
method	SFS.UI.MPNKXPODROZEILCR/IDLPFHPFGNN	OCEBNDMPCPB	SFS.UI.HomeManager/<>c__DisplayClass19_0	<ShowIsNewPlayerMenu>b__4	0.95	ilhash	-
method	SFS.UI.MPNKXPODROZEILCR/IDLPFHPFGNN	AKMIDFHNECO	SFS.UI.HomeManager/<>c__DisplayClass19_0	<ShowIsNewPlayerMenu>b__2	0.95	ilhash	-
method	SFS.UI.MPNKXPODROZEILCR/JJFEEFKGBCN	HMPNPMEBKML	SFS.UI.HomeManager/<>c__DisplayClass17_0	<Start>b__1	0.95	ilhash	-
method	SFS.UI.MPNKXPODROZEILCR/JJFEEFKGBCN	CKKPADJGFMI	SFS.UI.HomeManager/<>c__DisplayClass17_0	<Start>g__UpdateBanners|0	0.95	ilhash	-
method	SFS.Builds.MVNXJTFBIVDVLTAY	BDJOHJBODJI	SFS.Builds.PartGizmos	<Start>b__31_1	0.95	ilhash	-
method	SFS.Builds.MVNXJTFBIVDVLTAY	NEDCOFNKFDH	SFS.Builds.PartGizmos	<Start>b__31_5	0.95	ilhash	-
method	SFS.Builds.MVNXJTFBIVDVLTAY	FOALMHIJPIP	SFS.Builds.PartGizmos	EndDrag	0.95	ilhash	-
method	SFS.Builds.MVNXJTFBIVDVLTAY	PLOKAGKKBFA	SFS.Builds.PartGizmos	ApplyToTargets	0.95	ilhash	-
method	SFS.Builds.MVNXJTFBIVDVLTAY	CPNELONPIHH	SFS.Builds.PartGizmos	GetAllTargets	0.95	ilhash	-
method	SFS.Builds.MVNXJTFBIVDVLTAY	KPAJCBIDLHB	SFS.Builds.PartGizmos	UpdateSnapButtons	0.95	ilhash	-
method	SFS.Builds.MVNXJTFBIVDVLTAY	CKKDOOLBHIP	SFS.Builds.PartGizmos	StartDrag	0.50	order-sig	-
method	SFS.Builds.MVNXJTFBIVDVLTAY	KMIHBFGJGGK	SFS.Builds.PartGizmos	OnSelectedChange	0.95	ilhash	-
method	SFS.Builds.MVNXJTFBIVDVLTAY	KKKBJLNOCBF	SFS.Builds.PartGizmos	<Start>b__31_4	0.95	ilhash	-
method	SFS.Builds.MVNXJTFBIVDVLTAY	AMPCMBCFCMD	SFS.Builds.PartGizmos	RecenterPivot	0.50	order-sig	-
method	SFS.Builds.MVNXJTFBIVDVLTAY	JNIKICBJEBB	SFS.Builds.PartGizmos	UpdateOpenState	0.95	ilhash	-
method	SFS.Builds.MVNXJTFBIVDVLTAY	BOOCCIFPHHC	SFS.Builds.PartGizmos	<Start>b__31_2	0.95	ilhash	-
method	SFS.Builds.MVNXJTFBIVDVLTAY	PAMPDBICINC	SFS.Builds.PartGizmos	Move	0.95	ilhash	-
method	SFS.Builds.MVNXJTFBIVDVLTAY	NLBOGHHGADJ	SFS.Builds.PartGizmos	<Start>b__31_3	0.95	ilhash	-
method	SFS.Builds.MVNXJTFBIVDVLTAY	LHEOIFEMNCF	SFS.Builds.PartGizmos	UpdateTargets	0.95	ilhash	-
method	SFS.Builds.MVNXJTFBIVDVLTAY	DLADJMKJGHD	SFS.Builds.PartGizmos	AnchorPivot	0.95	ilhash	-
method	SFS.Builds.MVNXJTFBIVDVLTAY	NIAPNDJALEM	SFS.Builds.PartGizmos	get_MirrorPivot	0.95	ilhash	-
method	SFS.Builds.MVNXJTFBIVDVLTAY	FHMOGPKGGMM	SFS.Builds.PartGizmos	FollowPivot	0.95	ilhash	-
method	SFS.Builds.MVNXJTFBIVDVLTAY	PPOLMCPFIEO	SFS.Builds.PartGizmos	Lift	0.95	ilhash	-
method	SFS.Builds.MVNXJTFBIVDVLTAY	JDHCMPKDLHE	SFS.Builds.PartGizmos	<Start>b__31_0	0.95	ilhash	-
field	SFS.Builds.MVNXJTFBIVDVLTAY	KIBPHBHLGND	SFS.Builds.PartGizmos	targets	0.30	order	I
field	SFS.Builds.MVNXJTFBIVDVLTAY	JMMAJHDJDCH	SFS.Builds.PartGizmos	mirrorTargets	0.30	order	I
field	SFS.Builds.MVNXJTFBIVDVLTAY	PMHGBANCCPC	SFS.Builds.PartGizmos	pivot	0.30	order	I
field	SFS.Builds.MVNXJTFBIVDVLTAY	CFMMENGAMCC	SFS.Builds.PartGizmos	pivotAnchor	0.80	shape	I
field	SFS.Builds.MVNXJTFBIVDVLTAY	FADIBKOELDD	SFS.Builds.PartGizmos	pivotLocal	0.30	order	I
field	SFS.Builds.MVNXJTFBIVDVLTAY	JCPMHKILPAM	SFS.Builds.PartGizmos	dragging	0.30	order	I
field	SFS.Builds.MVNXJTFBIVDVLTAY	MPNEJKCHIFI	SFS.Builds.PartGizmos	lifted	0.30	order	I
field	SFS.Builds.MVNXJTFBIVDVLTAY	EHEOIPGJGLK	SFS.Builds.PartGizmos	blockClose	0.30	order	I
field	SFS.Builds.MVNXJTFBIVDVLTAY	CPHHIACJMGF	SFS.Builds.PartGizmos	xDeltaAccumulator	0.30	order	I
field	SFS.Builds.MVNXJTFBIVDVLTAY	GBEIDMIAHDM	SFS.Builds.PartGizmos	yDeltaAccumulator	0.30	order	I
field	SFS.Builds.MVNXJTFBIVDVLTAY	GCKMKLNIOEE	SFS.Builds.PartGizmos	rotationAccumulator	0.30	order	I
prop	SFS.Builds.MVNXJTFBIVDVLTAY	IOMAJOHHPKL	SFS.Builds.PartGizmos	MoveSnap	0.90	accessor	P
prop	SFS.Builds.MVNXJTFBIVDVLTAY	PGEIIDIMADH	SFS.Builds.PartGizmos	RotateSnap	0.90	accessor	P
method	SFS.Builds.MVNXJTFBIVDVLTAY/<>c	OKLKLFHFIBN	SFS.Builds.PartGizmos/<>c	<ApplyToTargets>b__56_1	0.95	ilhash	-
method	SFS.Builds.MVNXJTFBIVDVLTAY/<>c	LPMADNFIMGD	SFS.Builds.PartGizmos/<>c	<ApplyToTargets>b__56_0	0.95	ilhash	-
method	SFS.Builds.MVNXJTFBIVDVLTAY/<>c	HMGENMIKADA	SFS.Builds.PartGizmos/<>c	<UpdateTargets>b__39_0	0.95	ilhash	-
method	SFS.Builds.MVNXJTFBIVDVLTAY/MCFJIFKGHKI	FKIEDCEFOMF	SFS.Builds.PartGizmos/<>c__DisplayClass51_0	<OnRotateHold>b__0	0.95	ilhash	-
method	SFS.Builds.MVNXJTFBIVDVLTAY/NAKOEHLMHEA	OJGFJGDDHJK	SFS.Builds.PartGizmos/<>c__DisplayClass55_0	<Move>b__0	0.95	ilhash	-
method	SFS.Input.MYBOWLKKXRLJIEUG	HDKJOOGHNEK	SFS.Input.InputManager	<GetMouseInputs>g__ProcessMouseButton|8_0	0.95	ilhash	-
method	SFS.Input.MYBOWLKKXRLJIEUG	IJEIKEGNKBD	SFS.Input.InputManager	InputStart	0.95	ilhash	-
method	SFS.Input.MYBOWLKKXRLJIEUG	LANHIMNBOEN	SFS.Input.InputManager	ApplyZoom	0.95	ilhash	S
method	SFS.Input.MYBOWLKKXRLJIEUG	MBMGNJICKGG	SFS.Input.InputManager	InputStay	0.95	ilhash	-
method	SFS.Input.MYBOWLKKXRLJIEUG	JCMDCGLFNLP	SFS.Input.InputManager	CheckMouseOverState	0.95	ilhash	-
method	SFS.Input.MYBOWLKKXRLJIEUG	PAJJFHEHDPL	SFS.Input.InputManager	GetMouseInputs	0.95	ilhash	-
method	SFS.Input.MYBOWLKKXRLJIEUG	BPIMHIJOADJ	SFS.Input.InputManager	HasMoved	0.95	ilhash	S
method	SFS.Input.MYBOWLKKXRLJIEUG	JCAMBDOHEHG	SFS.Input.InputManager	TouchEnd	0.95	ilhash	-
method	SFS.Input.MYBOWLKKXRLJIEUG	JOAOAHHALGE	SFS.Input.InputManager	ApplyDrag	0.95	ilhash	S
method	SFS.Input.MYBOWLKKXRLJIEUG	MNPCLMNKIMF	SFS.Input.InputManager	GetTouchInputs	0.95	ilhash	-
field	SFS.Input.MYBOWLKKXRLJIEUG	NMFILMIFFMO	SFS.Input.InputManager	onReset	0.80	shape	I
field	SFS.Input.MYBOWLKKXRLJIEUG	JJMDIGPFFOP	SFS.Input.InputManager	state	0.80	shape	I
field	SFS.Input.MYBOWLKKXRLJIEUG	DJOHOGONNNI	SFS.Input.InputManager	mouseOverElement	0.80	shape	I
method	SFS.Input.MYBOWLKKXRLJIEUG/MJHLLONHIKD	GKBHEODFJIL	SFS.Input.InputManager/<>c__DisplayClass15_0	<GetTouchesCountOnElement>b__0	0.95	ilhash	-
method	SFS.World.Terrain.MZALTCQFZNQEFBXW	EIPFDAHMICE	SFS.World.Terrain.TerrainColliderModule	Clear	0.95	ilhash	-
method	SFS.World.Terrain.MZALTCQFZNQEFBXW	DJDIPNIIEFD	SFS.World.Terrain.TerrainColliderModule	<Start>b__3_0	0.95	ilhash	-
method	SFS.World.Terrain.MZALTCQFZNQEFBXW	IGPMIFMIPHG	SFS.World.Terrain.TerrainColliderModule	UpdateChunks	0.95	ilhash	-
field	SFS.World.Terrain.MZALTCQFZNQEFBXW	MONEBNGHPCM	SFS.World.Terrain.TerrainColliderModule	chunkIndexes	0.80	shape	I
method	SFS.World.Terrain.MZALTCQFZNQEFBXW/OFLLJNKKMDJ	AIAPKIPHBMI	SFS.World.Terrain.TerrainColliderModule/<>c__DisplayClass5_0	<UpdateChunks>b__0	0.95	ilhash	-
method	SFS.World.Terrain.MZALTCQFZNQEFBXW/OFLLJNKKMDJ	KLHPHJJCDCK	SFS.World.Terrain.TerrainColliderModule/<>c__DisplayClass5_0	<UpdateChunks>b__1	0.95	ilhash	-
method	SFS.WorldBase.MZJUVJHNUYAVIKBW	LAHCJNEENPK	SFS.WorldBase.PlanetLoader	UnloadSolarSystem	0.95	ilhash	-
method	SFS.WorldBase.MZJUVJHNUYAVIKBW	AMDOMKDKNDB	SFS.WorldBase.PlanetLoader	LoadHeightmaps_Private	0.95	ilhash	S
method	SFS.WorldBase.MZJUVJHNUYAVIKBW	FMFKAFCKMKB	SFS.WorldBase.PlanetLoader	TryLoadHeightmapCustom	0.95	ilhash	S
method	SFS.WorldBase.MZJUVJHNUYAVIKBW	FMDMKKGJAGA	SFS.WorldBase.PlanetLoader	ExportExampleAsync	0.95	ilhash	S
method	SFS.WorldBase.MZJUVJHNUYAVIKBW	MCIJAAFJBDG	SFS.WorldBase.PlanetLoader	CreatePlanets	0.95	ilhash	-
method	SFS.WorldBase.MZJUVJHNUYAVIKBW	BIENLPJOJCM	SFS.WorldBase.PlanetLoader	LoadTextures_Private	0.95	ilhash	S
method	SFS.WorldBase.MZJUVJHNUYAVIKBW	AMKGJBFKPMD	SFS.WorldBase.PlanetLoader	LoadHeightmaps_Public	0.95	ilhash	S
method	SFS.WorldBase.MZJUVJHNUYAVIKBW	EIAKJPLCMHB	SFS.WorldBase.PlanetLoader	LoadSpaceCenter_Public	0.95	ilhash	-
method	SFS.WorldBase.MZJUVJHNUYAVIKBW	HCFOKNONHCJ	SFS.WorldBase.PlanetLoader	LoadPlanets_Private	0.95	ilhash	S
method	SFS.WorldBase.MZJUVJHNUYAVIKBW	DAGIJNNIGHK	SFS.WorldBase.PlanetLoader	TryLoadHeightmapJson	0.95	ilhash	S
method	SFS.WorldBase.MZJUVJHNUYAVIKBW	ONCDGLJCFLL	SFS.WorldBase.PlanetLoader	LoadPlanets_Public	0.95	ilhash	S
method	SFS.WorldBase.MZJUVJHNUYAVIKBW	AOBLCOELELF	SFS.WorldBase.PlanetLoader	<GetAllSolarSystems>g__CollectFromPath|38_0	0.95	ilhash	S
method	SFS.WorldBase.MZJUVJHNUYAVIKBW	LELGLPEBKCL	SFS.WorldBase.PlanetLoader	TryLoadHeightmap	0.95	ilhash	S
method	SFS.WorldBase.MZJUVJHNUYAVIKBW	FBGOPMHFHHE	SFS.WorldBase.PlanetLoader	LoadTextures_Public	0.95	ilhash	S
field	SFS.WorldBase.MZJUVJHNUYAVIKBW	LKDMNBJKHPE	SFS.WorldBase.PlanetLoader	Version_File	0.30	order	S
field	SFS.WorldBase.MZJUVJHNUYAVIKBW	MAPHLJKAMKA	SFS.WorldBase.PlanetLoader	Planet_Data_Version_File	0.30	order	S
field	SFS.WorldBase.MZJUVJHNUYAVIKBW	EKHKHAGOEGL	SFS.WorldBase.PlanetLoader	ImportSetting_File	0.30	order	S
field	SFS.WorldBase.MZJUVJHNUYAVIKBW	PFJLACDFNOD	SFS.WorldBase.PlanetLoader	SpaceCenter_File	0.30	order	S
field	SFS.WorldBase.MZJUVJHNUYAVIKBW	CIMOIMDGOML	SFS.WorldBase.PlanetLoader	Planets_Directory	0.30	order	S
field	SFS.WorldBase.MZJUVJHNUYAVIKBW	GHNHMGMOHLF	SFS.WorldBase.PlanetLoader	Heightmap_Directory	0.30	order	S
field	SFS.WorldBase.MZJUVJHNUYAVIKBW	AFHHGLDEGMI	SFS.WorldBase.PlanetLoader	Textures_Directory	0.30	order	S
method	SFS.WorldBase.MZJUVJHNUYAVIKBW/IOHNKICMHCJ	GONJEPFMCMC	SFS.WorldBase.PlanetLoader/<>c__DisplayClass22_0	<LoadSolarSystem>b__0	0.95	ilhash	-
method	SFS.WorldBase.MZJUVJHNUYAVIKBW/IOHNKICMHCJ	DFKKAMJOKBB	SFS.WorldBase.PlanetLoader/<>c__DisplayClass22_0	<LoadSolarSystem>b__1	0.95	ilhash	-
method	SFS.WorldBase.MZJUVJHNUYAVIKBW/IPKEKHIFEHM	PLHGBPAHBOK	SFS.WorldBase.PlanetLoader/<>c__DisplayClass37_0	<GetSolarSystemsForModsMenu>b__0	0.95	ilhash	-
method	SFS.WorldBase.MZJUVJHNUYAVIKBW/LFKBLBMNMKC	APDGMFPANOL	SFS.WorldBase.PlanetLoader/<>c__DisplayClass21_0	<ExportExampleAsync>b__0	0.95	ilhash	-
method	SFS.Parts.Modules.MagnetModule	GMKLINFJACI	SFS.Parts.Modules.MagnetModule	GetDictionary	0.95	ilhash	S
method	SFS.Parts.Modules.MagnetModule	GBNJLPFBKIK	SFS.Parts.Modules.MagnetModule	<UpdateOccupied>g__GetOccupied|4_0	0.95	ilhash	S
method	SFS.Parts.Modules.MagnetModule	BNEHFIJDHEH	SFS.Parts.Modules.MagnetModule	<GetSnapPointsWorld>b__2_0	0.95	ilhash	-
field	SFS.Parts.Modules.MagnetModule	DLHHIFEGMIH	SFS.Parts.Modules.MagnetModule	Range	0.80	shape	S
method	SFS.Parts.Modules.MassModule	MMOLIPGMCNH	SFS.Parts.Modules.MassModule	RecalculateMass	0.95	ilhash	-
method	SFS.Parts.Modules.MassModule	COJODFGGNIF	SFS.Parts.Modules.MassModule	I_InitializePartModule.get_Priority	0.95	ilhash	VN
method	SFS.Parts.Modules.MassModule	KDCLJGPMJGB	SFS.Parts.Modules.MassModule	GetArea	0.95	ilhash	-
method	SFS.Parts.Modules.MassModule	BOGBFJLCIGC	SFS.Parts.Modules.MassModule	I_InitializePartModule.Initialize	0.95	ilhash	VN
method	SFS.Parts.Mass_Calculator	HGJJCCGFKAP	SFS.Parts.Mass_Calculator	Calculate	0.95	ilhash	-
method	SFS.Parts.Mass_Calculator	DBJJEFAHMOF	SFS.Parts.Mass_Calculator	<Start>b__1_1	0.95	ilhash	-
method	SFS.Parts.Mass_Calculator	MBOBGDHMACN	SFS.Parts.Mass_Calculator	<Start>b__1_0	0.95	ilhash	-
method	SFS.Parts.Mass_Calculator	CCDFDDEELBH	SFS.Parts.Mass_Calculator	MarkDirty	0.95	ilhash	-
field	SFS.Parts.Mass_Calculator	KIIIGMOLELO	SFS.Parts.Mass_Calculator	dirty	0.80	shape	I
field	SFS.Parts.Mass_Calculator	JNBMMEFGMKE	SFS.Parts.Mass_Calculator	mass	0.80	shape	I
field	SFS.Parts.Mass_Calculator	JGKDEGLAPFK	SFS.Parts.Mass_Calculator	centerOfMass	0.80	shape	I
method	SFS.Parts.Modules.MathModule	NDOBPBOHIEP	SFS.Parts.Modules.MathModule	RegisterAll	0.95	ilhash	-
method	SFS.Parts.Modules.MathModule/BooleanComparisonCalculator	CDKJJPPKLDL	SFS.Parts.Modules.MathModule/BooleanComparisonCalculator	Register	0.95	ilhash	P
method	SFS.Parts.Modules.MathModule/BooleanComparisonCalculator	CHGNHBKDCNN	SFS.Parts.Modules.MathModule/BooleanComparisonCalculator	OnChange	0.95	ilhash	-
method	SFS.Parts.Modules.MathModule/BooleanOperatorCalculator	CHGNHBKDCNN	SFS.Parts.Modules.MathModule/BooleanOperatorCalculator	OnChange	0.95	ilhash	-
method	SFS.Parts.Modules.MathModule/BooleanOperatorCalculator	CDKJJPPKLDL	SFS.Parts.Modules.MathModule/BooleanOperatorCalculator	Register	0.95	ilhash	P
method	SFS.Parts.Modules.MathModule/NumericCalculator	CDKJJPPKLDL	SFS.Parts.Modules.MathModule/NumericCalculator	Register	0.95	ilhash	P
method	SFS.Parts.Modules.MathModule/NumericCalculator/NDBOHBNKIPK	MNBLLPOKJFL	SFS.Parts.Modules.MathModule/NumericCalculator/<>c__DisplayClass2_0	<Register>g__OnChange|0	0.95	ilhash	-
method	SFS.Parts.Modules.ModelColliderModule	HNBMBICKNMC	SFS.Parts.Modules.ModelColliderModule	Point	0.95	ilhash	S
method	SFS.Parts.Modules.ModelColliderModule	COJODFGGNIF	SFS.Parts.Modules.ModelColliderModule	I_InitializePartModule.get_Priority	0.95	ilhash	VN
method	SFS.Parts.Modules.ModelColliderModule	GFDKKACLNPN	SFS.Parts.Modules.ModelColliderModule	Barycentric	0.95	ilhash	S
method	SFS.Parts.Modules.ModelColliderModule	BOGBFJLCIGC	SFS.Parts.Modules.ModelColliderModule	I_InitializePartModule.Initialize	0.95	ilhash	VN
method	SFS.Parts.Modules.ModelColliderModule	EHDIGJCCGPL	SFS.Parts.Modules.ModelColliderModule	BuildOutline	0.50	order-sig	-
method	SFS.Parts.Modules.ModelColliderModule	BBPLIOCNPKL	SFS.Parts.Modules.ModelColliderModule	LargestLoop	0.50	order-sig	-
method	SFS.Parts.Modules.ModelColliderModule	BDMLDGKMLDE	SFS.Parts.Modules.ModelColliderModule	Simplify	0.95	ilhash	S
method	SFS.Parts.Modules.ModelColliderModule	HPHGINHMDGH	SFS.Parts.Modules.ModelColliderModule	LoopArea	0.95	ilhash	S
method	SFS.Parts.Modules.ModelColliderModule	EFFPENBFKDH	SFS.Parts.Modules.ModelColliderModule	get_OwnEngineNozzle	0.95	ilhash	V
method	SFS.Parts.Modules.ModelColliderModule	OOPLDNLLPBO	SFS.Parts.Modules.ModelColliderModule	DistanceToSegmentSqr	0.95	ilhash	S
field	SFS.Parts.Modules.ModelColliderModule	LEKFJBIPDJJ	SFS.Parts.Modules.ModelColliderModule	Scale	0.80	shape	S
method	SFS.Parts.Modules.ModelColliderModule/<>c	GJHANNILHIO	SFS.Parts.Modules.ModelColliderModule/<>c	<BuildOutline>b__16_0	0.95	ilhash	-
method	SFS.Parts.Modules.ModelColliderModule/<>c	NKJOKFGLPLN	SFS.Parts.Modules.ModelColliderModule/<>c	<ComputeOutline>b__13_0	0.95	ilhash	-
method	SFS.Parts.Modules.ModelColliderModule/<>c	HDIJKDLEHMA	SFS.Parts.Modules.ModelColliderModule/<>c	<Simplify>b__19_1	0.95	ilhash	-
method	SFS.Parts.Modules.ModelColliderModule/CLOIHDJNGLG	EHGLFAABJBC	SFS.Parts.Modules.ModelColliderModule/<>c__DisplayClass19_0	<Simplify>b__2	0.95	ilhash	-
method	SFS.Parts.Modules.ModelColliderModule/CLOIHDJNGLG	DAJLMIBJLGN	SFS.Parts.Modules.ModelColliderModule/<>c__DisplayClass19_0	<Simplify>b__0	0.95	ilhash	-
method	SFS.Parts.Modules.ModelSetup2D	JHMMFDEDBFN	SFS.Parts.Modules.ModelSetup2D	ApplyDepth	0.95	ilhash	-
method	SFS.Parts.Modules.ModelSetup2D	COJODFGGNIF	SFS.Parts.Modules.ModelSetup2D	I_InitializePartModule.get_Priority	0.95	ilhash	VN
method	SFS.Parts.Modules.ModelSetup2D	BOGBFJLCIGC	SFS.Parts.Modules.ModelSetup2D	I_InitializePartModule.Initialize	0.95	ilhash	VN
field	SFS.Parts.Modules.ModelSetup2D	MNNHBCHMPIC	SFS.Parts.Modules.ModelSetup2D	sortingLayer	0.80	shape	I
method	SFS.Parts.Modules.ModelSetup2D/ONDNBJGGLBN	MNMLAAEGIIP	SFS.Parts.Modules.ModelSetup2D/<>c__DisplayClass4_0	<GetRenderers>b__0	0.95	ilhash	-
method	SFS.Parts.Modules.MoveData	DMODHCEBLNP	SFS.Parts.Modules.MoveData	ShowGradient	0.95	ilhash	-
method	SFS.Parts.Modules.MoveData	EMLOIOJPKFA	SFS.Parts.Modules.MoveData	ShowImage	0.95	ilhash	-
method	SFS.Parts.Modules.MoveData	MHGNAOKKCFM	SFS.Parts.Modules.MoveData	ShowSpriteRenderer	0.95	ilhash	-
method	SFS.Parts.Modules.MoveData	OKIPKDHMMCJ	SFS.Parts.Modules.MoveData	ShowCurveY	0.95	ilhash	-
method	SFS.Parts.Modules.MoveData	GHJBGAJGEKL	SFS.Parts.Modules.MoveData	ShowCurveX	0.95	ilhash	-
method	SFS.Parts.Modules.MoveData	AJBBBLFDNLF	SFS.Parts.Modules.MoveData	ShowTransform	0.95	ilhash	-
method	SFS.Parts.Modules.MoveData	EAGFKAEHCDG	SFS.Parts.Modules.MoveData	ShowAudio	0.95	ilhash	-
method	SFS.Parts.Modules.MoveModule	CKLDCHMKPJC	SFS.Parts.Modules.MoveModule	ApplyAnimation	0.95	ilhash	-
method	SFS.Parts.Modules.MoveModule	BOGBFJLCIGC	SFS.Parts.Modules.MoveModule	I_InitializePartModule.Initialize	0.95	ilhash	VN
method	SFS.Parts.Modules.MoveModule	GMMDKFKKNME	SFS.Parts.Modules.MoveModule	<Start>b__9_0	0.95	ilhash	-
method	SFS.Parts.Modules.MoveModule	COJODFGGNIF	SFS.Parts.Modules.MoveModule	I_InitializePartModule.get_Priority	0.95	ilhash	VN
field	SFS.Parts.Modules.MoveModule	LFBIFEGLGOP	SFS.Parts.Modules.MoveModule	initialized	0.80	shape	I
method	SFS.Parts.Modules.MovingMassModule	HLPHGMOLNGF	SFS.Parts.Modules.MovingMassModule	Set	0.95	ilhash	-
prop	SFS.Parts.Modules.MovingMassModule	JILLOPBCKEJ	SFS.Parts.Modules.MovingMassModule	Priority	0.90	accessor	P
method	SFS.Parts.Modules.MultiStepToggleSequenceModule	BFMBBAFCLGK	SFS.Parts.Modules.MultiStepToggleSequenceModule	get_CanActivate	0.95	ilhash	-
method	SFS.Parts.Modules.MultiStepToggleSequenceModule	HNELEEEJGLB	SFS.Parts.Modules.MultiStepToggleSequenceModule	get_Index	0.95	ilhash	-
method	SFS.Audio.MusicPlaylist	HFPEPCLDEOL	SFS.Audio.MusicPlaylist	GetStartTrack	0.95	ilhash	P
method	SFS.Audio.MusicPlaylist	CLINJNEMDJJ	SFS.Audio.MusicPlaylist	GetRandomTrack	0.95	ilhash	P
method	NACEACEHDDN	BOIJIKDPENP	SFS.UI.ModGUI.TextInput	set_OnChange	0.95	ilhash	P
method	NACEACEHDDN	HDNLMLHNKNL	SFS.UI.ModGUI.TextInput	get_FieldOpacity	0.95	ilhash	P
method	NACEACEHDDN	BFLHPDLFDDJ	SFS.UI.ModGUI.TextInput	set_FieldOpacity	0.95	ilhash	P
method	NACEACEHDDN	EHCLPALLJJM	SFS.UI.ModGUI.TextInput	set_Text	0.95	ilhash	P
method	NACEACEHDDN	EJDMNLKNMAH	SFS.UI.ModGUI.TextInput	get_Text	0.95	ilhash	P
method	NACEACEHDDN	DKBNFPLGCEF	SFS.UI.ModGUI.TextInput	set_FieldColor	0.95	ilhash	P
method	NACEACEHDDN	FEFNDLOFBNP	SFS.UI.ModGUI.TextInput	get_FieldColor	0.95	ilhash	P
method	NACEACEHDDN	FPAEGPEPKHA	SFS.UI.ModGUI.TextInput	Init	0.95	ilhash	VP
method	NACEACEHDDN	GCHPKOCKPKN	SFS.UI.ModGUI.TextInput	get_OnChange	0.95	ilhash	P
field	NACEACEHDDN	KOPDOHGINFF	SFS.UI.ModGUI.TextInput	_backTranslucentImage	0.80	shape	I
field	NACEACEHDDN	EFINBFBFBJG	SFS.UI.ModGUI.TextInput	_onChange	0.80	shape	I
field	NACEACEHDDN	JBLHGODDMCG	SFS.UI.ModGUI.TextInput	field	0.80	shape	I
method	SFS.UI.NAWTSUQBGIGMKXFF	FPAEGPEPKHA	SFS.UI.TextAdapter	Init	0.95	ilhash	-
field	SFS.UI.NAWTSUQBGIGMKXFF	FAGGMKPGOIF	SFS.UI.TextAdapter	UnityText	0.80	shape	I
field	SFS.UI.NAWTSUQBGIGMKXFF	NPKKNBLOJIK	SFS.UI.TextAdapter	TMProText	0.80	shape	I
field	SFS.UI.NAWTSUQBGIGMKXFF	BPFGALAFHHC	SFS.UI.TextAdapter	isInit	0.80	shape	I
prop	SFS.UI.NAWTSUQBGIGMKXFF	OKPKMJPLJCG	SFS.UI.TextAdapter	Text	0.90	accessor	P
prop	SFS.UI.NAWTSUQBGIGMKXFF	CKPFMLGKMAB	SFS.UI.TextAdapter	Color	0.90	accessor	P
method	NBFNLGIDCNL	BLGGBBALLJC	Clipper2Lib.Clipper64	AddPaths	0.95	ilhash	-
method	NBFNLGIDCNL	NNPFFEAGLBP	Clipper2Lib.Clipper64	Execute	0.95	ilhash	P
method	NBFNLGIDCNL	ILMCKJJDCLA	Clipper2Lib.Clipper64	AddReuseableData	0.95	ilhash	P
method	NBFNLGIDCNL	BPOPFCIPKCH	Clipper2Lib.Clipper64	AddPath	0.95	ilhash	-
method	NBFNLGIDCNL	BJCJCCFABGM	Clipper2Lib.Clipper64	AddSubject	0.95	ilhash	P
method	NBFNLGIDCNL	ACIBHOIGPOO	Clipper2Lib.Clipper64	AddOpenSubject	0.95	ilhash	P
method	NBFNLGIDCNL	PHLMJEACAGE	Clipper2Lib.Clipper64	AddClip	0.95	ilhash	P
method	NBJKLYOUQIDBYQRT	LJNMJHIEKAJ	SteamManager	SteamAPIDebugTextHook	0.95	ilhash	S
method	NBJKLYOUQIDBYQRT	KAGJPCODIJK	SteamManager	get_Instance	0.95	ilhash	S
field	NBJKLYOUQIDBYQRT	DJOPEACDFEP	SteamManager	s_EverInitialized	0.80	shape	S
field	NBJKLYOUQIDBYQRT	EOOHCDIIDJB	SteamManager	s_instance	0.80	shape	S
field	NBJKLYOUQIDBYQRT	HOECKGBMLPF	SteamManager	m_bInitialized	0.80	shape	I
field	NBJKLYOUQIDBYQRT	JAOBOGIMAEH	SteamManager	m_SteamAPIWarningMessageHook	0.80	shape	I
prop	NBJKLYOUQIDBYQRT	MLFIADHAMHB	SteamManager	Initialized	0.90	accessor	P
method	NDGLIGFJOKD	AKCPOAEDKGI	SFS.UV_Utility	UV	0.95	ilhash	SP
method	NDGLIGFJOKD	NHFKNHHDFPF	SFS.UV_Utility	Get_UV_InQuad	0.95	ilhash	SP
method	NDGLIGFJOKD	NJCBEFBHIIA	SFS.UV_Utility	GetQuadM	0.95	ilhash	SP
method	NECIMDILADN	MIDFAKKNMHF	SFS.UI.TextBuilder	OnCreated	0.95	ilhash	V
method	NECIMDILADN	EFGAAAHCEOA	SFS.UI.TextBuilder	CreateText	0.95	ilhash	SP
field	NECIMDILADN	BCOBNOPPEFC	SFS.UI.TextBuilder	text	0.80	shape	I
method	NEHCMKKMCKP	IDPGLMFECJI	Math_Utility	NormalizePositiveAngleRadians	0.95	ilhash	SP
method	NEHCMKKMCKP	PPOILDBDJLP	Math_Utility	NormalizePositiveAngleDegrees	0.95	ilhash	SP
method	NEHCMKKMCKP	BBLNGEGFNAG	Math_Utility	NormalizeAngleDegrees	0.95	ilhash	SP
method	NEHCMKKMCKP	PBBBBJODMOH	Math_Utility	GetRectOverreach	0.95	ilhash	SP
method	NEHCMKKMCKP	EOFALADONMK	Math_Utility	AngleRadians	0.95	ilhash	SP
method	NEHCMKKMCKP	HIOKGBABLAA	Math_Utility	Round	0.95	ilhash	SP
method	NEHCMKKMCKP	HKHBKPNACON	Math_Utility	IsClockwise	0.95	ilhash	SP
method	NEHCMKKMCKP	ODCNEEGAFKF	Math_Utility	InArea	0.95	ilhash	SP
method	NEHCMKKMCKP	NNAFAHLFLPO	Math_Utility	GetClosestPointOnLine	0.95	ilhash	SP
method	NEHCMKKMCKP	OMKMOHLFLGH	Math_Utility	Clamp01	0.95	ilhash	SP
method	NEHCMKKMCKP	JEBJDILGFIE	Math_Utility	Lerp	0.95	ilhash	SP
method	NEHCMKKMCKP	PGIILACFJKD	Math_Utility	AngleDegrees	0.95	ilhash	SP
method	NEHCMKKMCKP	HNMILIOLLIH	Math_Utility	DegreesToRadians	0.95	ilhash	SP
method	NEHCMKKMCKP	GLOGCJNKGKB	Math_Utility	InverseLerp	0.95	ilhash	SP
method	NEHCMKKMCKP	GIMBKFMPPEM	Math_Utility	GetLineIntersection	0.95	ilhash	SP
method	NEHCMKKMCKP	DOHHGAJHIMH	Math_Utility	Floor_ForNavigation	0.95	ilhash	SP
method	NEHCMKKMCKP	EABIHFCJJEO	Math_Utility	InverseLerpUnclamped	0.95	ilhash	SP
method	NEHCMKKMCKP	DEOFFKEKNNA	Math_Utility	Round_Anchor	0.95	ilhash	SP
method	NEHCMKKMCKP	GFFDFPBHGMK	Math_Utility	Clamp	0.95	ilhash	SP
method	NEHCMKKMCKP	KAOJHOEGOAO	Math_Utility	GetFitsTime	0.95	ilhash	SP
method	NEHCMKKMCKP	BFHFLBHGIEH	Math_Utility	ToVector3	0.95	ilhash	SP
method	NEHCMKKMCKP	MIEKNLJBJPE	Math_Utility	IsInsideRange	0.95	ilhash	SP
method	NEIPPNAAIGH	FPAEGPEPKHA	SFS.UI.ModGUI.Container	Init	0.95	ilhash	VP
method	NEIPPNAAIGH	GLJIHFLLDNM	SFS.UI.ModGUI.Container	CreateLayoutGroup	0.95	ilhash	P
method	NFCOOHKAONE	IHOCFLIDNFP	SFS.Translations.Group	get_Name	0.95	ilhash	P
field	NFCOOHKAONE	<GECKCNDLCAP>k__BackingField	SFS.Translations.Group	<Name>k__BackingField	0.80	shape	I
field	NFCOOHKAONE	MADIIIIDMAJ	SFS.Translations.Group	hasSubs	0.80	shape	I
field	NFCOOHKAONE	CDMGOLGFONG	SFS.Translations.Group	subExports	0.80	shape	I
method	NFDLPIAACOI	NINDHNIKJIK	SFS.Navigation.Intersection	GetNormal	0.95	ilhash	S
method	NFDLPIAACOI	HEGBNNLCCIE	SFS.Navigation.Intersection	Intersects	0.95	ilhash	SP
method	NFDLPIAACOI	GCHLAPIFNBP	SFS.Navigation.Intersection	GetIntersectionAngles	0.95	ilhash	SP
method	NFDLPIAACOI	NMHOFCEPHDA	SFS.Navigation.Intersection	GetHeightDifferenceAtAngle	0.95	ilhash	SP
method	NFDLPIAACOI	FCGPCPPLJBB	SFS.Navigation.Intersection	GetIntersectionAngle	0.95	ilhash	SP
method	NFDLPIAACOI	GOBGOPDENJF	SFS.Navigation.Intersection	GetMinHeightDiff	0.95	ilhash	SP
method	NGJFJMGMHGM	JCFKIHNDGGG	Clipper2Lib.OutRecPoolList	Add	0.95	ilhash	P
method	NGJFJMGMHGM	EIPFDAHMICE	Clipper2Lib.OutRecPoolList	Clear	0.95	ilhash	VP
field	NGJFJMGMHGM	MHFCOJMNPJP	Clipper2Lib.OutRecPoolList	tombStone	0.80	shape	S
method	NIHGJJAKMOM	ACKAFJKJJGL	Clipper2Lib.InternalClipper	CrossProduct	0.95	ilhash	S
method	NIHGJJAKMOM	DHEALOCBLLI	Clipper2Lib.InternalClipper	IsCollinear	0.95	ilhash	S
method	NIHGJJAKMOM	LDIILHKEKMF	Clipper2Lib.InternalClipper	GetLineIntersectPt	0.95	ilhash	SP
method	NIHGJJAKMOM	OKNFKDNPHNK	Clipper2Lib.InternalClipper	MultiplyUInt64	0.95	ilhash	SP
method	NIHGJJAKMOM	BJIKFDFNNEL	Clipper2Lib.InternalClipper	DotProduct	0.95	ilhash	S
method	NIHGJJAKMOM	HIIMCDDEELA	Clipper2Lib.InternalClipper	CrossProductSign	0.95	ilhash	SP
method	NIHGJJAKMOM	MKNCFMLGGMI	Clipper2Lib.InternalClipper	GetBounds	0.95	ilhash	SP
method	NIHGJJAKMOM	ONLCGAFDNIP	Clipper2Lib.InternalClipper	ProductsAreEqual	0.95	ilhash	S
method	NIHGJJAKMOM	KPBIJHMBLJH	Clipper2Lib.InternalClipper	PointInPolygon	0.95	ilhash	SP
method	NIHGJJAKMOM	ACIKPLFOHGC	Clipper2Lib.InternalClipper	IsAlmostZero	0.95	ilhash	S
method	NIHGJJAKMOM	IMIJKFFHAAB	Clipper2Lib.InternalClipper	CheckCastInt64	0.95	ilhash	S
method	NIHGJJAKMOM	AIFKDIEKJAB	Clipper2Lib.InternalClipper	TriSign	0.95	ilhash	S
method	NIHGJJAKMOM	LOKGOLIMELI	Clipper2Lib.InternalClipper	SegsIntersect	0.95	ilhash	S
method	NIHGJJAKMOM	FJFAMKKHPHC	Clipper2Lib.InternalClipper	GetClosestPtOnSegment	0.95	ilhash	SP
method	NIHGJJAKMOM	FOPFGMCJLBI	Clipper2Lib.InternalClipper	Path2ContainsPath1	0.95	ilhash	SP
method	NIHGJJAKMOM	HMLAGEHCJNO	Clipper2Lib.InternalClipper	CheckPrecision	0.95	ilhash	S
field	NIHGJJAKMOM	JHHIJHKDOCN	Clipper2Lib.InternalClipper	MaxInt64	0.30	order	S
field	NIHGJJAKMOM	OMBJMPGDDPP	Clipper2Lib.InternalClipper	MaxCoord	0.30	order	S
field	NIHGJJAKMOM	AHKDFHBIONJ	Clipper2Lib.InternalClipper	max_coord	0.30	order	S
field	NIHGJJAKMOM	NLJCLHBHKDL	Clipper2Lib.InternalClipper	min_coord	0.30	order	S
field	NIHGJJAKMOM	MGDHCLMAHPO	Clipper2Lib.InternalClipper	Invalid64	0.30	order	S
field	NIHGJJAKMOM	DLIKPBNDNGE	Clipper2Lib.InternalClipper	floatingPointTolerance	0.30	order	S
field	NIHGJJAKMOM	CGFGEBHGPHP	Clipper2Lib.InternalClipper	defaultMinimumEdgeLength	0.30	order	S
field	NIHGJJAKMOM	IPBJHJDHEPD	Clipper2Lib.InternalClipper	precision_range_error	0.80	shape	S
field	NIHGJJAKMOM/BDBGADIECJC	JPFDHKNOPOJ	Clipper2Lib.InternalClipper/UInt128Struct	lo64	0.30	order	I
field	NIHGJJAKMOM/BDBGADIECJC	LMEMLKEHEPG	Clipper2Lib.InternalClipper/UInt128Struct	hi64	0.30	order	I
method	SFS.NJDZBWHDVKFXZSES	PIJNBFIMILC	SFS.RenderSortingModule	SetRenderQueue	0.95	ilhash	-
method	SFS.NJDZBWHDVKFXZSES	JFKOHAJCMEA	SFS.RenderSortingModule	SetDepth	0.95	ilhash	-
method	SFS.NJDZBWHDVKFXZSES	FLBBDGBLICG	SFS.RenderSortingModule	GetLayers	0.95	ilhash	-
field	SFS.NJDZBWHDVKFXZSES	GIPDINMLOKO	SFS.RenderSortingModule	Depth	0.80	shape	S
method	NKLJFHOFFEJ	FPAEGPEPKHA	SFS.UI.ModGUI.Toggle	Init	0.95	ilhash	VP
method	NKLJFHOFFEJ	FDFIKAHEIDD	SFS.UI.ModGUI.Toggle	set_Size	0.95	ilhash	VP
method	NKLJFHOFFEJ	MPALHPJGLJJ	SFS.UI.ModGUI.Toggle	get_Size	0.95	ilhash	VP
field	NKLJFHOFFEJ	AIADGEBAGCM	SFS.UI.ModGUI.Toggle	toggleButton	0.80	shape	I
method	NMZHTLSGGZFBJHIA	OEBOCCBPLOL	SDWebImageDownloader	HandleOperationsQueueUpdate	0.95	ilhash	-
method	NMZHTLSGGZFBJHIA	EMPDPFNECKL	SDWebImageDownloader	TrackDownloadProgress	0.95	ilhash	-
method	NMZHTLSGGZFBJHIA	FBEHMINOOPO	SDWebImageDownloader	RemoveOperationFromQueue	0.95	ilhash	-
method	NMZHTLSGGZFBJHIA	IPNKPMKFJHO	SDWebImageDownloader	GetOperationsWithPredicate	0.95	ilhash	-
method	NMZHTLSGGZFBJHIA	KAMGCEAPJNP	SDWebImageDownloader	InternalDownloadImageWithURL	0.95	ilhash	-
method	NMZHTLSGGZFBJHIA	CMFIIAKBBCM	SDWebImageDownloader	AddOperationToQueue	0.95	ilhash	-
method	NMZHTLSGGZFBJHIA	ELNDGKFNECC	SDWebImageDownloader	RemoveOldInstanceOperationsFromQueue	0.95	ilhash	-
method	NMZHTLSGGZFBJHIA	KJCNBDKMEDO	SDWebImageDownloader	IsURLValid	0.95	ilhash	-
field	NMZHTLSGGZFBJHIA	PIBKGBAILEA	SDWebImageDownloader	maxConcurrentDownloads	0.80	shape	I
field	NMZHTLSGGZFBJHIA	EPEMHDKELNE	SDWebImageDownloader	operationsQueue	0.80	shape	I
method	NMZHTLSGGZFBJHIA/<>c	LNLBGJFBAIJ	SDWebImageDownloader/<>c	<HandleOperationsQueueUpdate>b__9_2	0.95	ilhash	-
method	NMZHTLSGGZFBJHIA/<>c	FKKIGLLFLLH	SDWebImageDownloader/<>c	<HandleOperationsQueueUpdate>b__9_1	0.95	ilhash	-
method	NMZHTLSGGZFBJHIA/<>c	OBLPFOBFAIC	SDWebImageDownloader/<>c	<HandleOperationsQueueUpdate>b__9_0	0.95	ilhash	-
method	NMZHTLSGGZFBJHIA/EGCBPAFGCFO	EJPLLOGOMKM	SDWebImageDownloader/<>c__DisplayClass2_0	<DownloadImageWithURL>b__0	0.95	ilhash	-
method	NMZHTLSGGZFBJHIA/HEMFLDHLHLP	AFNMNGDGNHK	SDWebImageDownloader/<>c__DisplayClass6_0	<RemoveOldInstanceOperationsFromQueue>b__0	0.95	ilhash	-
method	NMZHTLSGGZFBJHIA/JHNIIMLNMMJ	AADNIOIBLCC	SDWebImageDownloader/<InternalDownloadImageWithURL>d__3	<>m__Finally1	0.95	ilhash	-
method	NMZHTLSGGZFBJHIA/PCEKLFABODM	NHINFKNHAKJ	SDWebImageDownloader/<>c__DisplayClass3_0	<InternalDownloadImageWithURL>b__0	0.95	ilhash	-
method	NOCMGHPIBCP	BMNMBMAHCNJ	SFS.UI.MenuGenerator	OpenConfirmationAsync	0.95	ilhash	SP
method	NOCMGHPIBCP	BAMGICPFHPM	SFS.UI.MenuGenerator	ShowChoices	0.95	ilhash	SP
method	NOCMGHPIBCP	LNCGIHJPPAK	SFS.UI.MenuGenerator	CreateMenu	0.95	ilhash	SP
method	NOCMGHPIBCP	HMBPJINJIDP	SFS.UI.MenuGenerator	OpenConfirmation	0.95	ilhash	SP
method	NOCMGHPIBCP	HPBAHGANELO	SFS.UI.MenuGenerator	AskOverwrite	0.95	ilhash	SP
method	NOCMGHPIBCP	GFBJJILPKJH	SFS.UI.MenuGenerator	OpenMenu	0.95	ilhash	SP
method	NOCMGHPIBCP/<>c	EIOFFNPFJJN	SFS.UI.MenuGenerator/<>c	<OpenMenu>b__5_1	0.95	ilhash	-
method	NOCMGHPIBCP/<>c	KDMJKEIFNKP	SFS.UI.MenuGenerator/<>c	<OpenConfirmation>b__2_0	0.95	ilhash	-
method	NOCMGHPIBCP/<>c	CHGIELOBKHE	SFS.UI.MenuGenerator/<>c	<OpenMenu>b__5_0	0.95	ilhash	-
method	NOCMGHPIBCP/<>c	CFJCICIJEKA	SFS.UI.MenuGenerator/<>c	<AskOverwrite>b__3_0	0.95	ilhash	-
method	NOCMGHPIBCP/<>c	LDHLKAJNHBM	SFS.UI.MenuGenerator/<>c	<ShowChoices>b__4_2	0.95	ilhash	-
method	NOCMGHPIBCP/<>c	CHIIJBODDEI	SFS.UI.MenuGenerator/<>c	<ShowChoices>b__4_1	0.95	ilhash	-
method	NOCMGHPIBCP/<>c	LFMHBPHNAOG	SFS.UI.MenuGenerator/<>c	<AskOverwrite>b__3_1	0.95	ilhash	-
method	NOCMGHPIBCP/<>c	CNLLCGIDLFL	SFS.UI.MenuGenerator/<>c	<OpenConfirmationAsync>b__1_1	0.95	ilhash	-
method	NOCMGHPIBCP/<>c	IFBIGKKBOIK	SFS.UI.MenuGenerator/<>c	<OpenConfirmationAsync>b__1_0	0.95	ilhash	-
method	NOCMGHPIBCP/<>c	KGKCPIOLFKB	SFS.UI.MenuGenerator/<>c	<OpenConfirmation>b__0_3	0.95	ilhash	-
method	NOCMGHPIBCP/<>c	BFFEFOEDMMO	SFS.UI.MenuGenerator/<>c	<OpenConfirmation>b__0_1	0.95	ilhash	-
method	NOCMGHPIBCP/<>c	KKGNPKKMDDE	SFS.UI.MenuGenerator/<>c	<OpenConfirmation>b__0_0	0.95	ilhash	-
method	NOCMGHPIBCP/<>c	EMAFCNCIBBC	SFS.UI.MenuGenerator/<>c	<OpenConfirmationAsync>b__1_3	0.95	ilhash	-
method	NOCMGHPIBCP/<>c	MJIDEKKDNMB	SFS.UI.MenuGenerator/<>c	<OpenConfirmation>b__0_2	0.95	ilhash	-
method	NOCMGHPIBCP/BKJDNNJGOCA	DBEAAJKBECH	SFS.UI.MenuGenerator/<>c__DisplayClass1_0	<OpenConfirmationAsync>b__4	0.95	ilhash	-
method	NOCMGHPIBCP/BKJDNNJGOCA	NDBHIEPNCKC	SFS.UI.MenuGenerator/<>c__DisplayClass1_0	<OpenConfirmationAsync>b__2	0.95	ilhash	-
method	NOCMGHPIBCP/MLEHNFPBHFK	LEAAFAHFFFD	SFS.UI.MenuGenerator/<>c__DisplayClass4_0	<ShowChoices>b__0	0.95	ilhash	-
method	SFS.UI.NOUSNNVFISCGDJGR	LIEEOGOJEPG	SFS.UI.SliderText	valueChanged	0.95	ilhash	-
method	NPCKLPNGDON	NBPIGHJJCGB	SFS.UI.ModGUI.Button	get_OnClick	0.95	ilhash	P
method	NPCKLPNGDON	FPAEGPEPKHA	SFS.UI.ModGUI.Button	Init	0.95	ilhash	VP
method	NPCKLPNGDON	OBEILPDIPAM	SFS.UI.ModGUI.Button	set_OnClick	0.95	ilhash	P
method	NPCKLPNGDON	IGGMDIEMOKE	SFS.UI.ModGUI.Button	set_TextOpacity	0.95	ilhash	P
method	NPCKLPNGDON	KHKMCHIPKNJ	SFS.UI.ModGUI.Button	set_TextColor	0.95	ilhash	P
method	NPCKLPNGDON	ONGBALLNGKK	SFS.UI.ModGUI.Button	get_TextColor	0.95	ilhash	P
method	NPCKLPNGDON	GBIBPPNGCBG	SFS.UI.ModGUI.Button	get_TextOpacity	0.95	ilhash	P
method	NPCKLPNGDON	EJDMNLKNMAH	SFS.UI.ModGUI.Button	get_Text	0.95	ilhash	P
method	NPCKLPNGDON	EHCLPALLJJM	SFS.UI.ModGUI.Button	set_Text	0.95	ilhash	P
field	NPCKLPNGDON	NEMJIBGJJJG	SFS.UI.ModGUI.Button	_button	0.30	order	I
field	NPCKLPNGDON	BDHHFOEIEOL	SFS.UI.ModGUI.Button	_onClick	0.80	shape	I
field	NPCKLPNGDON	BCLEBPIKMJE	SFS.UI.ModGUI.Button	_textAdapter	0.30	order	I
method	NPMFGAPMBHO	NDNLMLAJHDG	SFS.UI.ModGUI.Slider	set_GetValueWithUnit	0.95	ilhash	P
method	NPMFGAPMBHO	OALILIBMBNC	SFS.UI.ModGUI.Slider	set_Value	0.95	ilhash	P
method	NPMFGAPMBHO	FPAEGPEPKHA	SFS.UI.ModGUI.Slider	Init	0.95	ilhash	VP
method	NPMFGAPMBHO	HAEOKJCGGBJ	SFS.UI.ModGUI.Slider	set_OnSliderChanged	0.95	ilhash	P
method	NPMFGAPMBHO	LDNGBDLPKCH	SFS.UI.ModGUI.Slider	set_WholeNumbersOnly	0.95	ilhash	P
method	NPMFGAPMBHO	FLKLMJKINJM	SFS.UI.ModGUI.Slider	get_Value	0.95	ilhash	P
method	NPMFGAPMBHO	NAPCPJJGNOL	SFS.UI.ModGUI.Slider	set_SliderType	0.95	ilhash	P
method	NPMFGAPMBHO	DEBODKLILDN	SFS.UI.ModGUI.Slider	set_MinMaxValue	0.95	ilhash	P
method	NPMFGAPMBHO	HKPIPKKLGBL	SFS.UI.ModGUI.Slider	get_SliderType	0.95	ilhash	P
method	NPMFGAPMBHO	HKPMCGBMONI	SFS.UI.ModGUI.Slider	get_WholeNumbersOnly	0.95	ilhash	P
method	NPMFGAPMBHO	MHCFGKHBGMC	SFS.UI.ModGUI.Slider	get_MinMaxValue	0.95	ilhash	P
field	NPMFGAPMBHO	OGJBHDJEAIC	SFS.UI.ModGUI.Slider	slider	0.80	shape	I
field	NPMFGAPMBHO	FCPMKDCGGAK	SFS.UI.ModGUI.Slider	valueText	0.80	shape	I
method	NPMFGAPMBHO/KJPJCGJKLBH	FNHOLLFLCOP	SFS.UI.ModGUI.Slider/<>c__DisplayClass6_0	<set_GetValueWithUnit>b__0	0.95	ilhash	-
method	NQYZVHRKZWBGWMOU	LHHJCBLNDNJ	BuildVersionText	LoadVersionText	0.95	ilhash	-
method	NQYZVHRKZWBGWMOU/DGCJHJLKKJF	AADNIOIBLCC	BuildVersionText/<LoadVersionText>d__5	<>m__Finally1	0.95	ilhash	-
method	SFS.WorldBase.NXKOQGNBYNNFKSES	FPHDMMGFFPN	SFS.WorldBase.WorldBaseManager	UpdateWorldPlaytime	0.95	ilhash	-
prop	SFS.WorldBase.NXKOQGNBYNNFKSES	NKJBIONBEFE	SFS.WorldBase.WorldBaseManager	AllowsCheats	0.90	accessor	P
prop	SFS.WorldBase.NXKOQGNBYNNFKSES	CDFAKOHCLFD	SFS.WorldBase.WorldBaseManager	IsCareer	0.90	accessor	P
method	SFS.WorldBase.NXKOQGNBYNNFKSES/<>c	IDKEPGEDAKF	SFS.WorldBase.WorldBaseManager/<>c	<EnterWorld>b__11_4	0.95	ilhash	-
method	SFS.WorldBase.NXKOQGNBYNNFKSES/<>c	JMLCBCGBPHL	SFS.WorldBase.WorldBaseManager/<>c	<EnterWorld>b__10_0	0.95	ilhash	-
method	SFS.WorldBase.NXKOQGNBYNNFKSES/EPFHKAAEPNM	HIIBFACMLID	SFS.WorldBase.WorldBaseManager/<>c__DisplayClass11_1	<EnterWorld>g__Callback|3	0.95	ilhash	-
method	SFS.WorldBase.NXKOQGNBYNNFKSES/EPFHKAAEPNM	JNLJEDBKFPF	SFS.WorldBase.WorldBaseManager/<>c__DisplayClass11_1	<EnterWorld>b__2	0.95	ilhash	-
method	SFS.WorldBase.NXKOQGNBYNNFKSES/PENLLFBOGHD	FIJFCGMLPCE	SFS.WorldBase.WorldBaseManager/<>c__DisplayClass11_0	<EnterWorld>b__0	0.95	ilhash	-
method	SFS.WorldBase.NXKOQGNBYNNFKSES/PENLLFBOGHD	EEDAKBCKBHF	SFS.WorldBase.WorldBaseManager/<>c__DisplayClass11_0	<EnterWorld>b__1	0.95	ilhash	-
method	SFS.Parts.Modules.NozzleGlow	HGDJLOPHFJJ	SFS.Parts.Modules.NozzleGlow	Apply	0.95	ilhash	P
method	OAKELFDBIAM	ANOGNMDKOAM	UV.StartEnd_UV	Cut	0.95	ilhash	P
field	OAKELFDBIAM	IIPGNBOIMDN	UV.StartEnd_UV	height	0.30	order	I
field	OAKELFDBIAM	KADANCNJCNM	UV.StartEnd_UV	vertical_UV	0.30	order	I
field	OAKELFDBIAM	LNKPKJGOBBM	UV.StartEnd_UV	texture_UV	0.30	order	I
field	OAKELFDBIAM	JIDEAJAPDOH	UV.StartEnd_UV	texture	0.80	shape	I
field	OAKELFDBIAM	JBJDNIDOOPB	UV.StartEnd_UV	data	0.30	order	I
field	OAKELFDBIAM	HNNFMCFCNHB	UV.StartEnd_UV	fixedWidthValue	0.80	shape	I
method	OALPEPPJILP	FLFCDJIGGGL	SFS.Input.Axis	AddNegativeKey	0.95	ilhash	P
method	OALPEPPJILP	PMLCOJKDKBJ	SFS.Input.Axis	UpdateValue	0.95	ilhash	P
method	OALPEPPJILP	JJFKBMEMDEA	SFS.Input.Axis	AddPositiveKey	0.95	ilhash	P
field	OALPEPPJILP	BMJIEPGOLLD	SFS.Input.Axis	negativeInput	0.30	order	I
field	OALPEPPJILP	KDKOKHPPBKO	SFS.Input.Axis	positiveInput	0.30	order	I
field	OALPEPPJILP	PNAFLAEKMBP	SFS.Input.Axis	output	0.80	shape	I
method	OALPEPPJILP/<>c	HLHFJMNMLKE	SFS.Input.Axis/<>c	<UpdateValue>b__3_1	0.95	ilhash	-
method	OALPEPPJILP/<>c	LCDIHDELMLG	SFS.Input.Axis/<>c	<UpdateValue>b__3_0	0.95	ilhash	-
method	OANDENEJAPF	KPHBAFMGGMP	SFS.Parsers.Ini.IniDataEnv	GetSection	0.95	ilhash	P
method	OANDENEJAPF	JFKGEDGOEBC	SFS.Parsers.Ini.IniDataEnv	set_Item	0.95	ilhash	P
method	OANDENEJAPF	JPBGDCOINCP	SFS.Parsers.Ini.IniDataEnv	get_Item	0.95	ilhash	P
field	OANDENEJAPF	LMOCAHCPECI	SFS.Parsers.Ini.IniDataEnv	sections	0.80	shape	I
field	OANDENEJAPF	HIMMFBGHECH	SFS.Parsers.Ini.IniDataEnv	Global	0.80	shape	I
method	OANDENEJAPF/BCMEHBDDGHF	EOMHKCEEPMF	SFS.Parsers.Ini.IniDataEnv/Value	op_Implicit	0.95	ilhash	SP
field	OANDENEJAPF/BCMEHBDDGHF	ALAMMDIKCAL	SFS.Parsers.Ini.IniDataEnv/Value	value	0.30	order	I
field	OANDENEJAPF/BCMEHBDDGHF	PHNBCPAIPJK	SFS.Parsers.Ini.IniDataEnv/Value	preLineComment	0.30	order	I
field	OANDENEJAPF/BCMEHBDDGHF	EDAFALELCIO	SFS.Parsers.Ini.IniDataEnv/Value	aftLineComment	0.30	order	I
field	OANDENEJAPF/BCMEHBDDGHF	DLCKIOIEILK	SFS.Parsers.Ini.IniDataEnv/Value	whitespacesBefore	0.80	shape	I
method	SFS.IO.OBBCFOFZQHFVTUGW`1	EJBFBCKHJNL	SFS.IO.SettingsBase`1	Save	0.95	ilhash	-
method	SFS.IO.OBBCFOFZQHFVTUGW`1	OCIKGNMEMOJ	SFS.IO.SettingsBase`1	get_FileName	0.75	virtual-order	VAN
method	SFS.IO.OBBCFOFZQHFVTUGW`1	LMELKIJNFBH	SFS.IO.SettingsBase`1	Load	0.95	ilhash	-
method	SFS.IO.OBBCFOFZQHFVTUGW`1	KICFCLGLFDL	SFS.IO.SettingsBase`1	get_Path	0.95	ilhash	-
method	SFS.IO.OBBCFOFZQHFVTUGW`1	IECMOLNPHGB	SFS.IO.SettingsBase`1	OnLoad	0.75	virtual-order	VAN
method	OBBCJAMPOJC	FJKCAFFBGPI	SerializeUtility	SerializeTo	0.95	ilhash	SP
method	OBBCJAMPOJC	GGKAAEIJKPA	SerializeUtility	get_DefaultSerializer	0.95	ilhash	S
method	OBBCJAMPOJC	NCGGIMMNAPA	SerializeUtility	Populate	0.95	ilhash	SP
field	OBBCJAMPOJC	KNJBBOIAGLC	SerializeUtility	defaultSerializer	0.80	shape	S
field	OCDHFLHEMKM	AFKLAAAPPIJ	GPGSIds	achievement_we_have_liftoff	0.30	order	S
field	OCDHFLHEMKM	LHJFHJHFJIP	GPGSIds	achievement_escape_velocity	0.30	order	S
field	OCDHFLHEMKM	DFCFIFFHEHF	GPGSIds	achievement_the_red_planet	0.30	order	S
field	OCDHFLHEMKM	JNPPADOBOEI	GPGSIds	achievement_low_earth_orbit	0.30	order	S
field	OCDHFLHEMKM	CBICCDMJOOL	GPGSIds	achievement_space	0.30	order	S
field	OCDHFLHEMKM	FHBCDGLDDJE	GPGSIds	achievement_go_for_lunar_orbit_injection	0.30	order	S
field	OCDHFLHEMKM	KMHNKHFOJBH	GPGSIds	achievement_safe_recovery	0.30	order	S
field	OCDHFLHEMKM	NJDKICPFMPD	GPGSIds	achievement_interplanetary	0.30	order	S
field	OCDHFLHEMKM	PKIHAJEBABD	GPGSIds	achievement_the_eagle_has_landed	0.30	order	S
method	OCIBPOBBOPE	OPMOEHJEMNA	Clipper2Lib.Delaunay	FixupEdgeIntersects	0.95	ilhash	-
method	OCIBPOBBOPE	OCICDCKFEHO	Clipper2Lib.Delaunay	Prev	0.95	ilhash	S
method	OCIBPOBBOPE	FADOHPDCFHK	Clipper2Lib.Delaunay	Sqr	0.95	ilhash	S
method	OCIBPOBBOPE	JCGECGMEILH	Clipper2Lib.Delaunay	ForceLegal	0.95	ilhash	-
method	OCIBPOBBOPE	NPCIFEFMNHL	Clipper2Lib.Delaunay	DistanceSqr	0.95	ilhash	S
method	OCIBPOBBOPE	BGIPGPKCHFO	Clipper2Lib.Delaunay	AddEdgeToActives	0.95	ilhash	-
method	OCIBPOBBOPE	BHNOBOMCCNB	Clipper2Lib.Delaunay	GetAngle	0.95	ilhash	S
method	OCIBPOBBOPE	LADCLGCODPB	Clipper2Lib.Delaunay	CreateInnerLocMinLooseEdge	0.95	ilhash	-
method	OCIBPOBBOPE	DPLDCPGNHIO	Clipper2Lib.Delaunay	ShortestDistFromSegment	0.95	ilhash	S
method	OCIBPOBBOPE	LAGMFEJEIKM	Clipper2Lib.Delaunay	PathFromTriangle	0.95	ilhash	S
method	OCIBPOBBOPE	OIGKCAGAOID	Clipper2Lib.Delaunay	IsLooseEdge	0.95	ilhash	S
method	OCIBPOBBOPE	EJLAHOPOAGJ	Clipper2Lib.Delaunay	IsLeftEdge	0.95	ilhash	S
method	OCIBPOBBOPE	DAKLDMPPGAL	Clipper2Lib.Delaunay	EdgeContains	0.95	ilhash	S
method	OCIBPOBBOPE	LFKAEOFJFKH	Clipper2Lib.Delaunay	CreateTriangle	0.95	ilhash	-
method	OCIBPOBBOPE	MIHAGNJKMNO	Clipper2Lib.Delaunay	GetLocMinAngle	0.95	ilhash	S
method	OCIBPOBBOPE	BCHKOCLNNMD	Clipper2Lib.Delaunay	RightTurning	0.95	ilhash	S
method	OCIBPOBBOPE	KGHOANIDMPM	Clipper2Lib.Delaunay	DoTriangulateRight	0.95	ilhash	-
method	OCIBPOBBOPE	KFCMLKHKOON	Clipper2Lib.Delaunay	FindLinkingEdge	0.95	ilhash	S
method	OCIBPOBBOPE	NNPFFEAGLBP	Clipper2Lib.Delaunay	Execute	0.95	ilhash	-
method	OCIBPOBBOPE	LOKGOLIMELI	Clipper2Lib.Delaunay	SegsIntersect	0.95	ilhash	S
method	OCIBPOBBOPE	CFGECCAAIHB	Clipper2Lib.Delaunay	IsRightEdge	0.95	ilhash	S
method	OCIBPOBBOPE	KDKDFGLKOEC	Clipper2Lib.Delaunay	MergeDupOrCollinearVertices	0.95	ilhash	-
method	OCIBPOBBOPE	BNNGFMCLPOO	Clipper2Lib.Delaunay	RemoveEdgeFromActives	0.95	ilhash	-
method	OCIBPOBBOPE	AENHGPPICEM	Clipper2Lib.Delaunay	CleanUp	0.95	ilhash	-
method	OCIBPOBBOPE	AKMLOHEMGNL	Clipper2Lib.Delaunay	InCircleTest	0.95	ilhash	S
method	OCIBPOBBOPE	IFHGHBABNGP	Clipper2Lib.Delaunay	RemoveEdgeFromVertex	0.95	ilhash	S
method	OCIBPOBBOPE	KLDEGOICLPO	Clipper2Lib.Delaunay	CreateEdge	0.95	ilhash	-
method	OCIBPOBBOPE	HIDMAMCNJDO	Clipper2Lib.Delaunay	RemoveIntersection	0.95	ilhash	-
method	OCIBPOBBOPE	OBIHPONMJIA	Clipper2Lib.Delaunay	LeftTurning	0.95	ilhash	S
method	OCIBPOBBOPE	OOBEENAPFCB	Clipper2Lib.Delaunay	EdgeCompleted	0.95	ilhash	S
method	OCIBPOBBOPE	BPOPFCIPKCH	Clipper2Lib.Delaunay	AddPath	0.95	ilhash	-
method	OCIBPOBBOPE	DLFEFJJAELI	Clipper2Lib.Delaunay	HorizontalBetween	0.95	ilhash	-
method	OCIBPOBBOPE	JHGANOKLNMM	Clipper2Lib.Delaunay	DistSqr	0.95	ilhash	S
method	OCIBPOBBOPE	JIFPNNMLPLG	Clipper2Lib.Delaunay	FindLocMinIdx	0.95	ilhash	S
method	OCIBPOBBOPE	CPDLCCEAADE	Clipper2Lib.Delaunay	Next	0.95	ilhash	S
method	OCIBPOBBOPE	IOABPMKLACJ	Clipper2Lib.Delaunay	IsHorizontal	0.95	ilhash	S
method	OCIBPOBBOPE	MACMNIDOCFI	Clipper2Lib.Delaunay	SplitEdge	0.95	ilhash	-
method	OCIBPOBBOPE	CIKMKFPMBPD	Clipper2Lib.Delaunay	DoTriangulateLeft	0.95	ilhash	-
method	OCIBPOBBOPE	BLGGBBALLJC	Clipper2Lib.Delaunay	AddPaths	0.95	ilhash	-
field	OCIBPOBBOPE	DMHDPIGNNGE	Clipper2Lib.Delaunay	allVertices	0.30	order	I
field	OCIBPOBBOPE	KMPIBJNEAHN	Clipper2Lib.Delaunay	allEdges	0.30	order	I
field	OCIBPOBBOPE	FOFAFJMLEJH	Clipper2Lib.Delaunay	allTriangles	0.30	order	I
field	OCIBPOBBOPE	OEIHEMFPMNK	Clipper2Lib.Delaunay	pendingDelaunayStack	0.30	order	I
field	OCIBPOBBOPE	OEBOKICNODB	Clipper2Lib.Delaunay	horzEdgeStack	0.30	order	I
field	OCIBPOBBOPE	LILBOIPJCHP	Clipper2Lib.Delaunay	locMinStack	0.30	order	I
field	OCIBPOBBOPE	HANDFJBKOKM	Clipper2Lib.Delaunay	useDelaunay	0.80	shape	I
field	OCIBPOBBOPE	FADBCGAKCCI	Clipper2Lib.Delaunay	firstActive	0.30	order	I
field	OCIBPOBBOPE	KPABMLDKJEB	Clipper2Lib.Delaunay	lowermostVertex	0.30	order	I
method	OCIBPOBBOPE/<>c	HJOEBOCEFDM	Clipper2Lib.Delaunay/<>c	<Execute>b__26_0	0.95	ilhash	-
method	OCIBPOBBOPE/<>c	BEOPJPFCDCF	Clipper2Lib.Delaunay/<>c	<Execute>b__26_1	0.95	ilhash	-
method	SFS.World.ODLFAQEGZBQRSJSD	MLMLMACMHLF	SFS.World.Atmosphere	GetUV	0.95	ilhash	S
field	SFS.World.ODLFAQEGZBQRSJSD	BHMNKJGOOGB	SFS.World.Atmosphere	mesh	0.80	shape	I
method	OFJKGFNLFOP	OEOIAEBNAMI	SFS.Logs.Step_Height	IsCompleted	0.75	virtual-order	VP
field	OFJKGFNLFOP	OEBHAEMANKP	SFS.Logs.Step_Height	height	0.80	shape	I
method	SFS.UI.OGFZIOJHMIBJJEKU	ELLFMNIFCOH	SFS.UI.Raycastable	SFS.UI.I_Raycastable.GetRect	0.95	ilhash	VN
prop	SFS.UI.OGFZIOJHMIBJJEKU	EOIHBFOOKCP	SFS.UI.Raycastable	SkipRaycast	0.90	accessor	P
method	OGJAEKALFIF	BLGGBBALLJC	Clipper2Lib.ClipperD	AddPaths	0.95	ilhash	P
method	OGJAEKALFIF	NNPFFEAGLBP	Clipper2Lib.ClipperD	Execute	0.95	ilhash	P
method	OGJAEKALFIF	ACIBHOIGPOO	Clipper2Lib.ClipperD	AddOpenSubject	0.95	ilhash	P
method	OGJAEKALFIF	PHLMJEACAGE	Clipper2Lib.ClipperD	AddClip	0.95	ilhash	P
method	OGJAEKALFIF	BPOPFCIPKCH	Clipper2Lib.ClipperD	AddPath	0.95	ilhash	P
method	OGJAEKALFIF	BJCJCCFABGM	Clipper2Lib.ClipperD	AddSubject	0.95	ilhash	P
field	OGJAEKALFIF	IPBJHJDHEPD	Clipper2Lib.ClipperD	precision_range_error	0.80	shape	S
field	OGJAEKALFIF	NCDAFNNICKI	Clipper2Lib.ClipperD	_scale	0.30	order	I
field	OGJAEKALFIF	KPHPDMDCEJK	Clipper2Lib.ClipperD	_invScale	0.30	order	I
method	OHEAGHAGNPG	FMOJIPGIKMJ	SFS.Core.Encryptor	get_EncryptionIV	0.50	order-sig	S
method	OHEAGHAGNPG	OIOACLCEBOM	SFS.Core.Encryptor	Encrypt	0.95	ilhash	S
method	OHEAGHAGNPG	NNEFKBAEEDK	SFS.Core.Encryptor	get_EncryptionKey	0.50	order-sig	S
method	OHEAGHAGNPG	JHKLJJKPAAF	SFS.Core.Encryptor	Decrypt	0.95	ilhash	S
method	OHEAGHAGNPG	CIEFOLFGMIN	SFS.Core.Encryptor	C	0.95	ilhash	SP
field	OHEAGHAGNPG	NNFDPOCIEJF	SFS.Core.Encryptor	testCase	0.80	shape	S
field	OHJIEDAPPOK	<JKKBPGHJMEI>k__BackingField	Clipper2Lib.HorzSegment	leftToRight	0.80	shape	I
field	OINHJMOILHE	FFELPJHFPDK	Clipper2Lib.PolyPath64	<Polygon>k__BackingField	0.80	shape	I
method	OIONJHNPCJF	ABFPOMFNMGE	ApplicationUtility	CleanLog	0.95	ilhash	SP
method	OIONJHNPCJF	LMHLHEEELLB	ApplicationUtility	Relaunch	0.95	ilhash	SP
method	OIONJHNPCJF	IDHKHHDFBHP	ApplicationUtility	RefreshInternetAccess	0.95	ilhash	SP
method	OIONJHNPCJF	JKJHHLBJDMK	ApplicationUtility	CheckInternetAccess	0.95	ilhash	SP
field	OIONJHNPCJF	PAPJECOBCOE	ApplicationUtility	testingAccess	0.80	shape	S
field	OIONJHNPCJF	KJFDINIGDOB	ApplicationUtility	internetAccess	0.80	shape	S
field	OIONJHNPCJF	FODBIAAJBGA	ApplicationUtility	queue	0.80	shape	S
method	OIONJHNPCJF/BDEJKFIAENL	HCHOJEGMLJB	ApplicationUtility/<>c__DisplayClass6_0	<CleanLog>b__0	0.95	ilhash	-
method	OIONJHNPCJF/EAIKICCOHEI	IKIAFGCCCDC	ApplicationUtility/<>c__DisplayClass0_0	<Relaunch>b__0	0.95	ilhash	-
method	OIONJHNPCJF/NOBHALECGCL	AONKFNELMPL	ApplicationUtility/<>c__DisplayClass5_0	<RefreshInternetAccess>b__0	0.95	ilhash	-
method	OJDCNHKFCGD	NJAIKBEKOCG	SFS.World.I_Path	GetLocation	0.45	virtual-order?	VANP
method	OJDCNHKFCGD	FMCMNINAHKB	SFS.World.I_Path	GetStopTimewarpTime	0.45	virtual-order?	VANP
method	OJDCNHKFCGD	EALJLCJCPIA	SFS.World.I_Path	UpdateEncounters	0.45	virtual-order?	VANP
prop	OJDCNHKFCGD	BAEDJFAOGNC	SFS.World.I_Path	Planet	0.90	accessor	P
prop	OJDCNHKFCGD	BHGDACBAOPJ	SFS.World.I_Path	PathType	0.90	accessor	P
prop	OJDCNHKFCGD	NBOAPNJHEDC	SFS.World.I_Path	PathEndTime	0.90	accessor	P
prop	OJDCNHKFCGD	FBLMGCFOAEE	SFS.World.I_Path	NextPlanet	0.90	accessor	P
method	_Game.Drawers.OMGFTQJWRDTQYHJY	GENAJGHCMJN	_Game.Drawers.FuelTransferDrawer	<Start>b__6_0	0.95	ilhash	-
method	_Game.Drawers.OMGFTQJWRDTQYHJY	KDLFAKLMAHJ	_Game.Drawers.FuelTransferDrawer	<Start>b__6_2	0.95	ilhash	-
method	_Game.Drawers.OMGFTQJWRDTQYHJY	PNLBDIGFBFM	_Game.Drawers.FuelTransferDrawer	OnResourcesChange	0.95	ilhash	-
method	_Game.Drawers.OMGFTQJWRDTQYHJY	DOIOOJGMPKM	_Game.Drawers.FuelTransferDrawer	OnPlayerChange	0.95	ilhash	-
field	_Game.Drawers.OMGFTQJWRDTQYHJY	BLKKNHPPAII	_Game.Drawers.FuelTransferDrawer	gauges	0.30	order	I
field	_Game.Drawers.OMGFTQJWRDTQYHJY	IFALKCJIBLF	_Game.Drawers.FuelTransferDrawer	lines	0.30	order	I
field	_Game.Drawers.OMGFTQJWRDTQYHJY	JBAILHFJCFP	_Game.Drawers.FuelTransferDrawer	resources	0.80	shape	I
method	_Game.Drawers.OMGFTQJWRDTQYHJY/<>c	CPPCCHFMIMP	_Game.Drawers.FuelTransferDrawer/<>c	<Start>b__6_3	0.95	ilhash	-
method	_Game.Drawers.OMGFTQJWRDTQYHJY/<>c	KGBKANLODOH	_Game.Drawers.FuelTransferDrawer/<>c	<Start>b__6_1	0.95	ilhash	-
method	SFS.World.OMZHLDBDOXLBFEXC	LIFOIDPCMOK	SFS.World.WorldTime	get_MaxPhysicsIndex	0.95	ilhash	S
method	SFS.World.OMZHLDBDOXLBFEXC	ECGMAOJEPAJ	SFS.World.WorldTime	Accelerate_Rails	0.95	ilhash	-
method	SFS.World.OMZHLDBDOXLBFEXC	LJMCHGDBHCD	SFS.World.WorldTime	GetTimewarpSpeed_Physics	0.95	ilhash	S
method	SFS.World.OMZHLDBDOXLBFEXC	PJAKGOOOHGK	SFS.World.WorldTime	ExitAutomaticTimewarp	0.95	ilhash	-
method	SFS.World.OMZHLDBDOXLBFEXC	BHMBHEIOFBD	SFS.World.WorldTime	CheckStopTimewarp_ForUpdate	0.95	ilhash	-
method	SFS.World.OMZHLDBDOXLBFEXC	AJNIGJDGNCP	SFS.World.WorldTime	Accelerate_Physics	0.95	ilhash	-
method	SFS.World.OMZHLDBDOXLBFEXC	PEIOLAALIHN	SFS.World.WorldTime	GetTimewarpSpeed_Rails	0.95	ilhash	S
method	SFS.World.OMZHLDBDOXLBFEXC	FLMJOAOCOMN	SFS.World.WorldTime	get_MaxIndex	0.95	ilhash	S
method	SFS.World.OMZHLDBDOXLBFEXC	BDPOHGGCINL	SFS.World.WorldTime	ApplyState	0.95	ilhash	-
prop	SFS.World.OMZHLDBDOXLBFEXC	BJFKKPNLPFA	SFS.World.WorldTime	MaxTimewarpSpeed	0.90	accessor	P
prop	SFS.World.OMZHLDBDOXLBFEXC	HBABHJCHOOJ	SFS.World.WorldTime	TimeScale	0.90	accessor	P
prop	SFS.World.OMZHLDBDOXLBFEXC	LEEHBPILGFJ	SFS.World.WorldTime	FixedDeltaTime	0.90	accessor	P
prop	SFS.World.OMZHLDBDOXLBFEXC	FGBBOIPEDLK	SFS.World.WorldTime	DeltaTime	0.90	accessor	P
method	SFS.World.OMZHLDBDOXLBFEXC/<>c	FLDMLAHLKBE	SFS.World.WorldTime/<>c	<get_MaxIndex>b__18_0	0.95	ilhash	-
method	SFS.OPWFFZZVIKUQZEVR	COLAEGEDECM	SFS.VideoSettings	UpdateUI	0.50	order-sig	-
method	SFS.OPWFFZZVIKUQZEVR	JKCIKFJEJLO	SFS.VideoSettings	SubscribeToChanges	0.95	ilhash	-
method	SFS.OPWFFZZVIKUQZEVR	POMANMMNNCH	SFS.VideoSettings	CheckForFXAA	0.95	ilhash	-
method	SFS.OPWFFZZVIKUQZEVR	OCIKGNMEMOJ	SFS.VideoSettings	get_FileName	0.95	ilhash	V
method	SFS.OPWFFZZVIKUQZEVR	HGDJLOPHFJJ	SFS.VideoSettings	Apply	0.95	ilhash	-
method	SFS.OPWFFZZVIKUQZEVR	DHPDIJFBHLH	SFS.VideoSettings	ToogleFXAA	0.95	ilhash	-
method	SFS.OPWFFZZVIKUQZEVR	DMHLNOAFBJN	SFS.VideoSettings	OnMenuOpacityChange	0.95	ilhash	-
method	SFS.OPWFFZZVIKUQZEVR	IILNIPBIEMP	SFS.VideoSettings	Security	0.95	ilhash	-
method	SFS.OPWFFZZVIKUQZEVR	DGPFGHHADGM	SFS.VideoSettings	ToggleShakes	0.95	ilhash	-
method	SFS.OPWFFZZVIKUQZEVR	MPLMLJHKMBP	SFS.VideoSettings	<BindToggles>b__17_2	0.95	ilhash	-
method	SFS.OPWFFZZVIKUQZEVR	IECMOLNPHGB	SFS.VideoSettings	OnLoad	0.95	ilhash	V
method	SFS.OPWFFZZVIKUQZEVR	NJJIJICHKOM	SFS.VideoSettings	<BindToggles>b__17_1	0.95	ilhash	-
method	SFS.OPWFFZZVIKUQZEVR	CEPAJMIOJNB	SFS.VideoSettings	ToggleScreenRotation	0.95	ilhash	-
method	SFS.OPWFFZZVIKUQZEVR	JNMAOPIIEHP	SFS.VideoSettings	OnConicSectionsCountChange	0.95	ilhash	-
method	SFS.OPWFFZZVIKUQZEVR	DABMPNKGAKN	SFS.VideoSettings	OnMenuScaleChange	0.95	ilhash	-
method	SFS.OPWFFZZVIKUQZEVR	DCGLMCEENKO	SFS.VideoSettings	<BindToggles>b__17_0	0.95	ilhash	-
field	SFS.OPWFFZZVIKUQZEVR	OHEHELELCFJ	SFS.VideoSettings	refreshRateOptions	0.80	shape	I
method	SFS.OPWFFZZVIKUQZEVR/<>c	DJMAKFOEPCI	SFS.VideoSettings/<>c	<OpenFPSMenu>b__30_1	0.95	ilhash	-
method	SFS.OPWFFZZVIKUQZEVR/<>c	AKODFIILMLG	SFS.VideoSettings/<>c	<OpenFPSMenu>b__30_0	0.95	ilhash	-
field	SFS.OPWFFZZVIKUQZEVR/<>c	<>9__33_0	SFS.VideoSettings/<>c	<>9__30_0	0.30	order	S
field	SFS.OPWFFZZVIKUQZEVR/<>c	<>9__33_1	SFS.VideoSettings/<>c	<>9__30_1	0.30	order	S
method	SFS.OPWFFZZVIKUQZEVR/LINPLACJMBK	JPDABAMHLFM	SFS.VideoSettings/<>c__DisplayClass30_0	<OpenFPSMenu>b__2	0.95	ilhash	-
method	SFS.OPWFFZZVIKUQZEVR/LINPLACJMBK	IGIPJMHCABP	SFS.VideoSettings/<>c__DisplayClass30_0	<OpenFPSMenu>b__3	0.95	ilhash	-
field	SFS.Builds.OQINTWGYLAGEQYBT	GKHBDFGIFFF	SFS.Builds.BuildOrientation	screenOrientation	0.80	shape	I
method	SFS.Builds.OQINTWGYLAGEQYBT/LKPNMCCLGFC	LPHDDBPAOFG	SFS.Builds.BuildOrientation/<>c__DisplayClass10_0	<SetOrientation>b__0	0.95	ilhash	-
method	SFS.UI.ORTYTPAGPLXITQXH	CJLGEDFBHGD	SFS.UI.RelativeSizeFitter	CalculateSize	0.95	ilhash	-
field	SFS.UI.ORTYTPAGPLXITQXH	BPCKBOPFAPO	SFS.UI.RelativeSizeFitter	rect	0.80	shape	I
prop	SFS.UI.ORTYTPAGPLXITQXH	PDBANAKGKIB	SFS.UI.RelativeSizeFitter	Offset	0.90	accessor	P
prop	SFS.UI.ORTYTPAGPLXITQXH	CODHNLEJEBH	SFS.UI.RelativeSizeFitter	MinimumSize	0.90	accessor	P
method	SFS.UI.ORTYTPAGPLXITQXH/<>c	BICDMNMBNAC	SFS.UI.RelativeSizeFitter/<>c	<CalculateSize>b__17_1	0.95	ilhash	-
method	SFS.UI.ORTYTPAGPLXITQXH/<>c	HHJDBCICPPP	SFS.UI.RelativeSizeFitter/<>c	<CalculateSize>b__17_0	0.95	ilhash	-
method	Parts.Transform.OVYQUWGCNSBQMWZH	OKHJBNEACOB	Parts.Transform.CraftFlipModule	get_Rocket	0.95	ilhash	-
field	Parts.Transform.OVYQUWGCNSBQMWZH	<KBCHNAHPKEE>k__BackingField	Parts.Transform.CraftFlipModule	<Rocket>k__BackingField	0.80	shape	I
prop	Parts.Transform.OVYQUWGCNSBQMWZH	LGBNFJCHPLN	Parts.Transform.CraftFlipModule	Rocket	0.90	accessor	P
method	SFS.UI.OYAVHZKYHIIRLJXC	IJNMKMOHAAN	SFS.UI.CheatsDrawer	UpdateText	0.95	ilhash	-
method	SFS.UI.OYAVHZKYHIIRLJXC	DFKJPFBFKNJ	SFS.UI.CheatsDrawer	<UpdateText>g__Add|3_0	0.95	ilhash	S
method	SFS.UI.OZNXSORIHEFMJJYI	NONFDKGHCMF	SFS.UI.ScaleTextToFit	GetPreferredSize_Internal	0.95	ilhash	V
method	SFS.UI.OZNXSORIHEFMJJYI	DEPPADCBIMC	SFS.UI.ScaleTextToFit	SetSize_Internal	0.95	ilhash	V
method	SFS.UI.OZNXSORIHEFMJJYI	FNHHLKMHMDP	SFS.UI.ScaleTextToFit	UpdateTextSize	0.95	ilhash	-
method	SFS.UI.OZNXSORIHEFMJJYI	IEGEFHLFIAH	SFS.UI.ScaleTextToFit	get_RectSize	0.95	ilhash	-
field	SFS.UI.OZNXSORIHEFMJJYI	PMHGAHMMHMM	SFS.UI.ScaleTextToFit	hasForcedRebuild	0.30	order	I
field	SFS.UI.OZNXSORIHEFMJJYI	JJOBPFKBLME	SFS.UI.ScaleTextToFit	updating	0.30	order	I
field	SFS.UI.OZNXSORIHEFMJJYI	MOCNNJCENEO	SFS.UI.ScaleTextToFit	lastText	0.80	shape	I
field	SFS.UI.OZNXSORIHEFMJJYI	FAPNCKNDPIK	SFS.UI.ScaleTextToFit	lastSize	0.80	shape	I
field	SFS.UI.OZNXSORIHEFMJJYI	BCOBNOPPEFC	SFS.UI.ScaleTextToFit	text	0.80	shape	I
method	SFS.Variables.Obs_Destroyable`1	OCNACLILLCN	SFS.Variables.Obs_Destroyable`1	OnDestroy	0.95	ilhash	-
method	SFS.Variables.Obs`1	PNOGFNPJAPM	SFS.Variables.Obs`1	remove_onChange	0.95	ilhash	-
method	SFS.Variables.Obs`1	EOMHKCEEPMF	SFS.Variables.Obs`1	op_Implicit	0.95	ilhash	SP
method	SFS.Variables.Obs`1	GOGAFCOHLPA	SFS.Variables.Obs`1	remove_onChangeOldNew	0.95	ilhash	-
method	SFS.Variables.Obs`1	PBALAFGCBAF	SFS.Variables.Obs`1	op_Addition	0.95	ilhash	SP
method	SFS.Variables.Obs`1	MFNOGGJCACK	SFS.Variables.Obs`1	IsEqual	0.75	virtual-order	VAN
method	SFS.Variables.Obs`1	JMBINDHENOO	SFS.Variables.Obs`1	remove_onChangeNew	0.95	ilhash	-
method	SFS.Variables.Obs`1	BBOJNHBPKCJ	SFS.Variables.Obs`1	add_onChangeNew	0.95	ilhash	-
method	SFS.Variables.Obs`1	ADMAIOHNPJE	SFS.Variables.Obs`1	op_Inequality	0.95	ilhash	SP
method	SFS.Variables.Obs`1	GPIOBCHLDPC	SFS.Variables.Obs`1	op_Subtraction	0.95	ilhash	SP
method	SFS.Variables.Obs`1	PFNJPBMNPDF	SFS.Variables.Obs`1	add_onChange	0.95	ilhash	-
method	SFS.Variables.Obs`1	HDLPCPMAMMI	SFS.Variables.Obs`1	op_Equality	0.95	ilhash	SP
method	SFS.Variables.Obs`1	IPNLPKDIMDD	SFS.Variables.Obs`1	add_onChangeOldNew	0.95	ilhash	-
method	SFS.World.Orbit	KNHDPNIHDNC	SFS.World.Orbit	FindEncounters	0.95	ilhash	-
method	SFS.World.Orbit	IPHHMMLJOBN	SFS.World.Orbit	GetLastAnglePassTime	0.95	ilhash	P
method	SFS.World.Orbit	DNIGIEKNEEM	SFS.World.Orbit	GetPositionAtTrueAnomaly	0.95	ilhash	P
method	SFS.World.Orbit	JMBFKDNMEGP	SFS.World.Orbit	GetPoints_Ellipse_Optimized	0.95	ilhash	P
method	SFS.World.Orbit	GPEPBNPHEKC	SFS.World.Orbit	SetOrbitType	0.95	ilhash	-
method	SFS.World.Orbit	FMCMNINAHKB	SFS.World.Orbit	GetStopTimewarpTime	0.95	ilhash	VNP
method	SFS.World.Orbit	EALJLCJCPIA	SFS.World.Orbit	UpdateEncounters	0.95	ilhash	VNP
method	SFS.World.Orbit	ENBGLJJCDGF	SFS.World.Orbit	GetFastestPossibleArrivalTime	0.95	ilhash	-
method	SFS.World.Orbit	BPALFMMIPJI	SFS.World.Orbit	UpdateLocation	0.95	ilhash	-
method	SFS.World.Orbit	JHCLMFHHNKI	SFS.World.Orbit	GetEllipseArray	0.95	ilhash	P
method	SFS.World.Orbit	GJFMANOJGBE	SFS.World.Orbit	GetLastTrueAnomalyPassTime	0.95	ilhash	P
method	SFS.World.Orbit	EEBIIKCENGM	SFS.World.Orbit	GetVelocityAtTrueAnomaly	0.95	ilhash	P
method	SFS.World.Orbit	BGGFOICDIEO	SFS.World.Orbit	ProcessEncounters	0.95	ilhash	-
method	SFS.World.Orbit	NJAIKBEKOCG	SFS.World.Orbit	GetLocation	0.95	ilhash	VNP
method	SFS.World.Orbit	NPFENNMIPDO	SFS.World.Orbit	GetVelocityAtAngle	0.95	ilhash	P
method	SFS.World.Orbit	OPPBNFOHLDI	SFS.World.Orbit	GetPoints_Ellipse	0.95	ilhash	P
method	SFS.World.Orbit	BDAMGCLEMDD	SFS.World.Orbit	GetNextTrueAnomalyPassTime	0.95	ilhash	P
method	SFS.World.Orbit	DHBEOPOENJK	SFS.World.Orbit	GetPositionAtAngle	0.95	ilhash	P
method	SFS.World.Orbit	ODENMDNPCEI	SFS.World.Orbit	GetTrueAnomaly	0.95	ilhash	P
method	SFS.World.Orbit	GDGIEJLPFGF	SFS.World.Orbit	GetEllipseArray_Optimized	0.95	ilhash	P
method	SFS.World.Orbit	MDNAMGPDMMH	SFS.World.Orbit	GetPositionFromEccentricAnomaly	0.95	ilhash	P
method	SFS.World.Orbit	MIIHJNFNIAJ	SFS.World.Orbit	GetNextAnglePassTime	0.95	ilhash	P
method	SFS.World.Orbit	JLFKBJBGKDK	SFS.World.Orbit	GetPoints	0.95	ilhash	P
method	SFS.World.Orbit	FOLCBGMPJKK	SFS.World.Orbit	SetEncounter	0.95	ilhash	P
method	SFS.World.Orbit	FDKHIIMCHFD	SFS.World.Orbit	GetFallTime	0.95	ilhash	-
method	SFS.World.Orbit	HGFKFIMIELL	SFS.World.Orbit	TryCreateOrbit	0.95	ilhash	SP
method	SFS.World.Orbit/<>c	LEIJJJGCPMN	SFS.World.Orbit/<>c	<ProcessEncounters>b__57_0	0.95	ilhash	-
method	SFS.Parts.Modules.Orientation	PBALAFGCBAF	SFS.Parts.Modules.Orientation	op_Addition	0.95	ilhash	SP
method	SFS.Parts.Modules.Orientation	HIMAAONPKNN	SFS.Parts.Modules.Orientation	GetCopy	0.95	ilhash	P
method	SFS.Parts.Modules.Orientation	LANECGAEDGO	SFS.Parts.Modules.Orientation	InversedAxis	0.95	ilhash	P
method	SFS.Parts.Modules.Orientation	ILAAFFDKAEE	SFS.Parts.Modules.Orientation	op_Multiply	0.95	ilhash	SP
method	SFS.Parts.Modules.OrientationModule	COJODFGGNIF	SFS.Parts.Modules.OrientationModule	I_InitializePartModule.get_Priority	0.95	ilhash	VN
method	SFS.Parts.Modules.OrientationModule	BOGBFJLCIGC	SFS.Parts.Modules.OrientationModule	I_InitializePartModule.Initialize	0.95	ilhash	VN
method	SFS.Parts.Modules.Orientation_Local	MFNOGGJCACK	SFS.Parts.Modules.Orientation_Local	IsEqual	0.95	ilhash	V
method	PGKJHLGKEKI	EIPFDAHMICE	Clipper2Lib.PolyPathBase	Clear	0.95	ilhash	P
method	PGKJHLGKEKI	EBGACJLJPJG	Clipper2Lib.PolyPathBase	ToStringInternal	0.95	ilhash	-
method	PGKJHLGKEKI	HLHHKEALDGO	Clipper2Lib.PolyPathBase	get_Count	0.95	ilhash	P
method	PGKJHLGKEKI	BIODKMLKBBI	Clipper2Lib.PolyPathBase	GetIsHole	0.95	ilhash	-
method	PGKJHLGKEKI	CFFDKMNCHMM	Clipper2Lib.PolyPathBase	get_IsHole	0.95	ilhash	P
method	PGKJHLGKEKI	BAAJOEDOOBI	Clipper2Lib.PolyPathBase	GetLevel	0.95	ilhash	-
method	PGKJHLGKEKI	ONGBAFKODKD	Clipper2Lib.PolyPathBase	get_Level	0.95	ilhash	P
method	PGKJHLGKEKI	FIDBCBLBIEN	Clipper2Lib.PolyPathBase	AddChild	0.75	virtual-order	VANP
field	PGKJHLGKEKI	CEOOEBPLCEA	Clipper2Lib.PolyPathBase	_parent	0.80	shape	I
field	PGKJHLGKEKI	CDEIMAPLFEO	Clipper2Lib.PolyPathBase	_childs	0.80	shape	I
field	PGKJHLGKEKI/FAFINDOOJNO	OLMPNIOEKJI	Clipper2Lib.PolyPathBase/NodeEnumerator	position	0.80	shape	I
field	PGKJHLGKEKI/FAFINDOOJNO	NHEAMLIDJDP	Clipper2Lib.PolyPathBase/NodeEnumerator	_nodes	0.80	shape	I
prop	PGKJHLGKEKI/FAFINDOOJNO	PJHOAGMBJHK	Clipper2Lib.PolyPathBase/NodeEnumerator	Current	0.90	accessor	P
method	PJCFCNAMAHM	OEOIAEBNAMI	SFS.Logs.Step_Impact	IsCompleted	0.95	ilhash	VP
field	PJCFCNAMAHM	EMBCDLIDMCM	SFS.Logs.Step_Impact	impactVelocity	0.80	shape	I
method	PJOODADEJLH	MNNNHCPJKIK	SFS.Translations.TranslationSerialization	Serialize	0.95	ilhash	SP
method	PJOODADEJLH	NAPEKGNHLNA	SFS.Translations.TranslationSerialization	ParseTranslations	0.95	ilhash	S
method	PJOODADEJLH	CEMLMFLIMKF	SFS.Translations.TranslationSerialization	GetFieldReferences	0.95	ilhash	SP
method	PJOODADEJLH	KFGCCAHIPJB	SFS.Translations.TranslationSerialization	Deserialize	0.95	ilhash	SP
method	PJOODADEJLH	HEDBCHBBEMH	SFS.Translations.TranslationSerialization	CreateTranslation	0.95	ilhash	SP
field	PMGOBMALMIP	IBAEFFPANAP	CircleCommand	position	0.30	order	I
field	PMGOBMALMIP	DPMLFOGDGNM	CircleCommand	resolution	0.30	order	I
field	PMGOBMALMIP	ANPAOOACJBJ	CircleCommand	color	0.80	shape	I
field	PMGOBMALMIP	BIDAKCJGMJO	CircleCommand	radius	0.80	shape	I
method	SFS.UI.PMSEAPFOQGVTWLEF	MMPKJKHJKPA	SFS.UI.ToggleButton	<Bind>b__4_0	0.95	ilhash	-
method	SFS.UI.PMSEAPFOQGVTWLEF	GBOIKDBEHFM	SFS.UI.ToggleButton	OnClick	0.95	ilhash	-
field	SFS.UI.PMSEAPFOQGVTWLEF	HGOHAOOKKHO	SFS.UI.ToggleButton	toggle	0.80	shape	I
field	SFS.UI.PMSEAPFOQGVTWLEF	CPLADJIAMED	SFS.UI.ToggleButton	getValue	0.80	shape	I
method	SFS.World.PMTMSGVSSAHSOCYP	AMOJCLIKFLM	SFS.World.RockSelector	Select	0.95	ilhash	-
field	SFS.World.PMTMSGVSSAHSOCYP	FNCOIBCDAML	SFS.World.RockSelector	selectedRock	0.80	shape	I
prop	SFS.World.PMTMSGVSSAHSOCYP	GPOBBJCNLAA	SFS.World.RockSelector	Location	0.90	accessor	P
prop	SFS.World.PMTMSGVSSAHSOCYP	PBFOKKFAOKJ	SFS.World.RockSelector	Trajectory	0.90	accessor	P
prop	SFS.World.PMTMSGVSSAHSOCYP	PJIMPPOHLAJ	SFS.World.RockSelector	EncounterText	0.90	accessor	P
prop	SFS.World.PMTMSGVSSAHSOCYP	HGFBMINPGAA	SFS.World.RockSelector	OrbitDepth	0.90	accessor	P
prop	SFS.World.PMTMSGVSSAHSOCYP	KNCKFPOEFPP	SFS.World.RockSelector	ClickDepth	0.90	accessor	P
prop	SFS.World.PMTMSGVSSAHSOCYP	KGKNKIMPCLC	SFS.World.RockSelector	Select_MenuPosition	0.90	accessor	P
prop	SFS.World.PMTMSGVSSAHSOCYP	PGKKODIMMGD	SFS.World.RockSelector	Select_DisplayName	0.90	accessor	P
prop	SFS.World.PMTMSGVSSAHSOCYP	HJBGHFPNGBO	SFS.World.RockSelector	Select_CanNavigate	0.90	accessor	P
prop	SFS.World.PMTMSGVSSAHSOCYP	NALFCMCAOHO	SFS.World.RockSelector	Select_CanFocus	0.90	accessor	P
prop	SFS.World.PMTMSGVSSAHSOCYP	BEMLLECJIGA	SFS.World.RockSelector	Select_CanRename	0.90	accessor	P
prop	SFS.World.PMTMSGVSSAHSOCYP	EKLLEPDMOMD	SFS.World.RockSelector	Select_CanEndMission	0.90	accessor	P
prop	SFS.World.PMTMSGVSSAHSOCYP	MIOPPFBOBKC	SFS.World.RockSelector	Select_EndMissionText	0.90	accessor	P
prop	SFS.World.PMTMSGVSSAHSOCYP	NLIHIMLAGND	SFS.World.RockSelector	Select_EndMissionIcon	0.90	accessor	P
prop	SFS.World.PMTMSGVSSAHSOCYP	NPFGNMJHOPO	SFS.World.RockSelector	Navigation_Tolerance	0.90	accessor	P
method	SFS.Audio.PNYJLYOHEBGOZCIW	BFDNPANCMCN	SFS.Audio.SoundPlayer	GetFreeSource	0.95	ilhash	-
method	SFS.Audio.PNYJLYOHEBGOZCIW	CHGEDIPPBPG	SFS.Audio.SoundPlayer	OnVolumeChange	0.95	ilhash	-
field	SFS.Audio.PNYJLYOHEBGOZCIW	OBOJFNLBKHE	SFS.Audio.SoundPlayer	sources	0.80	shape	I
field	SFS.Audio.PNYJLYOHEBGOZCIW	JAFAGKEEALK	SFS.Audio.SoundPlayer	lastID	0.80	shape	I
field	SFS.Audio.PNYJLYOHEBGOZCIW	JMJMFDGACDD	SFS.Audio.SoundPlayer	playing_2D	0.30	order	I
field	SFS.Audio.PNYJLYOHEBGOZCIW	JCCGKLMECFD	SFS.Audio.SoundPlayer	playing_3D	0.30	order	I
method	POHECHPLLHN	CAIIJONILGL	SFS.World.State	Log_Dock	0.95	ilhash	P
method	POHECHPLLHN	CONHLFOJFFL	SFS.World.State	ReplayLog	0.95	ilhash	P
method	POHECHPLLHN	JPECEHNCJGJ	SFS.World.State	Log	0.95	ilhash	P
method	POHECHPLLHN	PAKJFHMNCNI	SFS.World.State	Merge	0.95	ilhash	SP
method	POHECHPLLHN	LOEDADKPKOM	SFS.World.State	CopyState	0.95	ilhash	P
field	POHECHPLLHN	EABJJMCLKMA	SFS.World.State	startTime	0.80	shape	I
field	POHECHPLLHN	KPOJMFKABAO	SFS.World.State	logs	0.80	shape	I
field	POHECHPLLHN	HNLPPMCKIHD	SFS.World.State	landed	0.80	shape	I
field	POHECHPLLHN	GPPOCHKHJFE	SFS.World.State	planet	0.30	order	I
field	POHECHPLLHN	JBJGLGBOLDL	SFS.World.State	orbit	0.30	order	I
field	POHECHPLLHN	NGMLCFCFLHE	SFS.World.State	orbit_Old	0.30	order	I
field	POHECHPLLHN	GFBLLIHBMKC	SFS.World.State	atmosphere	0.30	order	I
field	POLOEKODMKH	BPMMKHINMFM	SFS.Parts.Modules.PartDrawSettings	showTitle	0.30	order	I
field	POLOEKODMKH	OCLIEKJPFEP	SFS.Parts.Modules.PartDrawSettings	build	0.30	order	I
field	POLOEKODMKH	CBGLAKIDCMB	SFS.Parts.Modules.PartDrawSettings	game	0.30	order	I
field	POLOEKODMKH	DIEJKDIBMAE	SFS.Parts.Modules.PartDrawSettings	showDescription	0.30	order	I
field	POLOEKODMKH	FHBDCIEBEIB	SFS.Parts.Modules.PartDrawSettings	canBoardWorld	0.30	order	I
field	POLOEKODMKH	PBHEBAMPFPM	SFS.Parts.Modules.PartDrawSettings	PickGridSettings	0.30	order	S
field	POLOEKODMKH	OHOBJLDDBKJ	SFS.Parts.Modules.PartDrawSettings	BuildSettings	0.30	order	S
field	POLOEKODMKH	DIKOLGMCBFD	SFS.Parts.Modules.PartDrawSettings	WorldSettings	0.30	order	S
method	PPAEFHABFAD	MBBDFOFBOME	SFS.Parsers.Json.Exclusions.Inclusion`1	Exclude	0.75	virtual-order	VP
field	PPAEFHABFAD	MEJAKPCLBLC	SFS.Parsers.Json.Exclusions.Inclusion`1	names	0.80	shape	I
field	TranslucentImage.PSNYZIQKAOXNAGDX	FLHKHLNMEAI	TranslucentImage.TranslucentImage	correctShader	0.80	shape	I
field	TranslucentImage.PSNYZIQKAOXNAGDX	NNBPDECGNFA	TranslucentImage.TranslucentImage	_blurTexPropId	0.30	order	S
field	TranslucentImage.PSNYZIQKAOXNAGDX	CGNFJIEFLOD	TranslucentImage.TranslucentImage	_cropRegionPropId	0.30	order	S
method	SFS.World.PTOMNBMDOMNWUDBV	JMPKMKDECIL	SFS.World.WorldView	<Start>b__25_1	0.95	ilhash	-
method	SFS.World.PTOMNBMDOMNWUDBV	KBHKBIJPLAE	SFS.World.WorldView	PositionCamera	0.95	ilhash	-
method	SFS.World.PTOMNBMDOMNWUDBV	CMCLJPHBDFP	SFS.World.WorldView	CalculateVelocityOffset	0.95	ilhash	-
method	SFS.World.PTOMNBMDOMNWUDBV	PBJAHJMDKCL	SFS.World.WorldView	UpdateIsScaledSpace	0.95	ilhash	-
method	SFS.World.PTOMNBMDOMNWUDBV	KHGPHOEINPA	SFS.World.WorldView	UpdatePostProcessing	0.95	ilhash	-
method	SFS.World.PTOMNBMDOMNWUDBV	CMBFKHLOMCN	SFS.World.WorldView	set_ViewLocation	0.95	ilhash	-
method	SFS.World.PTOMNBMDOMNWUDBV	GNCEEPJPHII	SFS.World.WorldView	<Start>b__25_0	0.95	ilhash	-
method	SFS.World.PTOMNBMDOMNWUDBV	DEJPMKBIPOB	SFS.World.WorldView	CalculatePositionOffset	0.95	ilhash	-
field	SFS.World.PTOMNBMDOMNWUDBV	KNJPDBPBHDN	SFS.World.WorldView	ScaledSpaceThreshold	0.80	shape	S
field	SFS.World.PTOMNBMDOMNWUDBV	KPGMAFMCAOC	SFS.World.WorldView	framingVelocity	0.80	shape	I
field	SFS.World.PTOMNBMDOMNWUDBV	<MADJCFKPGFC>k__BackingField	SFS.World.WorldView	<ViewLocation>k__BackingField	0.80	shape	I
prop	SFS.World.PTOMNBMDOMNWUDBV	CNOKLDLJLMG	SFS.World.WorldView	ViewLocation	0.90	accessor	P
method	SFS.World.PTQXIIVDHTMQJTZJ	OAODPJOGECI	SFS.World.PlayerController	TrySelect	0.95	ilhash	S
method	SFS.World.PTQXIIVDHTMQJTZJ	ADPABOFILKI	SFS.World.PlayerController	OnInputEnd	0.95	ilhash	-
method	SFS.World.PTQXIIVDHTMQJTZJ	DAPPHLDFIIN	SFS.World.PlayerController	<CyclePlayable>g__GetX_Base|16_4	0.95	ilhash	S
method	SFS.World.PTQXIIVDHTMQJTZJ	JBCCIPKPFBP	SFS.World.PlayerController	<CyclePlayable>g__GetX|16_3	0.95	ilhash	S
method	SFS.World.PTQXIIVDHTMQJTZJ	JFGCDGBJKKI	SFS.World.PlayerController	OnCameraDistanceChange	0.95	ilhash	-
method	SFS.World.PTQXIIVDHTMQJTZJ	OMMFGCBNIAB	SFS.World.PlayerController	<Start>b__15_1	0.95	ilhash	-
method	SFS.World.PTQXIIVDHTMQJTZJ	EIIMJIFBGHK	SFS.World.PlayerController	OnZoom	0.95	ilhash	-
method	SFS.World.PTQXIIVDHTMQJTZJ	HGDBNDILLDD	SFS.World.PlayerController	ClampTrackingOffset	0.95	ilhash	-
method	SFS.World.PTQXIIVDHTMQJTZJ	DOIOOJGMPKM	SFS.World.PlayerController	OnPlayerChange	0.95	ilhash	-
method	SFS.World.PTQXIIVDHTMQJTZJ	BNHJKMBKDPL	SFS.World.PlayerController	OnDrag	0.95	ilhash	-
method	SFS.World.PTQXIIVDHTMQJTZJ	NLMPHIBBNEG	SFS.World.PlayerController	Deselect	0.95	ilhash	S
method	SFS.World.PTQXIIVDHTMQJTZJ	EMDGBJHGPHK	SFS.World.PlayerController	ClampCameraDistance	0.95	ilhash	S
method	SFS.World.PTQXIIVDHTMQJTZJ	HMAHHGBBIMF	SFS.World.PlayerController	<Start>b__15_0	0.95	ilhash	-
method	SFS.World.PTQXIIVDHTMQJTZJ	ILJEHKFIMJN	SFS.World.PlayerController	UpdateHasControl	0.95	ilhash	-
method	SFS.World.PTQXIIVDHTMQJTZJ	BPIPJCBIEIK	SFS.World.PlayerController	CyclePlayable	0.50	order-sig	-
field	SFS.World.PTQXIIVDHTMQJTZJ	AFMAKJKKACK	SFS.World.PlayerController	shakeEffects	0.80	shape	I
field	SFS.World.PTQXIIVDHTMQJTZJ	EBDPMFAAHDJ	SFS.World.PlayerController	switchOffsetVelocity	0.80	shape	I
method	SFS.World.PTQXIIVDHTMQJTZJ/<>c	HMLGHCIEHKN	SFS.World.PlayerController/<>c	<TrackPlayer>b__28_4	0.95	ilhash	-
method	SFS.World.PTQXIIVDHTMQJTZJ/<>c	NJPBGKELPLM	SFS.World.PlayerController/<>c	<TrackPlayer>b__28_3	0.95	ilhash	-
method	SFS.World.PTQXIIVDHTMQJTZJ/<>c	JFGCBIBAMOL	SFS.World.PlayerController/<>c	<CyclePlayable>b__16_2	0.95	ilhash	-
method	SFS.World.PTQXIIVDHTMQJTZJ/<>c	BIEJONGFJBE	SFS.World.PlayerController/<>c	<CyclePlayable>b__16_5	0.95	ilhash	-
method	SFS.World.PTQXIIVDHTMQJTZJ/<>c	EGOJBOEFLMK	SFS.World.PlayerController/<>c	<TrackPlayer>b__28_2	0.95	ilhash	-
method	SFS.World.PTQXIIVDHTMQJTZJ/<>c	IDOMOCMDKCA	SFS.World.PlayerController/<>c	<TrackPlayer>b__28_1	0.95	ilhash	-
method	SFS.World.PTQXIIVDHTMQJTZJ/<>c	JKEOANKMAAA	SFS.World.PlayerController/<>c	<OnInputEnd>b__19_2	0.95	ilhash	-
method	SFS.World.PTQXIIVDHTMQJTZJ/<>c	FFMGJOOMEIH	SFS.World.PlayerController/<>c	<TrackPlayer>b__28_0	0.95	ilhash	-
method	SFS.World.PTQXIIVDHTMQJTZJ/<>c	EHPPJGEHMPM	SFS.World.PlayerController/<>c	<OnInputEnd>b__19_1	0.95	ilhash	-
method	SFS.World.PTQXIIVDHTMQJTZJ/<>c	LJAFOBJALBP	SFS.World.PlayerController/<>c	<OnInputEnd>b__19_0	0.95	ilhash	-
method	SFS.World.PTQXIIVDHTMQJTZJ/<>c	KDGENNNOCHA	SFS.World.PlayerController/<>c	<TrySelect>b__20_0	0.95	ilhash	-
method	SFS.World.PTQXIIVDHTMQJTZJ/<>c	HEJOMNDLDOO	SFS.World.PlayerController/<>c	<CyclePlayable>b__16_0	0.95	ilhash	-
method	SFS.World.PTQXIIVDHTMQJTZJ/<>c	MIHCCOBMLAD	SFS.World.PlayerController/<>c	<TrackPlayer>b__28_5	0.95	ilhash	-
field	SFS.World.PTQXIIVDHTMQJTZJ/<>c	<>9__16_4	SFS.World.PlayerController/<>c	<>9__16_5	0.80	shape	S
method	SFS.World.PTQXIIVDHTMQJTZJ/FLCMFMKGOOG	GKMNJLCNPAI	SFS.World.PlayerController/<>c__DisplayClass20_0	<TrySelect>b__1	0.95	ilhash	-
field	SFS.World.PTQXIIVDHTMQJTZJ/LEEKNAKJLDI	KENKILJABOH	SFS.World.PlayerController/ShakeEffect	intensity	0.30	order	I
field	SFS.World.PTQXIIVDHTMQJTZJ/LEEKNAKJLDI	PFDCMEFANPD	SFS.World.PlayerController/ShakeEffect	duration	0.30	order	I
field	SFS.World.PTQXIIVDHTMQJTZJ/LEEKNAKJLDI	HMCMMJIIMPL	SFS.World.PlayerController/ShakeEffect	spawnTime	0.30	order	I
method	SFS.World.PTQXIIVDHTMQJTZJ/PKKMNHAPPDJ	NNNMFKIGDGN	SFS.World.PlayerController/<>c__DisplayClass16_0	<CyclePlayable>b__6	0.95	ilhash	-
method	SFS.PVSVLGUJRTFOCDYI	COLAEGEDECM	SFS.InteriorManager	UpdateUI	0.95	ilhash	-
field	PWSZAUTUIGEFHTDE	PHDBAOAIBLC	SDWebImageManager	failedURLs	0.80	shape	I
method	PWSZAUTUIGEFHTDE/FHMIPAGAAFF	EDMNCBMDKIN	SDWebImageManager/<>c__DisplayClass2_0	<LoadImageWithURL>b__0	0.95	ilhash	-
method	PWSZAUTUIGEFHTDE/FHMIPAGAAFF	IOFIGIOCALH	SDWebImageManager/<>c__DisplayClass2_0	<LoadImageWithURL>b__1	0.95	ilhash	-
method	SFS.Stats.PZBDUHZDLTWFGDLO	KILCLCOCEPN	SFS.Stats.StatsRecorder	ShowMsg_Big	0.95	ilhash	S
method	SFS.Stats.PZBDUHZDLTWFGDLO	MDIHFHJAINK	SFS.Stats.StatsRecorder	Log_Planet	0.95	ilhash	S
method	SFS.Stats.PZBDUHZDLTWFGDLO	JFMPBNKNCDD	SFS.Stats.StatsRecorder	Log_Crash	0.95	ilhash	S
method	SFS.Stats.PZBDUHZDLTWFGDLO	IPDGHPMOHHH	SFS.Stats.StatsRecorder	<Load>g__SearchBranch|7_1	0.95	ilhash	S
method	SFS.Stats.PZBDUHZDLTWFGDLO	LKPNINOHLBF	SFS.Stats.StatsRecorder	Log_LeftCapsule	0.95	ilhash	S
method	SFS.Stats.PZBDUHZDLTWFGDLO	JNPDGFBAMNF	SFS.Stats.StatsRecorder	Initialize	0.95	ilhash	-
method	SFS.Stats.PZBDUHZDLTWFGDLO	CFLBIIEGOLC	SFS.Stats.StatsRecorder	get_Time	0.95	ilhash	S
method	SFS.Stats.PZBDUHZDLTWFGDLO	GGIHJNLPBNA	SFS.Stats.StatsRecorder	<OnSplit>g__SplitReentry|8_0	0.95	ilhash	S
method	SFS.Stats.PZBDUHZDLTWFGDLO	OKOKOLDMDOJ	SFS.Stats.StatsRecorder	Log_Landed	0.95	ilhash	S
method	SFS.Stats.PZBDUHZDLTWFGDLO	HFDOABCDLKJ	SFS.Stats.StatsRecorder	Log_Atmosphere	0.95	ilhash	S
method	SFS.Stats.PZBDUHZDLTWFGDLO	CEANOPLAHAL	SFS.Stats.StatsRecorder	Log_CollectRock	0.95	ilhash	S
method	SFS.Stats.PZBDUHZDLTWFGDLO	EGHEBFJLGBP	SFS.Stats.StatsRecorder	<Load>g__SearchBranch|7_2	0.95	ilhash	S
method	SFS.Stats.PZBDUHZDLTWFGDLO	BGGECHDJLIJ	SFS.Stats.StatsRecorder	OnPlanetChange	0.95	ilhash	-
method	SFS.Stats.PZBDUHZDLTWFGDLO	BGOELDBIKFG	SFS.Stats.StatsRecorder	Log_Orbit	0.95	ilhash	S
method	SFS.Stats.PZBDUHZDLTWFGDLO	FDNJPPDDCFF	SFS.Stats.StatsRecorder	Record	0.95	ilhash	-
method	SFS.Stats.PZBDUHZDLTWFGDLO	FIKHCOAKHMN	SFS.Stats.StatsRecorder	Log_Reentry	0.95	ilhash	S
method	SFS.Stats.PZBDUHZDLTWFGDLO	ALBEEONHOMC	SFS.Stats.StatsRecorder	Log_Height	0.95	ilhash	S
method	SFS.Stats.PZBDUHZDLTWFGDLO	JPBHDIKIHGE	SFS.Stats.StatsRecorder	<Load>g__GetLastEvent|7_0	0.95	ilhash	S
method	SFS.Stats.PZBDUHZDLTWFGDLO	NFJEGFLEMHM	SFS.Stats.StatsRecorder	Log_Flag	0.95	ilhash	S
method	SFS.Stats.PZBDUHZDLTWFGDLO	CMEJMLCPFHC	SFS.Stats.StatsRecorder	RecordEvent	0.95	ilhash	-
method	SFS.Stats.PZBDUHZDLTWFGDLO	LPEDJMJCHJA	SFS.Stats.StatsRecorder	ShowMsg_Small	0.95	ilhash	S
field	SFS.Stats.PZBDUHZDLTWFGDLO	PLMMENNKPBC	SFS.Stats.StatsRecorder	RecordTime	0.80	shape	S
field	SFS.Stats.PZBDUHZDLTWFGDLO	OENEEEBJBNI	SFS.Stats.StatsRecorder	location_Old	0.80	shape	I
method	SFS.Stats.PZBDUHZDLTWFGDLO/FAHPEBEEGDP	NBKNKMLBGBA	SFS.Stats.StatsRecorder/Tracker	NewCrashEvent	0.95	ilhash	P
method	SFS.Stats.PZBDUHZDLTWFGDLO/FAHPEBEEGDP	GBPBBMDALIC	SFS.Stats.StatsRecorder/Tracker	Record_Atmosphere	0.95	ilhash	P
method	SFS.Stats.PZBDUHZDLTWFGDLO/FAHPEBEEGDP	LPILJPBCGJF	SFS.Stats.StatsRecorder/Tracker	GetState	0.95	ilhash	SP
method	SFS.Stats.PZBDUHZDLTWFGDLO/FAHPEBEEGDP	NBIJPCFBDNH	SFS.Stats.StatsRecorder/Tracker	OnCrash	0.95	ilhash	P
method	SFS.Stats.PZBDUHZDLTWFGDLO/FAHPEBEEGDP	HMAMMNOJOAN	SFS.Stats.StatsRecorder/Tracker	Record_Height	0.95	ilhash	P
method	SFS.Stats.PZBDUHZDLTWFGDLO/FAHPEBEEGDP	CLGKEJFPBAI	SFS.Stats.StatsRecorder/Tracker	GetStartState	0.95	ilhash	SP
method	SFS.Stats.PZBDUHZDLTWFGDLO/FAHPEBEEGDP	PGJDOHAIKPH	SFS.Stats.StatsRecorder/Tracker	Record_Reentry	0.95	ilhash	P
method	SFS.Stats.PZBDUHZDLTWFGDLO/FAHPEBEEGDP	AOCPJHEKDBH	SFS.Stats.StatsRecorder/Tracker	NewReentryEvent	0.95	ilhash	P
method	SFS.Stats.PZBDUHZDLTWFGDLO/FAHPEBEEGDP	HMHPOCCICAK	SFS.Stats.StatsRecorder/Tracker	Record_Orbit	0.95	ilhash	P
method	SFS.Stats.PZBDUHZDLTWFGDLO/FAHPEBEEGDP	PMCIEINCJLB	SFS.Stats.StatsRecorder/Tracker	Record_Landed	0.95	ilhash	P
field	SFS.Stats.PZBDUHZDLTWFGDLO/FAHPEBEEGDP	HKNNKKJDMLF	SFS.Stats.StatsRecorder/Tracker	owner	0.30	order	I
field	SFS.Stats.PZBDUHZDLTWFGDLO/FAHPEBEEGDP	OLEKBBPMADJ	SFS.Stats.StatsRecorder/Tracker	state_Landed	0.80	shape	I
field	SFS.Stats.PZBDUHZDLTWFGDLO/FAHPEBEEGDP	DDOKKOBBGEP	SFS.Stats.StatsRecorder/Tracker	state_Height	0.80	shape	I
field	SFS.Stats.PZBDUHZDLTWFGDLO/FAHPEBEEGDP	CLGLIOOPPNC	SFS.Stats.StatsRecorder/Tracker	state_Orbit	0.30	order	I
field	SFS.Stats.PZBDUHZDLTWFGDLO/FAHPEBEEGDP	FIHIEBFKPEH	SFS.Stats.StatsRecorder/Tracker	state_Orbit_Old	0.30	order	I
field	SFS.Stats.PZBDUHZDLTWFGDLO/FAHPEBEEGDP	MLOBMHGAEIB	SFS.Stats.StatsRecorder/Tracker	state_Atmosphere	0.30	order	I
field	SFS.Stats.PZBDUHZDLTWFGDLO/FAHPEBEEGDP	HFLGPBCEEOA	SFS.Stats.StatsRecorder/Tracker	lastReentryEvent	0.30	order	I
field	SFS.Stats.PZBDUHZDLTWFGDLO/FAHPEBEEGDP	PHGFIHHNEIE	SFS.Stats.StatsRecorder/Tracker	lastCrashEvent	0.30	order	I
method	ModLoader.PackData	GGPNBLAOFDC	ModLoader.PackData	ExampleTexturePack	0.95	ilhash	SP
method	SFS.Parts.Modules.ParachuteModule	FNMFNMMGFCC	SFS.Parts.Modules.ParachuteModule	get_Location	0.95	ilhash	-
method	SFS.Parts.Modules.ParachuteModule	NLPKJACAAJA	SFS.Parts.Modules.ParachuteModule	SFS.Parts.Modules.I_PartMenu.Draw	0.95	ilhash	VN
method	SFS.Parts.Modules.ParachuteModule	ELAOIOGBAKH	SFS.Parts.Modules.ParachuteModule	AngleToOldPosition	0.95	ilhash	-
method	SFS.Parts.Modules.ParachuteModule	BJMPDMPNGMO	SFS.Parts.Modules.ParachuteModule	UpdateEnabled	0.95	ilhash	-
field	SFS.Parts.Modules.ParachuteModule	IOOBNEDMNKG	SFS.Parts.Modules.ParachuteModule	oldPosition	0.30	order	I
field	SFS.Parts.Modules.ParachuteModule	<JIIPJEEJEEM>k__BackingField	SFS.Parts.Modules.ParachuteModule	<Location>k__BackingField	0.30	order	I
prop	SFS.Parts.Modules.ParachuteModule	GPOBBJCNLAA	SFS.Parts.Modules.ParachuteModule	Location	0.90	accessor	P
field	SFS.Parts.Part	<KBCHNAHPKEE>k__BackingField	SFS.Parts.Part	<Rocket>k__BackingField	0.80	shape	I
field	SFS.Parts.Part	JFMJGALEFDD	SFS.Parts.Part	modules	0.80	shape	I
field	SFS.Parts.Part	IHDLIMJPICE	SFS.Parts.Part	moduleCount	0.80	shape	I
field	SFS.Parts.Part	<MCCCKFCCDJL>k__BackingField	SFS.Parts.Part	<LastAppliedIndex>k__BackingField	0.80	shape	I
field	SFS.Parts.Part	<JACJMCPJNHM>k__BackingField	SFS.Parts.Part	<ExposedSurface>k__BackingField	0.80	shape	I
prop	SFS.Parts.Part	LGBNFJCHPLN	SFS.Parts.Part	Rocket	0.90	accessor	P
prop	SFS.Parts.Part	ILJCNCIEEPM	SFS.Parts.Part	Position	0.90	accessor	P
prop	SFS.Parts.Part	HAIIOODDNEO	SFS.Parts.Part	Name	0.90	accessor	P
prop	SFS.Parts.Part	OFIAKAMIDGF	SFS.Parts.Part	IsHeatShield	0.90	accessor	P
prop	SFS.Parts.Part	DBEBEHPJFJK	SFS.Parts.Part	Temperature	0.90	accessor	P
prop	SFS.Parts.Part	EAJNKGGHHOP	SFS.Parts.Part	LastAppliedIndex	0.90	accessor	P
prop	SFS.Parts.Part	FEEPIGPEOMB	SFS.Parts.Part	ExposedSurface	0.90	accessor	P
prop	SFS.Parts.Part	EBGMIMHPPBB	SFS.Parts.Part	HeatTolerance	0.90	accessor	P
method	SFS.Parts.Part/<>c	HLHGIABECGH	SFS.Parts.Part/<>c	<DrawPartStats>b__16_35	0.95	ilhash	-
method	SFS.Parts.Part/<>c	CBONOILIHLE	SFS.Parts.Part/<>c	<DrawPartStats>b__16_31	0.95	ilhash	-
method	SFS.Parts.Part/<>c	CFOKIAMFJDH	SFS.Parts.Part/<>c	<DrawPartStats>b__16_28	0.95	ilhash	-
method	SFS.Parts.Part/<>c	LABMBBGBHFB	SFS.Parts.Part/<>c	<DrawPartStats>b__16_33	0.95	ilhash	-
method	SFS.Parts.Part/<>c	NLLAMJMBBOF	SFS.Parts.Part/<>c	<DrawPartStats>b__16_32	0.95	ilhash	-
method	SFS.Parts.Part/<>c	ACOKDMEHNHG	SFS.Parts.Part/<>c	<DrawPartStats>b__16_29	0.95	ilhash	-
method	SFS.Parts.Part/<>c	DEPJAOHHKJF	SFS.Parts.Part/<>c	<DrawPartStats>b__16_26	0.95	ilhash	-
method	SFS.Parts.Part/<>c	BAMNBJMCNCL	SFS.Parts.Part/<>c	<DrawPartStats>b__16_30	0.95	ilhash	-
method	SFS.Parts.Part/<>c	DLKHBNEHBCJ	SFS.Parts.Part/<>c	<DrawPartStats>b__16_23	0.95	ilhash	-
method	SFS.Parts.Part/<>c	JLKGAMFBEKG	SFS.Parts.Part/<>c	<DrawPartStats>b__16_7	0.95	ilhash	-
method	SFS.Parts.Part/<>c	LOMNMBPGFOF	SFS.Parts.Part/<>c	<GetOwnershipState>b__27_0	0.95	ilhash	-
method	SFS.Parts.Part/<>c	AFJAPJNAHNH	SFS.Parts.Part/<>c	<DrawPartStats>b__16_13	0.95	ilhash	-
method	SFS.Parts.Part/<>c	AKCNBFOHOHF	SFS.Parts.Part/<>c	<DrawPartStats>b__16_27	0.95	ilhash	-
method	SFS.Parts.Part/<>c	JFOKKEBLEKB	SFS.Parts.Part/<>c	<DrawPartStats>b__16_24	0.95	ilhash	-
method	SFS.Parts.Part/<>c	GACJDJIDKAB	SFS.Parts.Part/<>c	<DrawPartStats>b__16_25	0.95	ilhash	-
method	SFS.Parts.Part/<>c	GNGBLBAEMJC	SFS.Parts.Part/<>c	<InitializePart>b__31_0	0.95	ilhash	-
method	SFS.Parts.Part/<>c	GKLPLMFJCOC	SFS.Parts.Part/<>c	<DrawPartStats>b__16_20	0.95	ilhash	-
method	SFS.Parts.Part/<>c	HIIMPANAGAD	SFS.Parts.Part/<>c	<DrawPartStats>b__16_18	0.95	ilhash	-
method	SFS.Parts.Part/<>c	KCGKLPPMHPB	SFS.Parts.Part/<>c	<DrawPartStats>b__16_6	0.95	ilhash	-
method	SFS.Parts.Part/<>c	PKCBIFODDOO	SFS.Parts.Part/<>c	<DrawPartStats>b__16_21	0.95	ilhash	-
method	SFS.Parts.Part/<>c	PLEMOCKFCHA	SFS.Parts.Part/<>c	<InitializePart>b__31_1	0.95	ilhash	-
method	SFS.Parts.Part/<>c	CFOKIAMFJDH	SFS.Parts.Part/<>c	<DrawPartStats>b__16_22	0.95	ilhash	-
method	SFS.Parts.Part/<>c	GACJDJIDKAB	SFS.Parts.Part/<>c	<DrawPartStats>b__16_19	0.95	ilhash	-
method	SFS.Parts.Part/<>c	PKBODBLHJPA	SFS.Parts.Part/<>c	<DrawPartStats>b__16_17	0.95	ilhash	-
method	SFS.Parts.Part/<>c	GKLPLMFJCOC	SFS.Parts.Part/<>c	<DrawPartStats>b__16_14	0.95	ilhash	-
method	SFS.Parts.Part/<>c	FEFJECPLHJL	SFS.Parts.Part/<>c	<DrawPartStats>b__16_16	0.95	ilhash	-
method	SFS.Parts.Part/<>c	FJOFHKIIODF	SFS.Parts.Part/<>c	<DrawPartStats>b__16_34	0.95	ilhash	-
method	SFS.Parts.Part/<>c	CBMENGALFBG	SFS.Parts.Part/<>c	<DrawPartStats>b__16_11	0.95	ilhash	-
method	SFS.Parts.Part/<>c	KCEKLAGGEIB	SFS.Parts.Part/<>c	<DrawPartStats>b__16_15	0.95	ilhash	-
method	SFS.Parts.Part/<>c	BNKBGHDIPJO	SFS.Parts.Part/<>c	<DrawPartStats>b__16_10	0.95	ilhash	-
method	SFS.Parts.Part/<>c	ODNIJLLCDLG	SFS.Parts.Part/<>c	<DrawPartStats>b__16_12	0.95	ilhash	-
method	SFS.Parts.Part/<>c	AINDMFBODHK	SFS.Parts.Part/<>c	<DrawPartStats>b__16_9	0.95	ilhash	-
method	SFS.Parts.Part/<>c	ANPMIHHIOOM	SFS.Parts.Part/<>c	<DrawPartStats>b__16_8	0.95	ilhash	-
method	SFS.Parts.Part/IOIKANBPCNJ	CMFCNOADPLD	SFS.Parts.Part/<>c__DisplayClass16_0	<DrawPartStats>b__5	0.95	ilhash	-
method	SFS.Parts.Part/IOIKANBPCNJ	FPIKEOEJHPO	SFS.Parts.Part/<>c__DisplayClass16_0	<DrawPartStats>b__3	0.95	ilhash	-
method	SFS.Parts.Part/IOIKANBPCNJ	DKAAEMKPOCH	SFS.Parts.Part/<>c__DisplayClass16_0	<DrawPartStats>b__4	0.95	ilhash	-
method	SFS.Parts.Part/IOIKANBPCNJ	IOBJOPEIMEC	SFS.Parts.Part/<>c__DisplayClass16_0	<DrawPartStats>b__0	0.95	ilhash	-
method	SFS.Parts.Part/IOIKANBPCNJ	MJKHGPNCOAK	SFS.Parts.Part/<>c__DisplayClass16_0	<DrawPartStats>b__2	0.95	ilhash	-
method	SFS.Parts.Part/IOIKANBPCNJ	JMLPKHHKCFK	SFS.Parts.Part/<>c__DisplayClass16_0	<DrawPartStats>b__1	0.95	ilhash	-
method	SFS.Parts.Part/IOIKANBPCNJ	KOCBLEMMONJ	SFS.Parts.Part/<>c__DisplayClass16_0	<DrawPartStats>g__DrawMultiple|36	0.95	ilhash	-
method	SFS.Parts.PartHolder	PJDFDCNLPIL	SFS.Parts.PartHolder	<AddParts>b__7_0	0.95	ilhash	-
method	SFS.Parts.PartHolder	OCIMOCGKNHG	SFS.Parts.PartHolder	ResetModules	0.95	ilhash	-
method	SFS.Parts.PartHolder	OBOBAKGABAM	SFS.Parts.PartHolder	CollectModules	0.95	ilhash	-
method	SFS.Parts.PartHolder	LMMBODCCBKL	SFS.Parts.PartHolder	CollectModuleCount	0.95	ilhash	-
field	SFS.Parts.PartHolder	LKKNCBJCOKM	SFS.Parts.PartHolder	cachedArray	0.80	shape	I
field	SFS.Parts.PartHolder	JFMJGALEFDD	SFS.Parts.PartHolder	modules	0.80	shape	I
field	SFS.Parts.PartHolder	IHDLIMJPICE	SFS.Parts.PartHolder	moduleCount	0.80	shape	I
method	SFS.Parts.PartHolder/<>c__20`1	LMICOBCLILP	SFS.Parts.PartHolder/<>c__20`1	<CollectModuleCount>b__20_0	0.95	ilhash	-
method	SFS.Parts.PartHolder/CKLKPNIMAGM	DIHMIAEJLGO	SFS.Parts.PartHolder/<>c__DisplayClass22_0	<TrackParts>b__0	0.95	ilhash	-
method	SFS.Parts.PartHolder/CKLKPNIMAGM	BEFDAHPFPMK	SFS.Parts.PartHolder/<>c__DisplayClass22_0	<TrackParts>b__1	0.95	ilhash	-
method	SFS.Parts.PartHolder/DDBFMCPFFIH	LHHFECOPMFC	SFS.Parts.PartHolder/<>c__DisplayClass23_0`1	<TrackModules>b__1	0.95	ilhash	-
method	SFS.Parts.PartHolder/DDBFMCPFFIH	KGFJHDBKCII	SFS.Parts.PartHolder/<>c__DisplayClass23_0`1	<TrackModules>b__0	0.95	ilhash	-
method	SFS.World.PartJoint	JPIOGFBJEII	SFS.World.PartJoint	GetOtherPart	0.95	ilhash	P
method	SFS.World.PartJoint	BJEFNIGEOKL	SFS.World.PartJoint	GetRelativeAnchor	0.95	ilhash	P
method	SFS.Parts.PartTexture	OANPJGAHNBK	SFS.Parts.PartTexture	GetCenterUV	0.95	ilhash	-
method	SFS.Parts.PartTexture	MAPCHELGCOK	SFS.Parts.PartTexture	<Get_UV>g__AddQuad|10_1	0.95	ilhash	-
method	SFS.Parts.PartTexture	IEMHBKGAAHM	SFS.Parts.PartTexture	<Get_UV>g__GetCenterSize|10_2	0.95	ilhash	-
method	SFS.Parts.PartTexture	MOCPFDLEFKO	SFS.Parts.PartTexture	GetAspectRatio	0.95	ilhash	-
method	SFS.Parts.PartTexture	MKPDABNEMBF	SFS.Parts.PartTexture	GetTopBorderSize	0.95	ilhash	-
method	SFS.Parts.PartTexture	HOINNFLGBOG	SFS.Parts.PartTexture	GetBestTexture	0.95	ilhash	P
method	SFS.Parts.PartTexture	JONABBLNFMK	SFS.Parts.PartTexture	GetBottomBorderSize	0.95	ilhash	-
method	SFS.Parts.PartTexture	FEFHALGCPPC	SFS.Parts.PartTexture	Get_UV	0.95	ilhash	P
method	SFS.Parts.PartTexture	EPHNNEJCHHE	SFS.Parts.PartTexture	<Get_UV>g__AddQuadClamped|10_0	0.95	ilhash	-
method	SFS.Parts.Modules.ParticleModule	MNLKPHOHHEJ	SFS.Parts.Modules.ParticleModule	get_Options	0.95	ilhash	-
field	SFS.Parts.Modules.ParticleModule	<KBCHNAHPKEE>k__BackingField	SFS.Parts.Modules.ParticleModule	<Rocket>k__BackingField	0.80	shape	I
prop	SFS.Parts.Modules.ParticleModule	LGBNFJCHPLN	SFS.Parts.Modules.ParticleModule	Rocket	0.90	accessor	P
method	SFS.Parts.PartsLoader/<>c	NNNMPFEHMNB	SFS.Parts.PartsLoader/<>c	<DuplicateParts>b__14_0	0.95	ilhash	-
method	SFS.Parts.PartsLoader/<>c	INMLBAMLKOF	SFS.Parts.PartsLoader/<>c	<LoadParts>b__9_0	0.95	ilhash	-
method	SFS.Parts.PartsLoader/<>c	AAGFOFJKJIL	SFS.Parts.PartsLoader/<>c	<LoadParts>b__9_1	0.95	ilhash	-
method	SFS.Parts.PartsLoader/<>c	IAEPLBBEKEL	SFS.Parts.PartsLoader/<>c	<LoadParts>b__9_2	0.95	ilhash	-
field	SFS.Parts.PartsLoader/<>c	<>9__10_0	SFS.Parts.PartsLoader/<>c	<>9__9_0	0.80	shape	S
field	SFS.Parts.PartsLoader/<>c	<>9__10_1	SFS.Parts.PartsLoader/<>c	<>9__9_1	0.80	shape	S
field	SFS.Parts.PartsLoader/<>c	<>9__10_2	SFS.Parts.PartsLoader/<>c	<>9__9_2	0.30	order	S
field	SFS.Parts.PartsLoader/<>c	<>9__15_0	SFS.Parts.PartsLoader/<>c	<>9__14_0	0.30	order	S
method	SFS.Parts.PartsLoader/DMEKNBJBLHL	GEIPBPPHEDA	SFS.Parts.PartsLoader/<>c__DisplayClass10_0	<CreatePart>b__0	0.95	ilhash	-
method	SFS.Parts.PartsLoader/DMEKNBJBLHL	NBKFLHIPIIN	SFS.Parts.PartsLoader/<>c__DisplayClass10_0	<CreatePart>b__1	0.95	ilhash	-
method	SFS.Parts.PartsLoader/MODHHLCFOFJ	FDJBAHBIBJP	SFS.Parts.PartsLoader/<>c__DisplayClass12_0	<CreatePart>g__CreatePlaceholderPart|1	0.95	ilhash	-
method	SFS.Parts.PartsLoader/MODHHLCFOFJ	PFGACACOFDA	SFS.Parts.PartsLoader/<>c__DisplayClass12_0	<CreatePart>g__HandleNotOwned|4	0.95	ilhash	-
method	SFS.Parts.PartsLoader/MODHHLCFOFJ	ENAHANFFLGI	SFS.Parts.PartsLoader/<>c__DisplayClass12_0	<CreatePart>g__LoadBurn|3	0.95	ilhash	-
method	SFS.Parts.PartsLoader/MODHHLCFOFJ	GEIPBPPHEDA	SFS.Parts.PartsLoader/<>c__DisplayClass12_0	<CreatePart>b__0	0.95	ilhash	-
method	SFS.Parts.PartsLoader/MODHHLCFOFJ	LFIONENIHID	SFS.Parts.PartsLoader/<>c__DisplayClass12_0	<CreatePart>g__ApplySaveData|2	0.95	ilhash	-
method	SFS.Parts.Modules.PipeData	GIPDINMLOKO	SFS.Parts.Modules.PipeData	Depth	0.95	ilhash	S
method	SFS.Parts.Modules.PipeData	NCBEEPMPJHO	SFS.Parts.Modules.PipeData	ToFastPoints	0.95	ilhash	S
method	SFS.Parts.Modules.PipeData	FKNEMOCHPIK	SFS.Parts.Modules.PipeData	GetDistanceSqrt	0.95	ilhash	S
method	SFS.Parts.Modules.PipeData	CJFJJDPLFCB	SFS.Parts.Modules.PipeData	StoreShape	0.95	ilhash	-
method	SFS.Parts.Modules.PipeData	LMBFHNECDCN	SFS.Parts.Modules.PipeData	ShapeMatches	0.95	ilhash	-
method	SFS.Parts.Modules.PipeData	LAJPJDPPFNF	SFS.Parts.Modules.PipeData	SetData	0.95	ilhash	-
field	SFS.Parts.Modules.PipeData	KFDNJCCMOJC	SFS.Parts.Modules.PipeData	lastReduceResolution	0.80	shape	I
field	SFS.Parts.Modules.PipeData	JHODDJPEIIP	SFS.Parts.Modules.PipeData	ShapeStride	0.80	shape	S
field	SFS.Parts.Modules.PipeData	MMEOLJECJHE	SFS.Parts.Modules.PipeData	lastShape	0.80	shape	I
method	SFS.Parts.Modules.PipeMesh	COJODFGGNIF	SFS.Parts.Modules.PipeMesh	I_InitializePartModule.get_Priority	0.95	ilhash	VN
method	SFS.Parts.Modules.PipeMesh	NMGLDOKCNON	SFS.Parts.Modules.PipeMesh	GetLightDirection	0.95	ilhash	-
method	SFS.Parts.Modules.PipeMesh	KEDDJIFFGCD	SFS.Parts.Modules.PipeMesh	GetSlopeShading	0.95	ilhash	-
method	SFS.Parts.Modules.PipeMesh	MPANNLKJPHL	SFS.Parts.Modules.PipeMesh	GetSlopeShade	0.95	ilhash	-
method	SFS.Parts.Modules.PipeMesh	BOGBFJLCIGC	SFS.Parts.Modules.PipeMesh	I_InitializePartModule.Initialize	0.95	ilhash	VN
method	SFS.Parts.Modules.PipeMesh	HEDMDECCGKI	SFS.Parts.Modules.PipeMesh	GetMeshQuads	0.95	ilhash	-
method	SFS.Parts.Modules.PipeMesh	AKGAIKACGIA	SFS.Parts.Modules.PipeMesh	Get_UV_Channels	0.95	ilhash	-
method	SFS.Parts.Modules.PipeMesh	BFGJLNOMLFH	SFS.Parts.Modules.PipeMesh	GetQuadIndices	0.95	ilhash	-
field	SFS.Parts.Modules.PipeMesh	LFBIFEGLGOP	SFS.Parts.Modules.PipeMesh	initialized	0.80	shape	I
field	SFS.Parts.Modules.PipeMesh	LOKDGGGHKPA	SFS.Parts.Modules.PipeMesh	uv_Channels	0.30	order	I
field	SFS.Parts.Modules.PipeMesh	AGIKJOEPGGC	SFS.Parts.Modules.PipeMesh	uv_Elements	0.80	shape	I
field	SFS.Parts.Modules.PipeMesh	BOMNGFPJHGG	SFS.Parts.Modules.PipeMesh	splittables	0.30	order	I
field	SFS.Parts.Modules.PipeMesh	ELAFIKNPNJK	SFS.Parts.Modules.PipeMesh	slopeShading	0.80	shape	I
field	SFS.Parts.Modules.PipeMesh	JBJDNIDOOPB	SFS.Parts.Modules.PipeMesh	data	0.80	shape	I
field	SFS.Parts.Modules.PipeMesh	DFBPCFHCEOE	SFS.Parts.Modules.PipeMesh	NoM	0.80	shape	S
field	SFS.Parts.Modules.PipeMesh	GIDBCMLNEIA	SFS.Parts.Modules.PipeMesh	quadIndices	0.80	shape	I
field	SFS.Parts.Modules.PipeMesh	GJNLOBNLPFE	SFS.Parts.Modules.PipeMesh	shade	0.80	shape	I
method	SFS.Parts.Modules.PipeSurface	COJODFGGNIF	SFS.Parts.Modules.PipeSurface	I_InitializePartModule.get_Priority	0.95	ilhash	VN
method	SFS.Parts.Modules.PipeSurface	BOGBFJLCIGC	SFS.Parts.Modules.PipeSurface	I_InitializePartModule.Initialize	0.95	ilhash	VN
method	SFS.WorldBase.PlanetData	MIKLFLMFJBJ	SFS.WorldBase.PlanetData	OnDeserializedMethod	0.95	ilhash	-
method	PlanetData_Old/AtmosphereModule_Old/SerializableGradient_Old/Key	HDGFGJMBPJE	PlanetData_Old/AtmosphereModule_Old/SerializableGradient_Old/Key	GetColor	0.95	ilhash	P
method	PlanetData_Old/ColorGradingGradient_Old/Key	HCELCLJDNDE	PlanetData_Old/ColorGradingGradient_Old/Key	Default	0.95	ilhash	-
method	PlanetData_Old/MyVector2	BONILDIBHFG	PlanetData_Old/MyVector2	ToVector2	0.95	ilhash	P
method	SFS.Variables.Planet_Local	MFNOGGJCACK	SFS.Variables.Planet_Local	IsEqual	0.95	ilhash	V
method	PlatformUtilities	MEKHCJDKOHH	PlatformUtilities	MakeID	0.95	ilhash	P
method	PlatformUtilities	CNLGKIIOMNH	PlatformUtilities	<Initialize>b__3_0	0.95	ilhash	-
method	PlatformUtilities	JNPDGFBAMNF	PlatformUtilities	Initialize	0.95	ilhash	P
method	PlatformUtilities	OHIDJAEGBJP	PlatformUtilities	GetPlatformID	0.95	ilhash	P
method	SFS.World.Player_Local	MFNOGGJCACK	SFS.World.Player_Local	IsEqual	0.95	ilhash	V
method	SFS.Parts.Modules.PolygonCollider	COJODFGGNIF	SFS.Parts.Modules.PolygonCollider	I_InitializePartModule.get_Priority	0.95	ilhash	VN
method	SFS.Parts.Modules.PolygonCollider	BOGBFJLCIGC	SFS.Parts.Modules.PolygonCollider	I_InitializePartModule.Initialize	0.95	ilhash	VN
method	SFS.Parts.Modules.PolygonCollider	OCDFJLOJLME	SFS.Parts.Modules.PolygonCollider	BuildCollider	0.95	ilhash	-
method	SFS.Parts.Modules.PolygonData	LAJPJDPPFNF	SFS.Parts.Modules.PolygonData	SetData	0.95	ilhash	-
method	SFS.Parts.Modules.PolygonData	EFFPENBFKDH	SFS.Parts.Modules.PolygonData	get_OwnEngineNozzle	0.95	ilhash	VN
prop	SFS.Parts.Modules.PolygonData	PIGPGOGNHEC	SFS.Parts.Modules.PolygonData	Click	0.90	accessor	P
prop	SFS.Parts.Modules.PolygonData	OCDFJLOJLME	SFS.Parts.Modules.PolygonData	BuildCollider	0.90	accessor	P
prop	SFS.Parts.Modules.PolygonData	OFCNPEDDGIN	SFS.Parts.Modules.PolygonData	BuildCollider_IncludeInactive	0.90	accessor	P
prop	SFS.Parts.Modules.PolygonData	DPJIOEGKKGO	SFS.Parts.Modules.PolygonData	PhysicsCollider_IncludeInactive	0.90	accessor	P
prop	SFS.Parts.Modules.PolygonData	CPIGMFPEIEI	SFS.Parts.Modules.PolygonData	AttachByOverlap	0.90	accessor	P
prop	SFS.Parts.Modules.PolygonData	FKCJCOAFKLD	SFS.Parts.Modules.PolygonData	BaseDepth	0.90	accessor	P
method	SFS.Parts.Modules.PolygonMesh	MKPPMDJFMIN	SFS.Parts.Modules.PolygonMesh	GetShading	0.95	ilhash	S
method	SFS.Parts.Modules.PolygonMesh	BOGBFJLCIGC	SFS.Parts.Modules.PolygonMesh	I_InitializePartModule.Initialize	0.95	ilhash	VN
method	SFS.Parts.Modules.PolygonMesh	COJODFGGNIF	SFS.Parts.Modules.PolygonMesh	I_InitializePartModule.get_Priority	0.95	ilhash	VN
method	SFS.Parts.Modules.PolygonMesh	FCHMLECJFDD	SFS.Parts.Modules.PolygonMesh	GetColors	0.95	ilhash	-
method	SFS.Parts.Modules.PolygonMesh	KCOJAANNOCO	SFS.Parts.Modules.PolygonMesh	GetDepths	0.95	ilhash	S
method	SFS.Parts.Modules.PolygonMesh	AKGAIKACGIA	SFS.Parts.Modules.PolygonMesh	Get_UV_Channels	0.95	ilhash	-
field	SFS.Parts.Modules.PolygonMesh	LFBIFEGLGOP	SFS.Parts.Modules.PolygonMesh	initialized	0.80	shape	I
prop	SFS.Parts.Modules.PositionModule	JILLOPBCKEJ	SFS.Parts.Modules.PositionModule	Priority	0.90	accessor	P
method	SFS.World.PlanetModules.PostProcessingModule	JEBJDILGFIE	SFS.World.PlanetModules.PostProcessingModule	Lerp	0.95	ilhash	SP
method	SFS.World.PlanetModules.PostProcessingModule	OADLJALMIPL	SFS.World.PlanetModules.PostProcessingModule	Evaluate	0.95	ilhash	P
method	QATEOXDOEPJBJRWX	JLFKBJBGKDK	AeroMesh	GetPoints	0.95	ilhash	S
method	QATEOXDOEPJBJRWX	NHDKJIGLBGA	AeroMesh	GetVertices	0.95	ilhash	S
method	QATEOXDOEPJBJRWX	JMKNENMICMC	AeroMesh	<GetM>g__GetM|13_0	0.95	ilhash	S
method	QATEOXDOEPJBJRWX	ADKMFKPINHI	AeroMesh	SideFade_Insert	0.95	ilhash	S
method	QATEOXDOEPJBJRWX	HEJMPJCNKGA	AeroMesh	GetM	0.95	ilhash	-
field	QATEOXDOEPJBJRWX	DBEBEHPJFJK	AeroMesh	Temperature	0.30	order	S
field	QATEOXDOEPJBJRWX	ACPCPONIALI	AeroMesh	Opacity	0.30	order	S
field	QATEOXDOEPJBJRWX	AEFLMICLMHM	AeroMesh	SlopeReduction	0.80	shape	S
method	QATEOXDOEPJBJRWX/<>c	GHMKHNPEHID	AeroMesh/<>c	<GenerateMesh>b__11_1	0.95	ilhash	-
field	QATEOXDOEPJBJRWX/HACMGPAHLHH	JINJBHMPMAP	AeroMesh/Data	velocityAngle_Rad	0.80	shape	I
field	QATEOXDOEPJBJRWX/HACMGPAHLHH	EFDBKOFFDAB	AeroMesh/Data	localToWorld	0.30	order	I
field	QATEOXDOEPJBJRWX/HACMGPAHLHH	JBJDNIDOOPB	AeroMesh/Data	data	0.30	order	I
field	QATEOXDOEPJBJRWX/HACMGPAHLHH	FNODKDFNABA	AeroMesh/Data	curveData	0.80	shape	I
field	QATEOXDOEPJBJRWX/HACMGPAHLHH	EKEMGILCIJJ	AeroMesh/Data	sampleCurve	0.80	shape	I
method	QATEOXDOEPJBJRWX/NIELHOLKOCI	JIBCEALCDOP	AeroMesh/<>c__DisplayClass11_1	<GenerateMesh>b__3	0.95	ilhash	-
method	QATEOXDOEPJBJRWX/OPLGPMDIIBI	FGJLJPDFNNP	AeroMesh/<>c__DisplayClass11_0	<GenerateMesh>g__Get_UV_Y|0	0.95	ilhash	-
method	QATEOXDOEPJBJRWX/OPLGPMDIIBI	EGBLHAFFEKM	AeroMesh/<>c__DisplayClass11_0	<GenerateMesh>b__2	0.95	ilhash	-
method	SFS.Builds.QBGQFCTAOOXFGUUR	NKGHCDKEMGH	SFS.Builds.BuildState	<Clear>g__Record|13_1	0.95	ilhash	S
method	SFS.Builds.QBGQFCTAOOXFGUUR	OJEOBMEFFDI	SFS.Builds.BuildState	SpawnBlueprint	0.95	ilhash	-
method	SFS.Builds.QBGQFCTAOOXFGUUR	BGJONGKIKJA	SFS.Builds.BuildState	<Clear>g__ClearCrew|13_0	0.95	ilhash	S
method	SFS.Builds.QBGQFCTAOOXFGUUR/<>c	CLPECDPGEBO	SFS.Builds.BuildState/<>c	<SpawnBlueprint>b__11_0	0.95	ilhash	-
method	SFS.Builds.QBGQFCTAOOXFGUUR/<>c	INEAKPPMBON	SFS.Builds.BuildState/<>c	<SpawnBlueprint>b__11_4	0.95	ilhash	-
method	SFS.Builds.QBGQFCTAOOXFGUUR/<>c	EOMMCEFADNA	SFS.Builds.BuildState/<>c	<SpawnBlueprint>b__11_3	0.95	ilhash	-
method	SFS.Builds.QBGQFCTAOOXFGUUR/<>c	PDNMPLLIKAK	SFS.Builds.BuildState/<>c	<SpawnBlueprint>b__11_2	0.95	ilhash	-
method	SFS.Builds.QBGQFCTAOOXFGUUR/<>c	PJMJKOEKBKL	SFS.Builds.BuildState/<>c	<SpawnBlueprint>b__11_5	0.95	ilhash	-
method	SFS.Builds.QBGQFCTAOOXFGUUR/<>c	AIPBKPHCHCD	SFS.Builds.BuildState/<>c	<SpawnBlueprint>b__11_1	0.95	ilhash	-
method	SFS.Builds.QBGQFCTAOOXFGUUR/<>c	LIDFFDJBJLP	SFS.Builds.BuildState/<>c	<Clear>b__13_2	0.95	ilhash	-
method	SFS.World.QBZJRLBUQNOUYDFI	KDEBFMJBPHO	SFS.World.ResourceDrawer	<Start>b__11_2	0.95	ilhash	-
method	SFS.World.QBZJRLBUQNOUYDFI	DLLKDCFOHJA	SFS.World.ResourceDrawer	ForceRedraw	0.95	ilhash	-
method	SFS.World.QBZJRLBUQNOUYDFI	DOIOOJGMPKM	SFS.World.ResourceDrawer	OnPlayerChange	0.95	ilhash	-
method	SFS.World.QBZJRLBUQNOUYDFI	PPDDHNALNOP	SFS.World.ResourceDrawer	CheckRedraw	0.95	ilhash	-
method	SFS.World.QBZJRLBUQNOUYDFI	OJMDKFKPOJC	SFS.World.ResourceDrawer	<Start>b__11_0	0.95	ilhash	-
method	SFS.World.QBZJRLBUQNOUYDFI	PLEANIAPEJP	SFS.World.ResourceDrawer	DrawSingleResource	0.95	ilhash	-
method	SFS.World.QBZJRLBUQNOUYDFI	PNLBDIGFBFM	SFS.World.ResourceDrawer	OnResourcesChange	0.95	ilhash	-
method	SFS.World.QBZJRLBUQNOUYDFI	IMHJJNLDNML	SFS.World.ResourceDrawer	PositionTemperatureHolder	0.95	ilhash	-
method	SFS.World.QBZJRLBUQNOUYDFI	AKHFDDLNKNK	SFS.World.ResourceDrawer	ResetDraw	0.95	ilhash	-
field	SFS.World.QBZJRLBUQNOUYDFI	LMCIICJJKMD	SFS.World.ResourceDrawer	target	0.80	shape	I
field	SFS.World.QBZJRLBUQNOUYDFI	ELMGJCFNBFL	SFS.World.ResourceDrawer	resourceNames	0.30	order	I
field	SFS.World.QBZJRLBUQNOUYDFI	FGDAEPNNCEI	SFS.World.ResourceDrawer	resourceBars	0.30	order	I
field	SFS.World.QBZJRLBUQNOUYDFI	IEKGOJMIMKD	SFS.World.ResourceDrawer	onResetElements	0.80	shape	I
field	SFS.World.QBZJRLBUQNOUYDFI	JLLMLCAGCOG	SFS.World.ResourceDrawer	currentState	0.80	shape	I
method	SFS.World.QBZJRLBUQNOUYDFI/<>c	OIFNCOHBGEL	SFS.World.ResourceDrawer/<>c	<CheckRedraw>b__19_4	0.95	ilhash	-
method	SFS.World.QBZJRLBUQNOUYDFI/<>c	LJBIBDKDGNO	SFS.World.ResourceDrawer/<>c	<Start>b__11_3	0.95	ilhash	-
method	SFS.World.QBZJRLBUQNOUYDFI/<>c	EDOEDBKELGC	SFS.World.ResourceDrawer/<>c	<OnResourcesChange>b__14_0	0.95	ilhash	-
method	SFS.World.QBZJRLBUQNOUYDFI/<>c	MPJKJPGIAHA	SFS.World.ResourceDrawer/<>c	<Start>b__11_1	0.95	ilhash	-
method	SFS.World.QBZJRLBUQNOUYDFI/<>c	NBOBKFPHONO	SFS.World.ResourceDrawer/<>c	<CheckRedraw>b__19_1	0.95	ilhash	-
method	SFS.World.QBZJRLBUQNOUYDFI/ANCBPCNAIBC	NLBJGPNIIJJ	SFS.World.ResourceDrawer/<>c__DisplayClass19_2	<CheckRedraw>g__UpdateTitle|10	0.95	ilhash	-
method	SFS.World.QBZJRLBUQNOUYDFI/ANCBPCNAIBC	MADDPNGGOMI	SFS.World.ResourceDrawer/<>c__DisplayClass19_2	<CheckRedraw>b__9	0.95	ilhash	-
method	SFS.World.QBZJRLBUQNOUYDFI/BNCDDHDCNNB	ABKOFOCKIDK	SFS.World.ResourceDrawer/<>c__DisplayClass19_3	<CheckRedraw>b__11	0.95	ilhash	-
method	SFS.World.QBZJRLBUQNOUYDFI/BNCDDHDCNNB	PONGIOOJCDD	SFS.World.ResourceDrawer/<>c__DisplayClass19_3	<CheckRedraw>g__OnChange|12	0.95	ilhash	-
method	SFS.World.QBZJRLBUQNOUYDFI/FFOHDEPFAGF	JACFMHCKLCO	SFS.World.ResourceDrawer/<>c__DisplayClass20_0	<DrawSingleResource>b__2	0.95	ilhash	-
method	SFS.World.QBZJRLBUQNOUYDFI/FFOHDEPFAGF	JBKDFLBIBKG	SFS.World.ResourceDrawer/<>c__DisplayClass20_0	<DrawSingleResource>g__OnChange|3	0.95	ilhash	-
method	SFS.World.QBZJRLBUQNOUYDFI/FFOHDEPFAGF	GAJNJBJJBAF	SFS.World.ResourceDrawer/<>c__DisplayClass20_0	<DrawSingleResource>g__UpdateTitle|1	0.95	ilhash	-
method	SFS.World.QBZJRLBUQNOUYDFI/FFOHDEPFAGF	INIEBKPJDEG	SFS.World.ResourceDrawer/<>c__DisplayClass20_0	<DrawSingleResource>b__0	0.95	ilhash	-
method	SFS.World.QBZJRLBUQNOUYDFI/GIEIBCHNPPB	GNIFHONOEMA	SFS.World.ResourceDrawer/<>c__DisplayClass19_0	<CheckRedraw>g__NeedsRedraw|2	0.95	ilhash	-
method	SFS.World.QBZJRLBUQNOUYDFI/GIEIBCHNPPB	GJKNIDFOOIA	SFS.World.ResourceDrawer/<>c__DisplayClass19_0	<CheckRedraw>g__CompleteDraw|3	0.95	ilhash	-
method	SFS.World.QBZJRLBUQNOUYDFI/GIEIBCHNPPB	IEIMEKFMGBA	SFS.World.ResourceDrawer/<>c__DisplayClass19_0	<CheckRedraw>g__A|0	0.95	ilhash	-
method	SFS.World.QBZJRLBUQNOUYDFI/JAANNAMAPJO	PDIILBBLGJF	SFS.World.ResourceDrawer/<>c__DisplayClass19_1	<CheckRedraw>b__6	0.95	ilhash	-
method	SFS.World.QBZJRLBUQNOUYDFI/JAANNAMAPJO	DOCCLIDPKGE	SFS.World.ResourceDrawer/<>c__DisplayClass19_1	<CheckRedraw>b__5	0.95	ilhash	-
method	SFS.World.QBZJRLBUQNOUYDFI/JAANNAMAPJO	JMIPJGGKKAM	SFS.World.ResourceDrawer/<>c__DisplayClass19_1	<CheckRedraw>g__Redraw|8	0.95	ilhash	-
method	SFS.World.QBZJRLBUQNOUYDFI/JAANNAMAPJO	JOAPPEKBHAN	SFS.World.ResourceDrawer/<>c__DisplayClass19_1	<CheckRedraw>b__7	0.95	ilhash	-
method	SFS.World.QBZJRLBUQNOUYDFI/JOONLFHHMNL	IJLJBLEFJIN	SFS.World.ResourceDrawer/I_Resource	get_ResourceType	0.75	virtual-order	VANP
method	SFS.World.QBZJRLBUQNOUYDFI/JOONLFHHMNL	LDKIIBILKBD	SFS.World.ResourceDrawer/I_Resource	get_WetMass	0.45	virtual-order?	VANP
method	SFS.World.QBZJRLBUQNOUYDFI/JOONLFHHMNL	KBLEJFFLGPP	SFS.World.ResourceDrawer/I_Resource	get_ResourcePercent	0.45	virtual-order?	VANP
method	SFS.World.QBZJRLBUQNOUYDFI/KAOAENJPHGM	MNMPCLNCJJE	SFS.World.ResourceDrawer/<>c__DisplayClass14_0	<OnResourcesChange>b__2	0.95	ilhash	-
method	SFS.World.QBZJRLBUQNOUYDFI/KAOAENJPHGM	FLCPOAIECIK	SFS.World.ResourceDrawer/<>c__DisplayClass14_0	<OnResourcesChange>b__1	0.95	ilhash	-
method	SFS.Translations.QEQIMTSSRBXMLEEL	HAEGEJPIFDM	SFS.Translations.FontSetter	SetFont	0.95	ilhash	-
method	SFS.Translations.QEQIMTSSRBXMLEEL	GJIBPEANHFO	SFS.Translations.FontSetter	UpdateFont	0.95	ilhash	-
method	SFS.Translations.QEQIMTSSRBXMLEEL	FFIPAJAELNG	SFS.Translations.FontSetter	TMP_SetFont	0.95	ilhash	-
method	SFS.Translations.QEQIMTSSRBXMLEEL	JNPDGFBAMNF	SFS.Translations.FontSetter	Initialize	0.95	ilhash	-
field	SFS.Translations.QEQIMTSSRBXMLEEL	EJPMHHPBBAH	SFS.Translations.FontSetter	textComponent	0.80	shape	I
field	SFS.Translations.QEQIMTSSRBXMLEEL	MHELDBJNKEF	SFS.Translations.FontSetter	textMeshComponent	0.30	order	I
field	SFS.Translations.QEQIMTSSRBXMLEEL	FOAHPBJPMLE	SFS.Translations.FontSetter	tmpTextComponent	0.80	shape	I
field	SFS.Translations.QEQIMTSSRBXMLEEL	MCNAMJMNOEE	SFS.Translations.FontSetter	textMeshRendererComponent	0.80	shape	I
field	SFS.Translations.QEQIMTSSRBXMLEEL	ICOGAEPIFCD	SFS.Translations.FontSetter	textMeshUguiComponent	0.30	order	I
field	SFS.Translations.QEQIMTSSRBXMLEEL	HIBOHCKGNND	SFS.Translations.FontSetter	isInitialized	0.80	shape	I
method	SFS.UI.QFGOPGJXDHCIKEFR	MKJGEBFNIMI	SFS.UI.SkipUI	SFS.Input.I_Touchable.OnZoom	0.95	ilhash	VN
method	SFS.UI.QFGOPGJXDHCIKEFR	LDKLBOIIHML	SFS.UI.SkipUI	SFS.Input.I_Touchable.OnDrag	0.95	ilhash	VN
method	SFS.UI.QFGOPGJXDHCIKEFR	FNLFIEFOCAO	SFS.UI.SkipUI	SFS.Input.I_Touchable.OnMouseExit	0.95	ilhash	VN
method	SFS.UI.QFGOPGJXDHCIKEFR	EJKHAKLJLHE	SFS.UI.SkipUI	SFS.Input.I_Touchable.OnNotStationary	0.95	ilhash	VN
method	SFS.UI.QFGOPGJXDHCIKEFR	MJNJNJHOIHF	SFS.UI.SkipUI	SFS.Input.I_Touchable.OnTouchLongClick	0.95	ilhash	VN
method	SFS.UI.QFGOPGJXDHCIKEFR	FBDONEHCLAN	SFS.UI.SkipUI	SFS.Input.I_Touchable.OnMouseEnter	0.95	ilhash	VN
method	SFS.UI.QFGOPGJXDHCIKEFR	MBDFOLJJHBD	SFS.UI.SkipUI	SFS.Input.I_Touchable.OnInputEnd	0.95	ilhash	VN
method	SFS.UI.QFGOPGJXDHCIKEFR	MAAMPGMAJNB	SFS.UI.SkipUI	SFS.Input.I_Touchable.OnInputStay	0.95	ilhash	VN
method	SFS.UI.QFGOPGJXDHCIKEFR	DINFHLHJIIH	SFS.UI.SkipUI	SFS.Input.I_Touchable.OnInputStart	0.95	ilhash	VN
method	QFZCTGGXXPWQLBZL/<>c__10`1	HJLKAIPGGMF	ResourcesLoader/<>c__10`1	<GetFiles_Dictionary>b__10_1	0.95	ilhash	-
method	QFZCTGGXXPWQLBZL/<>c__10`1	IIODDCKCKGA	ResourcesLoader/<>c__10`1	<GetFiles_Dictionary>b__10_0	0.95	ilhash	-
method	SFS.World.Drag.QGNFIAEOANYOJYYP	AAFDHMABMGG	SFS.World.Drag.Water_Rocket	<FixedUpdate>g__Calculate|2_2	0.95	ilhash	S
method	SFS.World.Drag.QGNFIAEOANYOJYYP	LBLFNEPNOGK	SFS.World.Drag.Water_Rocket	<FixedUpdate>g__Calculate|2_3	0.95	ilhash	S
method	SFS.World.Drag.QGNFIAEOANYOJYYP	AMDOBDMIJHC	SFS.World.Drag.Water_Rocket	<FixedUpdate>g__GetWaveHeight|2_1	0.95	ilhash	S
field	SFS.World.Drag.QGNFIAEOANYOJYYP	ILEONCABELC	SFS.World.Drag.Water_Rocket	frameIndex	0.80	shape	I
method	SFS.World.Drag.QGNFIAEOANYOJYYP/<>c	BGHEMELNNOG	SFS.World.Drag.Water_Rocket/<>c	<FixedUpdate>b__2_0	0.95	ilhash	-
method	SFS.UI.QIDSIHKZOJIQFOAF	PKJLKNBCHCC	SFS.UI.ReadMenu	SFS.I_MsgLogger.Log	0.95	ilhash	VN
method	SFS.UI.QIDSIHKZOJIQFOAF	JGHONHPGGMM	SFS.UI.ReadMenu	get_OnEscape	0.95	ilhash	V
field	SFS.UI.QIDSIHKZOJIQFOAF	FKOPDMEOIHC	SFS.UI.ReadMenu	onClose	0.80	shape	I
field	SFS.UI.QIDSIHKZOJIQFOAF	MIDCBAEOCID	SFS.UI.ReadMenu	closeMode	0.80	shape	I
method	SFS.UI.QIDSIHKZOJIQFOAF/BPNHJALONHJ	KOGIGMKKECP	SFS.UI.ReadMenu/<>c__DisplayClass8_0	<ShowReport>b__0	0.95	ilhash	-
method	SFS.UI.QIDSIHKZOJIQFOAF/JPMKPJFNJIE	IOCCAHMBMBE	SFS.UI.ReadMenu/<>c__DisplayClass18_0	<SFS.I_MsgLogger.Log>b__0	0.95	ilhash	-
method	SFS.UI.QIDSIHKZOJIQFOAF/KPHLGKBBNHK	CEDMJFDMIOG	SFS.UI.ReadMenu/<>c__DisplayClass12_0	<Create>b__0	0.95	ilhash	-
method	SFS.UI.QIDSIHKZOJIQFOAF/LBPLGBHEAFG	KOGIGMKKECP	SFS.UI.ReadMenu/<>c__DisplayClass9_0	<ShowReport>b__0	0.95	ilhash	-
method	SFS.World.QODTVHYUSUTQBJDL	KBGEPFBOJPC	SFS.World.Staging	GetForUndo	0.95	ilhash	-
method	SFS.World.QODTVHYUSUTQBJDL	NNANHKAOOOP	SFS.World.Staging	RemoveEmptyStages	0.95	ilhash	-
method	SFS.World.QODTVHYUSUTQBJDL	IABDHODKJKL	SFS.World.Staging	SetStages	0.95	ilhash	-
method	SFS.World.QODTVHYUSUTQBJDL/FLFEKEOKMBI	MDAHEMKPHHH	SFS.World.Staging/<>c__DisplayClass13_0	<ApplyReorder>b__0	0.95	ilhash	-
method	SFS.World.QODTVHYUSUTQBJDL/HNMNFPMLHIE	MALNDMCEBHF	SFS.World.Staging/<>c__DisplayClass14_0	<Load>b__0	0.95	ilhash	-
method	QPBNFQGOOTKWLSQK	OOCJPCKPMFM	PackDisplay	TestToggle	0.95	ilhash	-
method	QPBNFQGOOTKWLSQK	BPLHFBIPAGK	PackDisplay	AddMissingParts	0.95	ilhash	-
method	QPBNFQGOOTKWLSQK	LAGANNEFEOJ	PackDisplay	<OnDrawGizmosSelected>g__DrawSquare|30_0	0.95	ilhash	S
method	QPBNFQGOOTKWLSQK	BCLIDPJPFIK	PackDisplay	RemoveNullParts	0.95	ilhash	-
method	QPBNFQGOOTKWLSQK	NCPFKPNGOAP	PackDisplay	PositionPartsInWorldSpace	0.95	ilhash	-
method	QPBNFQGOOTKWLSQK	HLPHGMOLNGF	PackDisplay	Set	0.95	ilhash	-
method	QPBNFQGOOTKWLSQK	NKPPIJKGBMC	PackDisplay	CopyToCurrentPartPositionsToExpandedData	0.95	ilhash	-
method	QPBNFQGOOTKWLSQK	CCCBEFEIAFI	PackDisplay	CopyCurrentPartPositionsToDefaultData	0.95	ilhash	-
field	QPBNFQGOOTKWLSQK	IMPEGIEOABC	PackDisplay	time	0.30	order	I
field	QPBNFQGOOTKWLSQK	KPLOAHDPNNF	PackDisplay	targetTime	0.30	order	I
field	QPBNFQGOOTKWLSQK	LFBIFEGLGOP	PackDisplay	initialized	0.30	order	I
field	QPBNFQGOOTKWLSQK	IDCIHKKCMFL	PackDisplay	active	0.30	order	I
method	QPBNFQGOOTKWLSQK/ENFBCDCAOOJ	BELJJAAMPPI	PackDisplay/<>c__DisplayClass23_0	<AddMissingParts>b__0	0.95	ilhash	-
method	SFS.Builds.QRTEIACJDBPNOUDM	JNPDGFBAMNF	SFS.Builds.PickGridUI	Initialize	0.95	ilhash	-
method	SFS.Builds.QRTEIACJDBPNOUDM	KPPADAGOHPK	SFS.Builds.PickGridUI	<IsInsideGrid>g__IsInside|19_0	0.95	ilhash	-
method	SFS.Builds.QRTEIACJDBPNOUDM	EGKNJOMKPDO	SFS.Builds.PickGridUI	<CreateParts>b__18_6	0.95	ilhash	-
method	SFS.Builds.QRTEIACJDBPNOUDM	BNKEICBHJFK	SFS.Builds.PickGridUI	CreateParts	0.95	ilhash	-
method	SFS.Builds.QRTEIACJDBPNOUDM	BBBCLMHOACE	SFS.Builds.PickGridUI	<Start>b__14_1	0.95	ilhash	-
method	SFS.Builds.QRTEIACJDBPNOUDM	PABKFKFAFEP	SFS.Builds.PickGridUI	<Initialize>b__15_3	0.95	ilhash	-
method	SFS.Builds.QRTEIACJDBPNOUDM	JKJCAOGECHJ	SFS.Builds.PickGridUI	<Start>b__14_0	0.95	ilhash	-
field	SFS.Builds.QRTEIACJDBPNOUDM	BLPBHKFDAMM	SFS.Builds.PickGridUI	createdIcons	0.80	shape	I
field	SFS.Builds.QRTEIACJDBPNOUDM	LFPGMPAHDPG	SFS.Builds.PickGridUI	createdCategoryTexts	0.80	shape	I
field	SFS.Builds.QRTEIACJDBPNOUDM	JMFJCDONCEK	SFS.Builds.PickGridUI	createdParts	0.80	shape	I
field	SFS.Builds.QRTEIACJDBPNOUDM	AEHLOGINFAH	SFS.Builds.PickGridUI	alreadySwitching	0.80	shape	I
field	SFS.Builds.QRTEIACJDBPNOUDM	KLEIJIDFFHA	SFS.Builds.PickGridUI	OnPartMenuOpen	0.80	shape	I
method	SFS.Builds.QRTEIACJDBPNOUDM/<>c	AFNCEEJPEMB	SFS.Builds.PickGridUI/<>c	<Initialize>b__15_4	0.95	ilhash	-
method	SFS.Builds.QRTEIACJDBPNOUDM/<>c	LOKBBDKAEKO	SFS.Builds.PickGridUI/<>c	<Initialize>b__15_2	0.95	ilhash	-
method	SFS.Builds.QRTEIACJDBPNOUDM/<>c	PHMHFPKPHPN	SFS.Builds.PickGridUI/<>c	<Initialize>b__15_1	0.95	ilhash	-
method	SFS.Builds.QRTEIACJDBPNOUDM/<>c	KDKOAJPFKFH	SFS.Builds.PickGridUI/<>c	<Initialize>b__15_0	0.95	ilhash	-
field	SFS.Builds.QRTEIACJDBPNOUDM/<>c	<>9__16_4	SFS.Builds.PickGridUI/<>c	<>9__15_4	0.80	shape	S
field	SFS.Builds.QRTEIACJDBPNOUDM/<>c	<>9__16_0	SFS.Builds.PickGridUI/<>c	<>9__15_0	0.80	shape	S
field	SFS.Builds.QRTEIACJDBPNOUDM/<>c	<>9__16_1	SFS.Builds.PickGridUI/<>c	<>9__15_1	0.30	order	S
field	SFS.Builds.QRTEIACJDBPNOUDM/<>c	<>9__16_2	SFS.Builds.PickGridUI/<>c	<>9__15_2	0.30	order	S
method	SFS.Builds.QRTEIACJDBPNOUDM/CBKFAJFOMAB	KJPECFPHBCE	SFS.Builds.PickGridUI/<>c__DisplayClass18_0	<CreateParts>g__ShowPartMenuShop|3	0.95	ilhash	-
method	SFS.Builds.QRTEIACJDBPNOUDM/CBKFAJFOMAB	CAJKAAGMFLE	SFS.Builds.PickGridUI/<>c__DisplayClass18_0	<CreateParts>g__OnHold|0	0.95	ilhash	-
method	SFS.Builds.QRTEIACJDBPNOUDM/CBKFAJFOMAB	LDKFCACKIDM	SFS.Builds.PickGridUI/<>c__DisplayClass18_0	<CreateParts>b__4	0.95	ilhash	-
method	SFS.Builds.QRTEIACJDBPNOUDM/CBKFAJFOMAB	LKDJIHNANOE	SFS.Builds.PickGridUI/<>c__DisplayClass18_0	<CreateParts>g__ShowPartMenu|2	0.95	ilhash	-
method	SFS.Builds.QRTEIACJDBPNOUDM/CBKFAJFOMAB	MPPDKKLIFNA	SFS.Builds.PickGridUI/<>c__DisplayClass18_0	<CreateParts>b__5	0.95	ilhash	-
method	SFS.Builds.QRTEIACJDBPNOUDM/CBKFAJFOMAB	LDKFCACKIDM	SFS.Builds.PickGridUI/<>c__DisplayClass18_0	<CreateParts>g__OnUp|1	0.95	ilhash	-
method	SFS.Builds.QRTEIACJDBPNOUDM/KMLADEGCLFI	KELEAHJOLIM	SFS.Builds.PickGridUI/<>c__DisplayClass15_0	<Initialize>b__5	0.95	ilhash	-
method	Assets.Scripts.QTVGYZDMBCRSHWES	NBGJONHODBD	Assets.Scripts.ForceIncludeSecurityLibraries	Test	0.95	ilhash	-
method	QUXEDEXGQUKFTYVQ	GCDOPFFOFIF	FirebaseUtility	<Start>b__5_0	0.95	ilhash	-
method	SFS.Tutorials.RAHANOQCMZUGHSAL/<>c	PHMOJCOHIFO	SFS.Tutorials.Tutorial_World/<>c	<Start>b__4_6	0.95	ilhash	-
method	SFS.Tutorials.RAHANOQCMZUGHSAL/<>c	IOBIFAFGJCJ	SFS.Tutorials.Tutorial_World/<>c	<Start>b__4_5	0.95	ilhash	-
method	SFS.Tutorials.RAHANOQCMZUGHSAL/EKLNPDCKHMC	ELHMJMEKEJK	SFS.Tutorials.Tutorial_World/<>c__DisplayClass4_0	<Start>b__3	0.95	ilhash	-
method	SFS.Tutorials.RAHANOQCMZUGHSAL/EKLNPDCKHMC	NFOPHEDENKI	SFS.Tutorials.Tutorial_World/<>c__DisplayClass4_0	<Start>b__4	0.95	ilhash	-
method	SFS.Tutorials.RAHANOQCMZUGHSAL/EKLNPDCKHMC	HMPNPMEBKML	SFS.Tutorials.Tutorial_World/<>c__DisplayClass4_0	<Start>b__1	0.95	ilhash	-
method	SFS.Tutorials.RAHANOQCMZUGHSAL/EKLNPDCKHMC	CKELJCPJEGM	SFS.Tutorials.Tutorial_World/<>c__DisplayClass4_0	<Start>b__2	0.95	ilhash	-
method	SFS.Tutorials.RAHANOQCMZUGHSAL/EKLNPDCKHMC	KPCPJDMNFHI	SFS.Tutorials.Tutorial_World/<>c__DisplayClass4_0	<Start>b__0	0.95	ilhash	-
method	SFS.RRIFSMSWSTEJMMSW	DHLBNHLHEBI	SFS.VideoSettingsPC	UIOpacityChanged	0.95	ilhash	-
method	SFS.RRIFSMSWSTEJMMSW	IECMOLNPHGB	SFS.VideoSettingsPC	OnLoad	0.75	virtual-order	V
method	SFS.RRIFSMSWSTEJMMSW	KMLHBJAEHEP	SFS.VideoSettingsPC	VerticalSyncDropdownChanged	0.95	ilhash	-
method	SFS.RRIFSMSWSTEJMMSW	NKJGMOJKAKH	SFS.VideoSettingsPC	FpsDropdownChanged	0.95	ilhash	-
method	SFS.RRIFSMSWSTEJMMSW	MHAGDCMDAOB	SFS.VideoSettingsPC	VideoResolutionDropdownChanged	0.95	ilhash	-
method	SFS.RRIFSMSWSTEJMMSW	JNMAOPIIEHP	SFS.VideoSettingsPC	OnConicSectionsCountChange	0.95	ilhash	-
method	SFS.RRIFSMSWSTEJMMSW	AFGICKBBNCM	SFS.VideoSettingsPC	UIScaleChanged	0.95	ilhash	-
method	SFS.RRIFSMSWSTEJMMSW	IODPNMNHHMA	SFS.VideoSettingsPC	<UpdateUI>b__22_0	0.95	ilhash	-
method	SFS.RRIFSMSWSTEJMMSW	IAMDMOLDKIP	SFS.VideoSettingsPC	<Apply>b__21_0	0.95	ilhash	-
method	SFS.RRIFSMSWSTEJMMSW	LMOMPMEDDJH	SFS.VideoSettingsPC	WindowModeDropdownChanged	0.95	ilhash	-
method	SFS.RRIFSMSWSTEJMMSW	OCIKGNMEMOJ	SFS.VideoSettingsPC	get_FileName	0.95	ilhash	V
method	SFS.RRIFSMSWSTEJMMSW	AHFEPKEOGKA	SFS.VideoSettingsPC	ShakesDropdownChanged	0.95	ilhash	-
field	SFS.RRIFSMSWSTEJMMSW	FCHAJJLDLJM	SFS.VideoSettingsPC	resolutionList	0.80	shape	I
field	SFS.RRIFSMSWSTEJMMSW	BPFGALAFHHC	SFS.VideoSettingsPC	isInit	0.80	shape	I
method	SFS.RRIFSMSWSTEJMMSW/BNIOLIJLNMF	DNPCCBBOEKM	SFS.VideoSettingsPC/<>c__DisplayClass23_0	<Init>b__0	0.95	ilhash	-
method	SFS.Career.RTYJWDBLNUVUGBCR	HPEHBKKLMIJ	SFS.Career.CareerState	AddToList	0.95	ilhash	S
method	SFS.Career.RTYJWDBLNUVUGBCR	HJLPEOMKJLM	SFS.Career.CareerState	set_state	0.95	ilhash	-
method	SFS.Career.RTYJWDBLNUVUGBCR	CPMIKHMGMBF	SFS.Career.CareerState	TakeFunds	0.95	ilhash	-
method	SFS.Career.RTYJWDBLNUVUGBCR	DDPPELCPEML	SFS.Career.CareerState	CanBuy	0.95	ilhash	-
method	SFS.Career.RTYJWDBLNUVUGBCR	ACFOFFMKPHK	SFS.Career.CareerState	get_CompletedTechTree	0.95	ilhash	-
field	SFS.Career.RTYJWDBLNUVUGBCR	<NGPEEMHOGKG>k__BackingField	SFS.Career.CareerState	<state>k__BackingField	0.80	shape	I
field	SFS.Career.RTYJWDBLNUVUGBCR	ALADICLIIBA	SFS.Career.CareerState	OnFundsChange	0.30	order	I
field	SFS.Career.RTYJWDBLNUVUGBCR	NNMAJKPJIGI	SFS.Career.CareerState	OnStateLoaded	0.30	order	I
prop	SFS.Career.RTYJWDBLNUVUGBCR	JJMDIGPFFOP	SFS.Career.CareerState	state	0.90	accessor	P
method	SFS.Career.RTYJWDBLNUVUGBCR/<>c	BLILKCOPBFO	SFS.Career.CareerState/<>c	<HasPart>b__15_0	0.95	ilhash	-
method	SFS.Career.RTYJWDBLNUVUGBCR/BEDLGBNDNIJ	GDHPICIBHIA	SFS.Career.CareerState/<>c__DisplayClass15_0	<HasPart>b__2	0.95	ilhash	-
method	SFS.Career.RTYJWDBLNUVUGBCR/BEDLGBNDNIJ	OBALJONLNEL	SFS.Career.CareerState/<>c__DisplayClass15_0	<HasPart>b__3	0.95	ilhash	-
method	SFS.Career.RTYJWDBLNUVUGBCR/BEDLGBNDNIJ	FAKNJNBEEFP	SFS.Career.CareerState/<>c__DisplayClass15_0	<HasPart>b__1	0.95	ilhash	-
method	SFS.UI.RWWKOWXGQEXVLQNF	FAIHAGAAAIO	SFS.UI.LayoutGroup	get_Padding	0.95	ilhash	-
method	SFS.UI.RWWKOWXGQEXVLQNF	LOFDLLOEGFD	SFS.UI.LayoutGroup	GetElements	0.95	ilhash	-
method	SFS.UI.RWWKOWXGQEXVLQNF	BCIDGHKNCEL	SFS.UI.LayoutGroup	get_HasGroup	0.95	ilhash	-
method	SFS.UI.RWWKOWXGQEXVLQNF	OCMEGGGEOHE	SFS.UI.LayoutGroup	GetSizeDistribution	0.95	ilhash	-
method	SFS.UI.RWWKOWXGQEXVLQNF	MHELGGILLBC	SFS.UI.LayoutGroup	GetChildUnscaledPreferredCombinedSize	0.95	ilhash	-
method	SFS.UI.RWWKOWXGQEXVLQNF	JAHHLJEBOJO	SFS.UI.LayoutGroup	<GetElements>b__21_0	0.95	ilhash	-
method	SFS.UI.RWWKOWXGQEXVLQNF	DPHNNFMHMBC	SFS.UI.LayoutGroup	GetUsableSizeForChildren	0.95	ilhash	-
method	SFS.UI.RWWKOWXGQEXVLQNF	MKCJLJLCBPD	SFS.UI.LayoutGroup	get_ActiveElements	0.95	ilhash	-
prop	SFS.UI.RWWKOWXGQEXVLQNF	HHHDOBKLELP	SFS.UI.LayoutGroup	ElementCount	0.90	accessor	P
prop	SFS.UI.RWWKOWXGQEXVLQNF	JDOJELJNDMB	SFS.UI.LayoutGroup	Spacing	0.90	accessor	P
method	SFS.UI.RWWKOWXGQEXVLQNF/<>c	HFCOBANDPKJ	SFS.UI.LayoutGroup/<>c	<get_ActiveElements>b__18_0	0.95	ilhash	-
method	SFS.UI.RWWKOWXGQEXVLQNF/POELGGMOAAP	IDCOCOPOAOL	SFS.UI.LayoutGroup/<>c__DisplayClass26_0	<GetChildUnscaledPreferredCombinedSize>b__0	0.95	ilhash	-
method	SFS.World.Maps.RXDTWYGFZFDANDBJ	IBEOLMHICOA	SFS.World.Maps.MapNavigation	<DrawNavigation>g__EncounterText|9_1	0.95	ilhash	-
method	SFS.World.Maps.RXDTWYGFZFDANDBJ	HNAIHMKJFCC	SFS.World.Maps.MapNavigation	ValidateEjectionAngle	0.95	ilhash	S
method	SFS.World.Maps.RXDTWYGFZFDANDBJ	MFOMOOJBGKH	SFS.World.Maps.MapNavigation	Rendezvous	0.95	ilhash	-
method	SFS.World.Maps.RXDTWYGFZFDANDBJ	LPMJFGNEGBN	SFS.World.Maps.MapNavigation	<EscapeToEncounter>g__TryGetFutureOnCurrentPath|12_0	0.95	ilhash	-
method	SFS.World.Maps.RXDTWYGFZFDANDBJ	NONPAMGMBGK	SFS.World.Maps.MapNavigation	<Start>b__2_0	0.95	ilhash	-
method	SFS.World.Maps.RXDTWYGFZFDANDBJ	AGHCKMDGBAB	SFS.World.Maps.MapNavigation	EscapeToParent_Reentry	0.95	ilhash	-
method	SFS.World.Maps.RXDTWYGFZFDANDBJ	NLLHLPMIAHI	SFS.World.Maps.MapNavigation	WontBlink	0.95	ilhash	S
method	SFS.World.Maps.RXDTWYGFZFDANDBJ	ADAPCKKFGOB	SFS.World.Maps.MapNavigation	OnTargetDestroyed	0.95	ilhash	-
method	SFS.World.Maps.RXDTWYGFZFDANDBJ	AECLAJIBOLH	SFS.World.Maps.MapNavigation	DrawDeltaV	0.95	ilhash	S
method	SFS.World.Maps.RXDTWYGFZFDANDBJ	IJKOLOEDPMP	SFS.World.Maps.MapNavigation	ValidateTransferEfficiency	0.95	ilhash	S
method	SFS.World.Maps.RXDTWYGFZFDANDBJ	KELACKLBBKH	SFS.World.Maps.MapNavigation	EscapeToEncounter	0.95	ilhash	-
method	SFS.World.Maps.RXDTWYGFZFDANDBJ	DOIOOJGMPKM	SFS.World.Maps.MapNavigation	OnPlayerChange	0.95	ilhash	-
method	SFS.World.Maps.RXDTWYGFZFDANDBJ	HDHFPFDEOKO	SFS.World.Maps.MapNavigation	<DrawNavigation>g__GetOrbits|9_0	0.95	ilhash	S
method	SFS.Parts.Modules.RcsModule	NLPKJACAAJA	SFS.Parts.Modules.RcsModule	SFS.Parts.Modules.I_PartMenu.Draw	0.75	virtual-order	VN
method	SFS.Parts.Modules.RcsModule	JOMIGHMPKGD	SFS.Parts.Modules.RcsModule	get_RCS_On	0.95	ilhash	-
method	SFS.Parts.Modules.RcsModule	HAPNGNBKOIA	SFS.Parts.Modules.RcsModule	TorqueThrust	0.95	ilhash	-
method	SFS.Parts.Modules.RcsModule	NMGPHPJPPBN	SFS.Parts.Modules.RcsModule	DirectionThrust	0.95	ilhash	-
method	SFS.Parts.Modules.RcsModule	KJJKOBKEKCH	SFS.Parts.Modules.RcsModule	set_RCS_On	0.95	ilhash	-
method	SFS.Parts.Modules.RcsModule	IJBGAPFFLOL	SFS.Parts.Modules.RcsModule	Update_RCS_On	0.95	ilhash	-
field	SFS.Parts.Modules.RcsModule	<KBCHNAHPKEE>k__BackingField	SFS.Parts.Modules.RcsModule	<Rocket>k__BackingField	0.80	shape	I
field	SFS.Parts.Modules.RcsModule	<ONIDCADDBNC>k__BackingField	SFS.Parts.Modules.RcsModule	<IsPlayer>k__BackingField	0.80	shape	I
field	SFS.Parts.Modules.RcsModule	<OAFHFFIADJK>k__BackingField	SFS.Parts.Modules.RcsModule	<TurnAxis>k__BackingField	0.80	shape	I
field	SFS.Parts.Modules.RcsModule	<BNFDKNKFBEL>k__BackingField	SFS.Parts.Modules.RcsModule	<DirectionalAxis>k__BackingField	0.80	shape	I
prop	SFS.Parts.Modules.RcsModule	LGBNFJCHPLN	SFS.Parts.Modules.RcsModule	Rocket	0.90	accessor	P
prop	SFS.Parts.Modules.RcsModule	DEINAFELJKG	SFS.Parts.Modules.RcsModule	IsPlayer	0.90	accessor	P
prop	SFS.Parts.Modules.RcsModule	FPMAKPFKGHI	SFS.Parts.Modules.RcsModule	TurnAxis	0.90	accessor	P
prop	SFS.Parts.Modules.RcsModule	AAKEFMOMGKO	SFS.Parts.Modules.RcsModule	DirectionalAxis	0.90	accessor	P
method	SFS.Variables.ReferenceVariable`1	HIBMENCNCON	SFS.Variables.ReferenceVariable`1	GetVariable	0.45	virtual-order?	VANP
method	SFS.Variables.ReferenceVariable`1	HOJDBMGLDAO	SFS.Variables.ReferenceVariable`1	remove_onLocalValueChange	0.95	ilhash	-
method	SFS.Variables.ReferenceVariable`1	NKGFJMCJAFM	SFS.Variables.ReferenceVariable`1	remove_onLocalValueChangeNew	0.95	ilhash	-
method	SFS.Variables.ReferenceVariable`1	GPIOBCHLDPC	SFS.Variables.ReferenceVariable`1	op_Subtraction	0.95	ilhash	SP
method	SFS.Variables.ReferenceVariable`1	PBALAFGCBAF	SFS.Variables.ReferenceVariable`1	op_Addition	0.95	ilhash	SP
method	SFS.Variables.ReferenceVariable`1	LJHJHCJGNCI	SFS.Variables.ReferenceVariable`1	GetVariableList	0.45	virtual-order?	VAN
method	SFS.Variables.ReferenceVariable`1	AKCAGMNOLME	SFS.Variables.ReferenceVariable`1	add_onLocalValueChangeNew	0.95	ilhash	-
method	SFS.Variables.ReferenceVariable`1	MFNOGGJCACK	SFS.Variables.ReferenceVariable`1	IsEqual	0.45	virtual-order?	VANP
method	SFS.Variables.ReferenceVariable`1	LIGPEAOJNGK	SFS.Variables.ReferenceVariable`1	add_onLocalValueChange	0.95	ilhash	-
method	SFS.Variables.ReferenceVariable`1	BLJMMHNBHNL	SFS.Variables.ReferenceVariable`1	remove_onLocalValueChangeOldNew	0.95	ilhash	-
method	SFS.Variables.ReferenceVariable`1	KDPDKGCOGPO	SFS.Variables.ReferenceVariable`1	add_onLocalValueChangeOldNew	0.95	ilhash	-
method	SFS.RenderSortingManager	DGNFICMNDDA	SFS.RenderSortingManager	GetLayerIndex	0.95	ilhash	-
method	SFS.RenderSortingManager	HONLGCOBLMP	SFS.RenderSortingManager	GetMaterial	0.95	ilhash	-
field	SFS.RenderSortingManager	OIIHJFPKNCE	SFS.RenderSortingManager	Transparent_Queue	0.80	shape	S
method	SFS.Parts.Modules.ResourceModule	LPKIMINGEHM	SFS.Parts.Modules.ResourceModule	SFS.World.ResourceDrawer.I_Resource.get_ResourcePercent	0.95	ilhash	-
method	SFS.Parts.Modules.ResourceModule	FAEBNJBILCM	SFS.Parts.Modules.ResourceModule	SFS.World.ResourceDrawer.I_Resource.get_ResourceType	0.95	ilhash	VN
method	SFS.Parts.Modules.ResourceModule	MMOLIPGMCNH	SFS.Parts.Modules.ResourceModule	RecalculateMass	0.95	ilhash	-
method	SFS.Parts.Modules.ResourceModule	GMNPKDAILEG	SFS.Parts.Modules.ResourceModule	AddToChildren	0.95	ilhash	-
method	SFS.Parts.Modules.ResourceModule	OCLHNEIINBM	SFS.Parts.Modules.ResourceModule	SFS.World.ResourceDrawer.I_Resource.get_WetMass	0.95	ilhash	VN
method	SFS.Parts.Modules.ResourceModule	CPFKIDDLBJL	SFS.Parts.Modules.ResourceModule	get_DryMassPercent	0.95	ilhash	-
method	SFS.Parts.Modules.ResourceModule	JKANGLKCCMO	SFS.Parts.Modules.ResourceModule	UpdateFlowModules	0.95	ilhash	-
method	SFS.Parts.Modules.ResourceModule	HBPEIAGPNMH	SFS.Parts.Modules.ResourceModule	TakeFromChildren	0.95	ilhash	-
method	SFS.Parts.Modules.ResourceModule	POAKONBLODB	SFS.Parts.Modules.ResourceModule	AddToParent	0.95	ilhash	-
method	SFS.Parts.Modules.ResourceModule	DBONGDLDLEN	SFS.Parts.Modules.ResourceModule	SetChildren	0.95	ilhash	-
method	SFS.Parts.Modules.ResourceModule	OKHJBNEACOB	SFS.Parts.Modules.ResourceModule	get_Rocket	0.95	ilhash	VN
method	SFS.Parts.Modules.ResourceModule	COJODFGGNIF	SFS.Parts.Modules.ResourceModule	I_InitializePartModule.get_Priority	0.95	ilhash	VN
method	SFS.Parts.Modules.ResourceModule	GLBDICCCEFH	SFS.Parts.Modules.ResourceModule	get_DryMassMultiplier	0.95	ilhash	-
method	SFS.Parts.Modules.ResourceModule	BOGBFJLCIGC	SFS.Parts.Modules.ResourceModule	I_InitializePartModule.Initialize	0.95	ilhash	VN
method	SFS.Parts.Modules.ResourceModule	PPCOLADBPEJ	SFS.Parts.Modules.ResourceModule	TakeFromParent	0.95	ilhash	-
field	SFS.Parts.Modules.ResourceModule	<KBCHNAHPKEE>k__BackingField	SFS.Parts.Modules.ResourceModule	<Rocket>k__BackingField	0.30	order	I
field	SFS.Parts.Modules.ResourceModule	AMJDFLOPCLO	SFS.Parts.Modules.ResourceModule	part	0.30	order	I
prop	SFS.Parts.Modules.ResourceModule	LGBNFJCHPLN	SFS.Parts.Modules.ResourceModule	Rocket	0.90	accessor	P
prop	SFS.Parts.Modules.ResourceModule	DOMGOCIJCNK	SFS.Parts.Modules.ResourceModule	TotalResourceCapacity	0.90	accessor	P
prop	SFS.Parts.Modules.ResourceModule	OJILBDCMEHJ	SFS.Parts.Modules.ResourceModule	ResourceAmount	0.90	accessor	P
prop	SFS.Parts.Modules.ResourceModule	HIKILPFICGK	SFS.Parts.Modules.ResourceModule	ResourceSpace	0.90	accessor	P
method	SFS.Parts.Modules.ResourceModule/DHHEEPADOII	INGABDAFGCL	SFS.Parts.Modules.ResourceModule/<>c__DisplayClass16_1	<Draw>b__6	0.95	ilhash	-
method	SFS.Parts.Modules.ResourceModule/KKPMJPIOBIG	MFPGPFLFPBD	SFS.Parts.Modules.ResourceModule/<>c__DisplayClass16_0	<Draw>g__Unregister|4	0.95	ilhash	-
method	SFS.Parts.Modules.ResourceModule/KKPMJPIOBIG	LGCPAKOAHON	SFS.Parts.Modules.ResourceModule/<>c__DisplayClass16_0	<Draw>g__Register|3	0.95	ilhash	-
method	SFS.Parts.Modules.ResourceModule/KKPMJPIOBIG	GNCBDLILFKD	SFS.Parts.Modules.ResourceModule/<>c__DisplayClass16_0	<Draw>g__MaxSize|2	0.95	ilhash	-
method	SFS.Parts.Modules.ResourceModule/KKPMJPIOBIG	HOCLNIGFKLJ	SFS.Parts.Modules.ResourceModule/<>c__DisplayClass16_0	<Draw>g__GetLabelAndValue|1	0.95	ilhash	-
method	SFS.Parts.Modules.ResourceModule/KKPMJPIOBIG	EFJKMPJOFIK	SFS.Parts.Modules.ResourceModule/<>c__DisplayClass16_0	<Draw>g__SetResource|5	0.95	ilhash	-
method	SFS.Parts.Modules.ResourceModule/KKPMJPIOBIG	HAHJGAOBCEI	SFS.Parts.Modules.ResourceModule/<>c__DisplayClass16_0	<Draw>b__0	0.95	ilhash	-
method	SFS.Builds.SASCWCMCRJAIGOKH	OJMDKFKPOJC	SFS.Builds.PickCategoriesMenu	<Start>b__11_0	0.95	ilhash	-
field	SFS.Builds.SASCWCMCRJAIGOKH	PDDHFPIJBEE	SFS.Builds.PickCategoriesMenu	elements	0.80	shape	I
field	SFS.Builds.SASCWCMCRJAIGOKH	KLNHJEOFKBL	SFS.Builds.PickCategoriesMenu	selected	0.80	shape	I
field	SFS.Builds.SASCWCMCRJAIGOKH	CGEPDFKDNMG	SFS.Builds.PickCategoriesMenu	onMenuOpen	0.80	shape	I
method	SFS.Builds.SASCWCMCRJAIGOKH/<>c	GHKIBFOBMGO	SFS.Builds.PickCategoriesMenu/<>c	<SetupElements>b__12_1	0.95	ilhash	-
method	SFS.Builds.SASCWCMCRJAIGOKH/LMDKJHENPMF	CAPIHBBAJNA	SFS.Builds.PickCategoriesMenu/<>c__DisplayClass12_0	<SetupElements>b__0	0.95	ilhash	-
prop	SFS.UI.SDKMRWEYAQDCWPFX	JAFGFELAAJI	SFS.UI.ScreenTracker	Portrait	0.90	accessor	P
method	SFS.World.SEMYDBJOXKAYZVRZ	BOGBFJLCIGC	SFS.World.CrewModule	I_InitializePartModule.Initialize	0.95	ilhash	VN
method	SFS.World.SEMYDBJOXKAYZVRZ	CEJPJALEBBP	SFS.World.CrewModule	OnSeatChange	0.95	ilhash	-
method	SFS.World.SEMYDBJOXKAYZVRZ	KEFFAJAIDPL	SFS.World.CrewModule	EVA_Exit	0.95	ilhash	-
method	SFS.World.SEMYDBJOXKAYZVRZ	NLPKJACAAJA	SFS.World.CrewModule	SFS.Parts.Modules.I_PartMenu.Draw	0.95	ilhash	VN
method	SFS.World.SEMYDBJOXKAYZVRZ	COJODFGGNIF	SFS.World.CrewModule	I_InitializePartModule.get_Priority	0.95	ilhash	VN
method	SFS.World.SEMYDBJOXKAYZVRZ	IFMMAFNMJAO	SFS.World.CrewModule	EVA_Board	0.95	ilhash	-
method	SFS.World.SEMYDBJOXKAYZVRZ	CBIPAKFEHOL	SFS.World.CrewModule	DrawSeats	0.95	ilhash	-
field	SFS.World.SEMYDBJOXKAYZVRZ	AMJDFLOPCLO	SFS.World.CrewModule	part	0.30	order	I
field	SFS.World.SEMYDBJOXKAYZVRZ	<KBCHNAHPKEE>k__BackingField	SFS.World.CrewModule	<Rocket>k__BackingField	0.30	order	I
prop	SFS.World.SEMYDBJOXKAYZVRZ	GAAKNLIFFAB	SFS.World.CrewModule	HasCrew	0.90	accessor	P
prop	SFS.World.SEMYDBJOXKAYZVRZ	LGBNFJCHPLN	SFS.World.CrewModule	Rocket	0.90	accessor	P
method	SFS.World.SEMYDBJOXKAYZVRZ/<>c	DPJAOPFKGGA	SFS.World.CrewModule/<>c	<SFS.Parts.Modules.I_PartMenu.Draw>b__20_3	0.95	ilhash	-
method	SFS.World.SEMYDBJOXKAYZVRZ/<>c	DBOPIPLNNAE	SFS.World.CrewModule/<>c	<OnSeatChange>b__16_1	0.95	ilhash	-
method	SFS.World.SEMYDBJOXKAYZVRZ/<>c	LHLHDDADIBF	SFS.World.CrewModule/<>c	<get_HasCrew>b__7_0	0.95	ilhash	-
method	SFS.World.SEMYDBJOXKAYZVRZ/<>c	ADGGBHFKNFE	SFS.World.CrewModule/<>c	<OnSeatChange>b__16_0	0.95	ilhash	-
method	SFS.World.SEMYDBJOXKAYZVRZ/<>c	LENIKFJHDLN	SFS.World.CrewModule/<>c	<OpenPartMenu>b__19_0	0.95	ilhash	-
method	SFS.World.SEMYDBJOXKAYZVRZ/BPAOEHMCIOD	MMGAMJNDKGH	SFS.World.CrewModule/<>c__DisplayClass20_0	<SFS.Parts.Modules.I_PartMenu.Draw>b__0	0.95	ilhash	-
method	SFS.World.SEMYDBJOXKAYZVRZ/BPAOEHMCIOD	ABDCFIIBBEA	SFS.World.CrewModule/<>c__DisplayClass20_0	<SFS.Parts.Modules.I_PartMenu.Draw>b__2	0.95	ilhash	-
method	SFS.World.SEMYDBJOXKAYZVRZ/BPAOEHMCIOD	MJKPDMNLOGF	SFS.World.CrewModule/<>c__DisplayClass20_0	<SFS.Parts.Modules.I_PartMenu.Draw>b__1	0.95	ilhash	-
method	SFS.World.SEMYDBJOXKAYZVRZ/CCIFHGCLDAD	ANKIEIMCBAP	SFS.World.CrewModule/<>c__DisplayClass19_0	<OpenPartMenu>b__3	0.95	ilhash	-
method	SFS.World.SEMYDBJOXKAYZVRZ/CCIFHGCLDAD	OCMMHIGKCMK	SFS.World.CrewModule/<>c__DisplayClass19_0	<OpenPartMenu>b__2	0.95	ilhash	-
method	SFS.World.SEMYDBJOXKAYZVRZ/CCIFHGCLDAD	KLCEFOKHKHN	SFS.World.CrewModule/<>c__DisplayClass19_0	<OpenPartMenu>g__Close|4	0.95	ilhash	-
method	SFS.World.SEMYDBJOXKAYZVRZ/CCIFHGCLDAD	GPFANPGAJEI	SFS.World.CrewModule/<>c__DisplayClass19_0	<OpenPartMenu>b__1	0.95	ilhash	-
method	SFS.World.SEMYDBJOXKAYZVRZ/FLGHKHMAAGE	GKICCKBMHID	SFS.World.CrewModule/<>c__DisplayClass21_1	<DrawSeats>g__OnClick|4	0.95	ilhash	-
method	SFS.World.SEMYDBJOXKAYZVRZ/FLGHKHMAAGE	LHOJIDFIKNE	SFS.World.CrewModule/<>c__DisplayClass21_1	<DrawSeats>b__1	0.95	ilhash	-
method	SFS.World.SEMYDBJOXKAYZVRZ/FLGHKHMAAGE	PDFACIKDHFA	SFS.World.CrewModule/<>c__DisplayClass21_1	<DrawSeats>b__3	0.95	ilhash	-
method	SFS.World.SEMYDBJOXKAYZVRZ/FLGHKHMAAGE	DAODBDLJIBO	SFS.World.CrewModule/<>c__DisplayClass21_1	<DrawSeats>b__2	0.95	ilhash	-
method	SFS.World.SEMYDBJOXKAYZVRZ/FLGHKHMAAGE	MDECHBAMLHM	SFS.World.CrewModule/<>c__DisplayClass21_1	<DrawSeats>b__0	0.95	ilhash	-
method	SFS.World.SEMYDBJOXKAYZVRZ/Seat	OCNACLILLCN	SFS.World.CrewModule/Seat	OnDestroy	0.95	ilhash	P
method	SFS.World.SEMYDBJOXKAYZVRZ/Seat	CCAJGMDBMLL	SFS.World.CrewModule/Seat	Exit	0.95	ilhash	P
method	SFS.World.SEMYDBJOXKAYZVRZ/Seat	IGLCNBFONFJ	SFS.World.CrewModule/Seat	Board	0.95	ilhash	P
method	SFS.World.SEMYDBJOXKAYZVRZ/Seat	GFNKNNJHFOF	SFS.World.CrewModule/Seat	OnStart	0.95	ilhash	P
method	SFS.World.SEMYDBJOXKAYZVRZ/Seat	ENGBBIIKECH	SFS.World.CrewModule/Seat	AddSeatedAstronaut	0.95	ilhash	-
method	SFS.World.SEMYDBJOXKAYZVRZ/Seat	ADMPIIPCICE	SFS.World.CrewModule/Seat	RemoveSeatedAstronaut	0.95	ilhash	-
method	SFS.Builds.SHGHQPDMFGKLZXLQ	NJNLPIBPDBI	SFS.Builds.HoldGrid	<I_GLDrawer.Draw>g__DrawMagnets|32_0	0.95	ilhash	-
method	SFS.Builds.SHGHQPDMFGKLZXLQ	HOMEMNAJDKM	SFS.Builds.HoldGrid	GetCollisionsDictionary	0.95	ilhash	S
method	SFS.Builds.SHGHQPDMFGKLZXLQ	EGLHDCACKKK	SFS.Builds.HoldGrid	CollectInterstageSnaps	0.95	ilhash	-
method	SFS.Builds.SHGHQPDMFGKLZXLQ	BKPCJHLDPAJ	SFS.Builds.HoldGrid	<ProcessSurfaceSnap>g__GetPosOnHoldLine|41_1	0.95	ilhash	S
method	SFS.Builds.SHGHQPDMFGKLZXLQ	GNHOKGMBINI	SFS.Builds.HoldGrid	<ProcessSurfaceSnap>g__GetPosOnBuildLine|41_0	0.95	ilhash	S
method	SFS.Builds.SHGHQPDMFGKLZXLQ	DDMOPNPOONE	SFS.Builds.HoldGrid	GetSnapPosition_New	0.95	ilhash	-
method	SFS.Builds.SHGHQPDMFGKLZXLQ	LIAKHMKPCLK	SFS.Builds.HoldGrid	TakeParts_BuildGrid	0.95	ilhash	-
method	SFS.Builds.SHGHQPDMFGKLZXLQ	GPHDLBCKABH	SFS.Builds.HoldGrid	I_GLDrawer.Draw	0.95	ilhash	VN
method	SFS.Builds.SHGHQPDMFGKLZXLQ	MOGIBLHLHBL	SFS.Builds.HoldGrid	TestCollision_Old	0.95	ilhash	-
method	SFS.Builds.SHGHQPDMFGKLZXLQ	EJMCOKPKPMG	SFS.Builds.HoldGrid	OnPositionChange	0.95	ilhash	-
method	SFS.Builds.SHGHQPDMFGKLZXLQ	CDDKFGGAFFP	SFS.Builds.HoldGrid	ProcessSurfaceSnap	0.95	ilhash	S
method	SFS.Builds.SHGHQPDMFGKLZXLQ	AJKFBCDDGNC	SFS.Builds.HoldGrid	CollectSurfaceSnaps	0.95	ilhash	-
method	SFS.Builds.SHGHQPDMFGKLZXLQ	FLBBDGBLICG	SFS.Builds.HoldGrid	GetLayers	0.95	ilhash	-
method	SFS.Builds.SHGHQPDMFGKLZXLQ	PBNOCHFFBNH	SFS.Builds.HoldGrid	GetColliderCoordinates	0.95	ilhash	S
method	SFS.Builds.SHGHQPDMFGKLZXLQ	BLOBNKFFMKN	SFS.Builds.HoldGrid	GetSnapPosition_Old	0.95	ilhash	-
method	SFS.Builds.SHGHQPDMFGKLZXLQ	ILJCNCIEEPM	SFS.Builds.HoldGrid	Position	0.95	ilhash	-
method	SFS.Builds.SHGHQPDMFGKLZXLQ	MOCMIAHDIPK	SFS.Builds.HoldGrid	<ProcessSurfaceSnap>g__GetAngle|41_2	0.95	ilhash	S
method	SFS.Builds.SHGHQPDMFGKLZXLQ	BBKMIGNALMM	SFS.Builds.HoldGrid	SelectForTake_BuildGrid	0.95	ilhash	-
method	SFS.Builds.SHGHQPDMFGKLZXLQ	FBAMADNJCCM	SFS.Builds.HoldGrid	TestCollision	0.95	ilhash	-
method	SFS.Builds.SHGHQPDMFGKLZXLQ	PAAAJBNGFFM	SFS.Builds.HoldGrid	<CollectInterstageSnaps>g__Collect|39_0	0.95	ilhash	S
field	SFS.Builds.SHGHQPDMFGKLZXLQ	ILMICLILBEA	SFS.Builds.HoldGrid	takePartsAction	0.80	shape	I
field	SFS.Builds.SHGHQPDMFGKLZXLQ	GGODBADOBGN	SFS.Builds.HoldGrid	onImportFinished	0.80	shape	I
field	SFS.Builds.SHGHQPDMFGKLZXLQ	LICKGBBEIAJ	SFS.Builds.HoldGrid	SnapDistance	0.30	order	S
field	SFS.Builds.SHGHQPDMFGKLZXLQ	DEMPJHPDGLH	SFS.Builds.HoldGrid	SnapDistanceSqrt	0.30	order	S
field	SFS.Builds.SHGHQPDMFGKLZXLQ	BJBCCLHMLPA	SFS.Builds.HoldGrid	SnapIntervals	0.30	order	S
field	SFS.Builds.SHGHQPDMFGKLZXLQ	HCOIMEKHHDM	SFS.Builds.HoldGrid	InterstageIntervals	0.30	order	S
method	SFS.Builds.SHGHQPDMFGKLZXLQ/<>c	LFBCKOIOANE	SFS.Builds.HoldGrid/<>c	<EndHold>b__28_1	0.95	ilhash	-
method	SFS.Builds.SHGHQPDMFGKLZXLQ/<>c	IPDBNKGHDMG	SFS.Builds.HoldGrid/<>c	<GetSnapPosition_Old>b__30_0	0.95	ilhash	-
method	SFS.Builds.SHGHQPDMFGKLZXLQ/<>c	ECOIECNCKHM	SFS.Builds.HoldGrid/<>c	<CollectSurfaceSnaps>b__40_1	0.95	ilhash	-
method	SFS.Builds.SHGHQPDMFGKLZXLQ/<>c	BHNICGAMFAC	SFS.Builds.HoldGrid/<>c	<GetSnapPosition_Old>b__30_1	0.95	ilhash	-
method	SFS.Builds.SHGHQPDMFGKLZXLQ/<>c	HKGNKGEGBBO	SFS.Builds.HoldGrid/<>c	<CollectSurfaceSnaps>b__40_2	0.95	ilhash	-
method	SFS.Builds.SHGHQPDMFGKLZXLQ/<>c	MKIOADMMEKB	SFS.Builds.HoldGrid/<>c	<EndHold>b__28_0	0.95	ilhash	-
method	SFS.Builds.SHGHQPDMFGKLZXLQ/<>c	KOIHNJGDHLM	SFS.Builds.HoldGrid/<>c	<GetSnapPosition_New>b__38_0	0.95	ilhash	-
method	SFS.Builds.SHGHQPDMFGKLZXLQ/<>c	NJOOIJBMDIN	SFS.Builds.HoldGrid/<>c	<CollectSurfaceSnaps>b__40_0	0.95	ilhash	-
method	SFS.Builds.SHGHQPDMFGKLZXLQ/BDCLIBFIIIB	FKCCEDCGAPM	SFS.Builds.HoldGrid/<>c__DisplayClass26_0	<TakeParts_BuildGrid>b__0	0.95	ilhash	-
method	SFS.Builds.SHGHQPDMFGKLZXLQ/DMODJKOIHBB	DPPFDIALIKO	SFS.Builds.HoldGrid/<>c__DisplayClass25_0	<SelectForTake_BuildGrid>b__0	0.95	ilhash	-
method	SFS.Builds.SHGHQPDMFGKLZXLQ/FHPHGDEOIAJ	FMLGNAIONPD	SFS.Builds.HoldGrid/<>c__DisplayClass23_0	<StartImportOrDuplicate>b__0	0.95	ilhash	-
method	SFS.Builds.SHGHQPDMFGKLZXLQ/JLEEHOCFOHE	ENCAJOFIOMI	SFS.Builds.HoldGrid/<>c__DisplayClass38_0	<GetSnapPosition_New>b__1	0.95	ilhash	-
field	SFS.Builds.SHGHQPDMFGKLZXLQ/KFIDCCMOIEN	BJOBKLDMNNG	SFS.Builds.HoldGrid/Data	score	0.30	order	I
field	SFS.Builds.SHGHQPDMFGKLZXLQ/KFIDCCMOIEN	LMCIICJJKMD	SFS.Builds.HoldGrid/Data	target	0.30	order	I
field	SFS.Builds.SHGHQPDMFGKLZXLQ/KFIDCCMOIEN	EHICJFGBJND	SFS.Builds.HoldGrid/Data	anchor	0.30	order	I
field	SFS.Builds.SHGHQPDMFGKLZXLQ/KFIDCCMOIEN	CBOKPDMKPNH	SFS.Builds.HoldGrid/Data	angleDegrees	0.30	order	I
field	SFS.Builds.SHGHQPDMFGKLZXLQ/OMPONEGNFFO	FLICEBCGHGO	SFS.Builds.HoldGrid/GridPointData	line	0.80	shape	I
field	SFS.Builds.SHGHQPDMFGKLZXLQ/OMPONEGNFFO	MMKPOHEBBJK	SFS.Builds.HoldGrid/GridPointData	checkIndex	0.80	shape	I
field	SFS.SKXVNXOEWQPYTLVC	MGJDGADKODD	SFS.PostProcessing	Hue	0.30	order	S
field	SFS.SKXVNXOEWQPYTLVC	MPBBLLHNGHA	SFS.PostProcessing	Saturation	0.30	order	S
field	SFS.SKXVNXOEWQPYTLVC	MADGJGBFJDN	SFS.PostProcessing	Contrast	0.30	order	S
field	SFS.SKXVNXOEWQPYTLVC	PPDIOJCEIEO	SFS.PostProcessing	Multiplier	0.30	order	S
field	SFS.SKXVNXOEWQPYTLVC	JIIAMIODFJM	SFS.PostProcessing	Intensity	0.30	order	S
field	SFS.SKXVNXOEWQPYTLVC	JCBCKOKOIPB	SFS.PostProcessing	AmbientLight	0.30	order	S
method	SFS.UI.SRQTIFNAGSERZRHR	ICPJMIGKDAA	SFS.UI.WorldsMenu	UpdateWorldActions	0.95	ilhash	-
method	SFS.UI.SRQTIFNAGSERZRHR	NDMBNPGNBPM	SFS.UI.WorldsMenu	<LoadUI>b__20_1	0.95	ilhash	-
method	SFS.UI.SRQTIFNAGSERZRHR	JAOJHLNBNKB	SFS.UI.WorldsMenu	UpdateOrder	0.95	ilhash	-
method	SFS.UI.SRQTIFNAGSERZRHR	HHAEFCHHDJH	SFS.UI.WorldsMenu	<DeleteWorld>b__16_2	0.95	ilhash	-
method	SFS.UI.SRQTIFNAGSERZRHR	OKMLPEAANNI	SFS.UI.WorldsMenu	<RenameWorld>b__17_0	0.95	ilhash	-
method	SFS.UI.SRQTIFNAGSERZRHR	MEKCCCJAGAP	SFS.UI.WorldsMenu	LoadUI	0.95	ilhash	-
method	SFS.UI.SRQTIFNAGSERZRHR	AHFNCEHIEGA	SFS.UI.WorldsMenu	OnReorder	0.95	ilhash	-
field	SFS.UI.SRQTIFNAGSERZRHR	PDDHFPIJBEE	SFS.UI.WorldsMenu	elements	0.80	shape	I
field	SFS.UI.SRQTIFNAGSERZRHR	DDCMADAHKOB	SFS.UI.WorldsMenu	orderer	0.30	order	I
field	SFS.UI.SRQTIFNAGSERZRHR	KLNHJEOFKBL	SFS.UI.WorldsMenu	selected	0.30	order	I
method	SFS.UI.SRQTIFNAGSERZRHR/<>c	DMFEIAHJKGG	SFS.UI.WorldsMenu/<>c	<DeleteWorld>b__16_1	0.95	ilhash	-
method	SFS.UI.SRQTIFNAGSERZRHR/<>c	IELJCAFEDJJ	SFS.UI.WorldsMenu/<>c	<LoadUI>b__20_0	0.95	ilhash	-
method	SFS.UI.SRQTIFNAGSERZRHR/<>c	ABPFNONAMBG	SFS.UI.WorldsMenu/<>c	<GetOrdered>b__22_0	0.95	ilhash	-
method	SFS.UI.SRQTIFNAGSERZRHR/<>c	FCFHLKDMKJI	SFS.UI.WorldsMenu/<>c	<DeleteWorld>b__16_0	0.95	ilhash	-
method	SFS.UI.SRQTIFNAGSERZRHR/<>c	DIEIAODCFCA	SFS.UI.WorldsMenu/<>c	<OpenWorld>b__15_0	0.95	ilhash	-
method	SFS.UI.SRQTIFNAGSERZRHR/AABFDJBKIID	MPBHLCPAFPL	SFS.UI.WorldsMenu/<>c__DisplayClass13_0	<UpdateWorldActions>b__0	0.95	ilhash	-
method	SFS.UI.SRQTIFNAGSERZRHR/AABFDJBKIID	LKKFLIBAGBF	SFS.UI.WorldsMenu/<>c__DisplayClass13_0	<UpdateWorldActions>b__1	0.95	ilhash	-
method	SFS.UI.SRQTIFNAGSERZRHR/ECMMLCHGJNB	MAEPGAJMNIL	SFS.UI.WorldsMenu/<>c__DisplayClass18_0	<OnReorder>b__0	0.95	ilhash	-
method	SFS.Analytics.SUHGKYPIYWOSLADV	HIPLBKAEIFP	SFS.Analytics.FbRemoteSettings	LoadValues	0.95	ilhash	-
method	SFS.Analytics.SUHGKYPIYWOSLADV	EIPMJADGPOB	SFS.Analytics.FbRemoteSettings	<LoadValues>b__13_1	0.95	ilhash	-
method	SFS.Analytics.SUHGKYPIYWOSLADV	KKGGICDFGDK	SFS.Analytics.FbRemoteSettings	<SetDefaults>b__12_0	0.95	ilhash	-
method	SFS.Analytics.SUHGKYPIYWOSLADV	DGJGCEIKEOJ	SFS.Analytics.FbRemoteSettings	<Awake>b__11_2	0.95	ilhash	-
method	SFS.Analytics.SUHGKYPIYWOSLADV	MKGJHEOOAPH	SFS.Analytics.FbRemoteSettings	<Awake>b__11_1	0.95	ilhash	-
method	SFS.Analytics.SUHGKYPIYWOSLADV	KKKEFDKKOEO	SFS.Analytics.FbRemoteSettings	FetchValue	0.95	ilhash	S
method	SFS.Analytics.SUHGKYPIYWOSLADV	FAEEBCMOKNG	SFS.Analytics.FbRemoteSettings	<LoadValues>b__13_0	0.95	ilhash	-
method	SFS.Analytics.SUHGKYPIYWOSLADV	AKIIPCNAADC	SFS.Analytics.FbRemoteSettings	SetDefaults	0.95	ilhash	-
field	SFS.Analytics.SUHGKYPIYWOSLADV	PLDBHKFLAGD	SFS.Analytics.FbRemoteSettings	settingsInstance	0.80	shape	I
field	SFS.Analytics.SUHGKYPIYWOSLADV	AOJFHGFOCPF	SFS.Analytics.FbRemoteSettings	cacheTimeout	0.80	shape	I
field	SFS.Analytics.SUHGKYPIYWOSLADV	OCGBGOOCHIH	SFS.Analytics.FbRemoteSettings	firebaseReady	0.30	order	I
field	SFS.Analytics.SUHGKYPIYWOSLADV	DDKMMIGNMMF	SFS.Analytics.FbRemoteSettings	setupRan	0.30	order	I
field	SFS.Analytics.SUHGKYPIYWOSLADV	CELEBEICOGJ	SFS.Analytics.FbRemoteSettings	defaults	0.80	shape	I
method	SFS.Analytics.SUHGKYPIYWOSLADV/<>c	NAAMCMPGAGH	SFS.Analytics.FbRemoteSettings/<>c	<Awake>b__11_0	0.95	ilhash	-
method	SFS.UI.SVXZFZTUWOKHMMIH	OJMDKFKPOJC	SFS.UI.CreateWorldMenu	<Start>b__11_0	0.95	ilhash	-
method	SFS.UI.SVXZFZTUWOKHMMIH	NMOAKJDMHOD	SFS.UI.CreateWorldMenu	SetSolarSystem	0.95	ilhash	-
method	SFS.UI.SVXZFZTUWOKHMMIH	EOOMKBCECKE	SFS.UI.CreateWorldMenu	ToggleQuicksaves	0.95	ilhash	-
method	SFS.UI.SVXZFZTUWOKHMMIH	FPONGKDLHCE	SFS.UI.CreateWorldMenu	UpdateCanCreate	0.95	ilhash	-
field	SFS.UI.SVXZFZTUWOKHMMIH	JBCINBNCLBE	SFS.UI.CreateWorldMenu	ModeIndices	0.30	order	S
field	SFS.UI.SVXZFZTUWOKHMMIH	AMLDPIAECBI	SFS.UI.CreateWorldMenu	DifficultyIndices	0.30	order	S
field	SFS.UI.SVXZFZTUWOKHMMIH	OGBKBJPHPAN	SFS.UI.CreateWorldMenu	solarSystemName	0.80	shape	I
field	SFS.UI.SVXZFZTUWOKHMMIH	JKBELKFCEAP	SFS.UI.CreateWorldMenu	quicksaves	0.80	shape	I
method	SFS.UI.SVXZFZTUWOKHMMIH/<>c	HCDMJCFLIBE	SFS.UI.CreateWorldMenu/<>c	<CreateWorld>b__23_0	0.95	ilhash	-
method	SFS.UI.SVXZFZTUWOKHMMIH/<>c	PEECCBLLIGP	SFS.UI.CreateWorldMenu/<>c	<OpenSelectSolarSystemMenu>b__16_1	0.95	ilhash	-
method	SFS.UI.SVXZFZTUWOKHMMIH/HJENDCHODIA	PGBNNCDKLBB	SFS.UI.CreateWorldMenu/<>c__DisplayClass16_0	<OpenSelectSolarSystemMenu>g__AddButton|0	0.95	ilhash	-
method	SFS.UI.SVXZFZTUWOKHMMIH/MCCGLGBLHBH	LBDPPEJIBGK	SFS.UI.CreateWorldMenu/<>c__DisplayClass16_1	<OpenSelectSolarSystemMenu>b__2	0.95	ilhash	-
method	SFS.UI.SVXZFZTUWOKHMMIH/MCCGLGBLHBH	MOOKGKGMODI	SFS.UI.CreateWorldMenu/<>c__DisplayClass16_1	<OpenSelectSolarSystemMenu>b__3	0.95	ilhash	-
method	SFS.UI.ScreenOrientation_Local	MFNOGGJCACK	SFS.UI.ScreenOrientation_Local	IsEqual	0.95	ilhash	V
method	SFS.Parts.Modules.SeparatorBase	PEDNAEBIDEI	SFS.Parts.Modules.SeparatorBase	SetForcePercent	0.95	ilhash	S
prop	SFS.Parts.Modules.SeparatorBase	DEHKPKKMODL	SFS.Parts.Modules.SeparatorBase	ShowDescription	0.90	accessor	P
method	SFS.Parts.Modules.SeparatorBase/PNOELGICIKC	LEJAGJFFBLM	SFS.Parts.Modules.SeparatorBase/<>c__DisplayClass3_0	<SetForcePercent>b__0	0.95	ilhash	-
method	SFS.Parts.Modules.SeparatorColor	JIGLFIEOCDE	SFS.Parts.Modules.SeparatorColor	OnToggleInterior	0.95	ilhash	-
field	SFS.Parts.Modules.SeparatorColor	LFBIFEGLGOP	SFS.Parts.Modules.SeparatorColor	initialized	0.80	shape	I
method	SFS.Parts.Modules.SeparatorPanel	NMGLDOKCNON	SFS.Parts.Modules.SeparatorPanel	GetLightDirection	0.95	ilhash	-
method	SFS.Parts.Modules.SeparatorPanel	COJODFGGNIF	SFS.Parts.Modules.SeparatorPanel	I_InitializePartModule.get_Priority	0.95	ilhash	VN
method	SFS.Parts.Modules.SeparatorPanel	BOGBFJLCIGC	SFS.Parts.Modules.SeparatorPanel	I_InitializePartModule.Initialize	0.95	ilhash	VN
method	SFS.Parts.Modules.SeparatorPanel	ILJCNCIEEPM	SFS.Parts.Modules.SeparatorPanel	Position	0.95	ilhash	-
method	SFS.Parts.Modules.SeparatorPanel	LOKKADDIHLJ	SFS.Parts.Modules.SeparatorPanel	Enable	0.95	ilhash	-
method	SFS.Sharing.SharingRequester	PHMHIJGLJOA	SFS.Sharing.SharingRequester	GetRocket	0.95	ilhash	P
method	SFS.Sharing.SharingRequester	GKENFNHDBLG	SFS.Sharing.SharingRequester	GetRocketsPageManager	0.95	ilhash	P
method	SFS.Sharing.SharingRequester	HGJPOHBEEJB	SFS.Sharing.SharingRequester	SearchRockets	0.95	ilhash	P
method	SFS.Sharing.SharingRequester	OFHAAHMFPBM	SFS.Sharing.SharingRequester	IsModerator	0.95	ilhash	P
method	SFS.Sharing.SharingRequester	BKPKMAANEOG	SFS.Sharing.SharingRequester	GetUserRockets	0.95	ilhash	P
method	SFS.Sharing.SharingRequester	MMDKIGLFALE	SFS.Sharing.SharingRequester	VoteRocket	0.95	ilhash	P
method	SFS.Sharing.SharingRequester	BAAOCPDGMPE	SFS.Sharing.SharingRequester	EditRocket	0.95	ilhash	P
method	SFS.Sharing.SharingRequester	BGNEDOCMHFE	SFS.Sharing.SharingRequester	UploadRocketLinked	0.95	ilhash	P
method	SFS.Sharing.SharingRequester	GMEIEFNKPPM	SFS.Sharing.SharingRequester	GetRockets	0.95	ilhash	P
method	SFS.Sharing.SharingRequester	LHKLGKBFDFK	SFS.Sharing.SharingRequester	GetSearchPageManager	0.95	ilhash	P
method	SFS.Sharing.SharingRequester	JNPDGFBAMNF	SFS.Sharing.SharingRequester	Initialize	0.95	ilhash	P
method	SFS.Sharing.SharingRequester	OIMJJAGEFIG	SFS.Sharing.SharingRequester	DeleteRocket	0.95	ilhash	P
method	SFS.Sharing.SharingRequester	GNPANNNCDHL	SFS.Sharing.SharingRequester	UploadRocket	0.95	ilhash	P
method	SFS.Sharing.SharingRequester	MDIEJOCOHPB	SFS.Sharing.SharingRequester	GetUserRocketsPageManager	0.95	ilhash	P
method	SFS.Sharing.SharingRequester/ABHCHBBKBDO	PLMFCPLLNHO	SFS.Sharing.SharingRequester/<>c__DisplayClass20_0	<GetRocketsPageManager>b__0	0.95	ilhash	-
method	SFS.Sharing.SharingRequester/BDCDNHHCENI	PHIFDALHMAK	SFS.Sharing.SharingRequester/<>c__DisplayClass14_0	<UploadRocketLinked>b__0	0.95	ilhash	-
method	SFS.Sharing.SharingRequester/BHINANFBJBI	ENBLMHBEHDE	SFS.Sharing.SharingRequester/<>c__DisplayClass21_0	<GetSearchPageManager>b__0	0.95	ilhash	-
method	SFS.Sharing.SharingRequester/BOFEEFLBOLO	GKINLJDKBFM	SFS.Sharing.SharingRequester/<>c__DisplayClass12_0	<SearchRockets>b__0	0.95	ilhash	-
field	SFS.Sharing.SharingRequester/DCMGALKHAEC	FDHDFEFPGCO	SFS.Sharing.SharingRequester/RocketsPage	pages	0.80	shape	I
field	SFS.Sharing.SharingRequester/DCMGALKHAEC	IAMEKBCCLCF	SFS.Sharing.SharingRequester/RocketsPage	rockets	0.80	shape	I
method	SFS.Sharing.SharingRequester/DJJDJGCDBCP	JBNDCKHFDKD	SFS.Sharing.SharingRequester/<>c__DisplayClass19_0	<GetUserRocketsPageManager>b__0	0.95	ilhash	-
method	SFS.Sharing.SharingRequester/DMGGHBHFEJE	MEPEBOBFFPD	SFS.Sharing.SharingRequester/<>c__DisplayClass10_0	<GetRockets>b__0	0.95	ilhash	-
method	SFS.Sharing.SharingRequester/ENLPKLCOBFO	DBJJBLBGKMI	SFS.Sharing.SharingRequester/<>c__DisplayClass9_0	<GetUserRockets>b__0	0.95	ilhash	-
method	SFS.Sharing.SharingRequester/FBONMDMJCDG	APJEMPIJPNH	SFS.Sharing.SharingRequester/<>c__DisplayClass15_0	<EditRocket>b__0	0.95	ilhash	-
method	SFS.Sharing.SharingRequester/GENNBIKNOBL	AEKHCDEELOD	SFS.Sharing.SharingRequester/<>c__DisplayClass18_0	<IsModerator>b__0	0.95	ilhash	-
method	SFS.Sharing.SharingRequester/GMCKOEONNGM	NCDCCDHKLOK	SFS.Sharing.SharingRequester/<>c__DisplayClass11_0	<GetRocket>b__0	0.95	ilhash	-
method	SFS.Sharing.SharingRequester/ICELBPKDNBF	OAOFOMPDLMG	SFS.Sharing.SharingRequester/RocketsTabManager	get_Page	0.95	ilhash	P
method	SFS.Sharing.SharingRequester/ICELBPKDNBF	EMIFMHOPIHL	SFS.Sharing.SharingRequester/RocketsTabManager	get_HasPreviousPage	0.95	ilhash	P
method	SFS.Sharing.SharingRequester/ICELBPKDNBF	CNBJFEGEBPG	SFS.Sharing.SharingRequester/RocketsTabManager	get_HasNextPage	0.95	ilhash	P
method	SFS.Sharing.SharingRequester/ICELBPKDNBF	KEGOLMHGNOD	SFS.Sharing.SharingRequester/RocketsTabManager	NextPage	0.95	ilhash	P
method	SFS.Sharing.SharingRequester/ICELBPKDNBF	DPIIHNNABNC	SFS.Sharing.SharingRequester/RocketsTabManager	PreviousPage	0.95	ilhash	P
method	SFS.Sharing.SharingRequester/ICELBPKDNBF	EIPFDAHMICE	SFS.Sharing.SharingRequester/RocketsTabManager	Clear	0.95	ilhash	P
method	SFS.Sharing.SharingRequester/ICELBPKDNBF	HDCPPDIGJEK	SFS.Sharing.SharingRequester/RocketsTabManager	GetPage	0.95	ilhash	P
field	SFS.Sharing.SharingRequester/ICELBPKDNBF	BIMFIEPNNMP	SFS.Sharing.SharingRequester/RocketsTabManager	serverRockets	0.80	shape	I
field	SFS.Sharing.SharingRequester/ICELBPKDNBF	BACCKFBOJLO	SFS.Sharing.SharingRequester/RocketsTabManager	downloadFunction	0.80	shape	I
field	SFS.Sharing.SharingRequester/ICELBPKDNBF	OLAIDLNEHCB	SFS.Sharing.SharingRequester/RocketsTabManager	clientPage	0.30	order	I
field	SFS.Sharing.SharingRequester/ICELBPKDNBF	MCLPEDDDLPB	SFS.Sharing.SharingRequester/RocketsTabManager	serverPage	0.30	order	I
field	SFS.Sharing.SharingRequester/ICELBPKDNBF	GFIAGKNNCGC	SFS.Sharing.SharingRequester/RocketsTabManager	maxServerPage	0.30	order	I
field	SFS.Sharing.SharingRequester/ICELBPKDNBF	BLPEHEKGNDF	SFS.Sharing.SharingRequester/RocketsTabManager	ServerPageSize	0.30	order	S
field	SFS.Sharing.SharingRequester/ICELBPKDNBF	FGFLFLFAIFA	SFS.Sharing.SharingRequester/RocketsTabManager	ClientPageSize	0.30	order	S
method	SFS.Sharing.SharingRequester/ICELBPKDNBF/<>c	GKOIMADJEDN	SFS.Sharing.SharingRequester/RocketsTabManager/<>c	<GetPage>b__16_2	0.95	ilhash	-
method	SFS.Sharing.SharingRequester/ICELBPKDNBF/ABMFHBNJCMM	BFJPDDAPFEI	SFS.Sharing.SharingRequester/RocketsTabManager/<>c__DisplayClass16_0	<GetPage>b__1	0.95	ilhash	-
method	SFS.Sharing.SharingRequester/ICELBPKDNBF/ABMFHBNJCMM	LHNCNGNLBDO	SFS.Sharing.SharingRequester/RocketsTabManager/<>c__DisplayClass16_0	<GetPage>g__InvokeCallback|0	0.95	ilhash	-
method	SFS.Sharing.SharingRequester/JJJOPGJOFKL	LFGDNKADHJD	SFS.Sharing.SharingRequester/<>c__DisplayClass17_0	<VoteRocket>b__0	0.95	ilhash	-
method	SFS.Sharing.SharingRequester/LMKPFBEKLNM	EPPJFBDCJPI	SFS.Sharing.SharingRequester/<>c__DisplayClass16_0	<DeleteRocket>b__0	0.95	ilhash	-
method	SFS.Sharing.SharingRequester/ODHAHDEPJNI	GPPOALJGPAC	SFS.Sharing.SharingRequester/<>c__DisplayClass8_0	<Initialize>b__0	0.95	ilhash	-
method	SFS.Sharing.SharingRequester/ODJPIINONLC	GLAMEHACBKJ	SFS.Sharing.SharingRequester/<>c__DisplayClass13_0	<UploadRocket>b__0	0.95	ilhash	-
method	SFS.Sharing.SharingRequester/RocketData	GMNCINFHFPE	SFS.Sharing.SharingRequester/RocketData	GetGZipped	0.95	ilhash	SP
method	SFS.Sharing.SharingRequester/RocketData	MGJINBICKNI	SFS.Sharing.SharingRequester/RocketData	GetJson	0.95	ilhash	P
method	SFS.Parts.Modules.SimplePipe	COJODFGGNIF	SFS.Parts.Modules.SimplePipe	I_InitializePartModule.get_Priority	0.95	ilhash	VN
method	SFS.Parts.Modules.SimplePipe	BOGBFJLCIGC	SFS.Parts.Modules.SimplePipe	I_InitializePartModule.Initialize	0.95	ilhash	VN
field	SFS.Parts.Modules.SimplePipe	EKNDHOJCMCB	SFS.Parts.Modules.SimplePipe	subscribing	0.80	shape	I
method	SFS.Parts.Modules.SkinModule	COJODFGGNIF	SFS.Parts.Modules.SkinModule	I_InitializePartModule.get_Priority	0.95	ilhash	VN
method	SFS.Parts.Modules.SkinModule	PHDBKLAJCIE	SFS.Parts.Modules.SkinModule	OnShapeTextureChange	0.95	ilhash	-
method	SFS.Parts.Modules.SkinModule	PALPHJCPEEA	SFS.Parts.Modules.SkinModule	GetShapeTextures	0.95	ilhash	-
method	SFS.Parts.Modules.SkinModule	AHCJFDGLFOB	SFS.Parts.Modules.SkinModule	OnColorTextureChange	0.95	ilhash	-
method	SFS.Parts.Modules.SkinModule	HCFGFJIPEKB	SFS.Parts.Modules.SkinModule	GetColorTextures	0.95	ilhash	-
method	SFS.Parts.Modules.SkinModule	BOGBFJLCIGC	SFS.Parts.Modules.SkinModule	I_InitializePartModule.Initialize	0.95	ilhash	VN
field	SFS.Parts.Modules.SkinModule	BHBECGNPBJH	SFS.Parts.Modules.SkinModule	defaultColors	0.30	order	I
field	SFS.Parts.Modules.SkinModule	NAMKEIPJDHA	SFS.Parts.Modules.SkinModule	defaultShapes	0.30	order	I
method	SFS.Parts.Modules.SkinModule/<>c	KOEBBECEKDC	SFS.Parts.Modules.SkinModule/<>c	<GetTextureOptions>b__15_1	0.95	ilhash	-
method	SFS.Parts.Modules.SkinModule/<>c	BEKLOMOFMNH	SFS.Parts.Modules.SkinModule/<>c	<I_InitializePartModule.Initialize>b__10_1	0.95	ilhash	-
method	SFS.Parts.Modules.SkinModule/<>c	ONEHMLECNEI	SFS.Parts.Modules.SkinModule/<>c	<I_InitializePartModule.Initialize>b__10_0	0.95	ilhash	-
method	SFS.Parts.Modules.SkinModule/<>c	JFGCFCIPEEE	SFS.Parts.Modules.SkinModule/<>c	<GetTextureOptions>b__15_0	0.95	ilhash	-
method	SFS.Audio.SoundEffect	FMFJHIOKDMB	SFS.Audio.SoundEffect	Play	0.95	ilhash	P
method	SFS.Audio.SoundEffect	MOIDADLOGEM	SFS.Audio.SoundEffect	Play3D	0.95	ilhash	P
method	SFS.World.SpaceCenterData	FPIIHAODIJH	SFS.World.SpaceCenterData	FromLegacyLaunchLocation	0.95	ilhash	SP
method	SFS.World.SpaceCenterData/BuildingPosition	GNKDOEDEFFE	SFS.World.SpaceCenterData/BuildingPosition	GetPosition	0.95	ilhash	P
method	SFS.Parts.Modules.SplitModule	BOGBFJLCIGC	SFS.Parts.Modules.SplitModule	I_InitializePartModule.Initialize	0.95	ilhash	VN
method	SFS.Parts.Modules.SplitModule	LIMBLPDBJIA	SFS.Parts.Modules.SplitModule	<ApplySeparationForce>b__27_0	0.95	ilhash	-
method	SFS.Parts.Modules.SplitModule	HGKJGKLCEJD	SFS.Parts.Modules.SplitModule	get_ForceMultiplier	0.95	ilhash	-
method	SFS.Parts.Modules.SplitModule	OEJFHFDBGAC	SFS.Parts.Modules.SplitModule	ApplyFragment	0.95	ilhash	-
method	SFS.Parts.Modules.SplitModule	GBAIBFFNEOF	SFS.Parts.Modules.SplitModule	CreateFragment	0.95	ilhash	-
method	SFS.Parts.Modules.SplitModule	COJODFGGNIF	SFS.Parts.Modules.SplitModule	I_InitializePartModule.get_Priority	0.95	ilhash	VN
method	SFS.Parts.Modules.SplitModule	OKHJBNEACOB	SFS.Parts.Modules.SplitModule	get_Rocket	0.95	ilhash	-
method	SFS.Parts.Modules.SplitModule	LBIEGMIIAHO	SFS.Parts.Modules.SplitModule	ArePartsConnected	0.95	ilhash	S
method	SFS.Parts.Modules.SplitModule	GMJGJKPFGFI	SFS.Parts.Modules.SplitModule	ApplySeparationForce	0.95	ilhash	-
method	SFS.Parts.Modules.SplitModule	FPEHCNHNIDM	SFS.Parts.Modules.SplitModule	Deploy	0.95	ilhash	-
field	SFS.Parts.Modules.SplitModule	AMJDFLOPCLO	SFS.Parts.Modules.SplitModule	part	0.30	order	I
field	SFS.Parts.Modules.SplitModule	<KBCHNAHPKEE>k__BackingField	SFS.Parts.Modules.SplitModule	<Rocket>k__BackingField	0.30	order	I
prop	SFS.Parts.Modules.SplitModule	LGBNFJCHPLN	SFS.Parts.Modules.SplitModule	Rocket	0.90	accessor	P
prop	SFS.Parts.Modules.SplitModule	DEHKPKKMODL	SFS.Parts.Modules.SplitModule	ShowDescription	0.90	accessor	P
method	SFS.Parts.Modules.SplitModule/<>c	OOODCOKAKBK	SFS.Parts.Modules.SplitModule/<>c	<Draw>b__18_7	0.95	ilhash	-
method	SFS.Parts.Modules.SplitModule/<>c	DFCGPDDICEN	SFS.Parts.Modules.SplitModule/<>c	<Draw>b__18_0	0.95	ilhash	-
method	SFS.Parts.Modules.SplitModule/HIOJGGBKPAJ	DCMJDCCEBMH	SFS.Parts.Modules.SplitModule/<>c__DisplayClass18_0	<Draw>g__GetForce|1	0.95	ilhash	-
method	SFS.Parts.Modules.SplitModule/HIOJGGBKPAJ	INGABDAFGCL	SFS.Parts.Modules.SplitModule/<>c__DisplayClass18_0	<Draw>b__6	0.95	ilhash	-
method	SFS.Parts.Modules.SplitModule/HIOJGGBKPAJ	PDKLCGDGLLD	SFS.Parts.Modules.SplitModule/<>c__DisplayClass18_0	<Draw>b__10	0.95	ilhash	-
method	SFS.Parts.Modules.SplitModule/HIOJGGBKPAJ	JCFLEFKFHGO	SFS.Parts.Modules.SplitModule/<>c__DisplayClass18_0	<Draw>b__9	0.95	ilhash	-
method	SFS.Parts.Modules.SplitModule/HIOJGGBKPAJ	OJGFCBCFAKI	SFS.Parts.Modules.SplitModule/<>c__DisplayClass18_0	<Draw>g__GetMaxForce|2	0.95	ilhash	-
method	SFS.Parts.Modules.SplitModule/HIOJGGBKPAJ	GBDIENKPLGF	SFS.Parts.Modules.SplitModule/<>c__DisplayClass18_0	<Draw>b__4	0.95	ilhash	-
method	SFS.Parts.Modules.SplitModule/HIOJGGBKPAJ	JHHCOJIKNAH	SFS.Parts.Modules.SplitModule/<>c__DisplayClass18_0	<Draw>b__8	0.95	ilhash	-
method	SFS.Parts.Modules.SplitModule/HIOJGGBKPAJ	GAICABJAOJJ	SFS.Parts.Modules.SplitModule/<>c__DisplayClass18_0	<Draw>b__3	0.95	ilhash	-
method	SFS.Parts.Modules.SplitModule/HIOJGGBKPAJ	MNAHJFFEMEF	SFS.Parts.Modules.SplitModule/<>c__DisplayClass18_0	<Draw>b__12	0.95	ilhash	-
method	SFS.Parts.Modules.SplitModule/HIOJGGBKPAJ	DDMKFEGGEIG	SFS.Parts.Modules.SplitModule/<>c__DisplayClass18_0	<Draw>b__5	0.95	ilhash	-
method	SFS.Parts.Modules.SplitModule/HIOJGGBKPAJ	JBLIIMFBHAD	SFS.Parts.Modules.SplitModule/<>c__DisplayClass18_0	<Draw>g__ToggleDetachEdges|11	0.95	ilhash	-
method	SFS.World.Stage	LHKLKAJLEOG	SFS.World.Stage	RemovePart	0.95	ilhash	P
method	SFS.World.Stage	AKBJFEADGJJ	SFS.World.Stage	OnPartDestroyed	0.95	ilhash	-
method	SFS.World.Stage	AHIPPKJJHHH	SFS.World.Stage	AddPart	0.95	ilhash	P
method	SFS.World.Stage	PPPLNILHEGE	SFS.World.Stage	Contains	0.95	ilhash	P
method	SFS.World.Stage	ILIMBLMPPDE	SFS.World.Stage	ToggleSelected	0.95	ilhash	P
method	SFS.World.Stage	KONBCFECCEP	SFS.World.Stage	SetPartAtIndex	0.95	ilhash	P
method	SFS.World.Stage	HKLMKFHIMCI	SFS.World.Stage	InsertPart	0.95	ilhash	P
method	SFS.World.StageSave	CAKJBNPINGC	SFS.World.StageSave	CreateSaves	0.95	ilhash	SP
method	SFS.World.StageSave/MGCMHKIJAJH	IKPEABDLACP	SFS.World.StageSave/<>c__DisplayClass2_0	<CreateSaves>b__0	0.95	ilhash	-
method	SFS.World.Staging_Local	MFNOGGJCACK	SFS.World.Staging_Local	IsEqual	0.95	ilhash	V
method	SFS.World.Stationary	BIPMAKPKBBP	SFS.World.Stationary	SFS.World.I_Path.GetLocation	0.95	ilhash	VN
method	SFS.World.Stationary	JKJCGCLBMBN	SFS.World.Stationary	SFS.World.I_Path.UpdateEncounters	0.95	ilhash	VN
method	SFS.World.Stationary	PLKCBGDGHOD	SFS.World.Stationary	CreatePath	0.95	ilhash	SP
method	SFS.World.Stationary	EAPBHHOAJEB	SFS.World.Stationary	SFS.World.I_Path.GetStopTimewarpTime	0.95	ilhash	VN
method	StraightMesh	EPKCBDMPFFF	StraightMesh	GetCurveData	0.95	ilhash	P
method	SFS.Variables.String_Local	MFNOGGJCACK	SFS.Variables.String_Local	IsEqual	0.95	ilhash	V
method	SFS.Variables.String_Reference	LJHJHCJGNCI	SFS.Variables.String_Reference	GetVariableList	0.95	ilhash	VP
method	SFS.Variables.String_Reference	HIBMENCNCON	SFS.Variables.String_Reference	GetVariable	0.95	ilhash	VP
method	SFS.Variables.String_Reference	MFNOGGJCACK	SFS.Variables.String_Reference	IsEqual	0.95	ilhash	V
method	SFS.Parts.Modules.StrutTexModule	HGJJCCGFKAP	SFS.Parts.Modules.StrutTexModule	Calculate	0.95	ilhash	-
prop	SFS.Parts.Modules.StrutTexModule	JILLOPBCKEJ	SFS.Parts.Modules.StrutTexModule	Priority	0.90	accessor	P
method	SFS.Parts.Modules.SurfaceCollider	BOGBFJLCIGC	SFS.Parts.Modules.SurfaceCollider	I_InitializePartModule.Initialize	0.95	ilhash	VN
method	SFS.Parts.Modules.SurfaceCollider	COJODFGGNIF	SFS.Parts.Modules.SurfaceCollider	I_InitializePartModule.get_Priority	0.95	ilhash	VN
method	SFS.Parts.Modules.SurfaceCollider	DLLNLPFOHIH	SFS.Parts.Modules.SurfaceCollider	CreateSurfaceColliders	0.95	ilhash	-
method	SFS.Parts.Modules.SurfaceData	LAJPJDPPFNF	SFS.Parts.Modules.SurfaceData	SetData	0.95	ilhash	-
prop	SFS.Parts.Modules.SurfaceData	KCONOEKPCMH	SFS.Parts.Modules.SurfaceData	Attachment	0.90	accessor	P
prop	SFS.Parts.Modules.SurfaceData	PBCPPIDHFEJ	SFS.Parts.Modules.SurfaceData	Drag	0.90	accessor	P
method	SFS.World.TDIPEGFJCEXJRDKO	JJLDNGKNPKL	SFS.World.StagingDrawer	<Initialize_Game>g__UseFirstStage|22_1	0.95	ilhash	-
method	SFS.World.TDIPEGFJCEXJRDKO	LKFALEEEABF	SFS.World.StagingDrawer	DuplicateStage	0.95	ilhash	-
method	SFS.World.TDIPEGFJCEXJRDKO	JGAHJDEOBEO	SFS.World.StagingDrawer	OnHasControlChange	0.95	ilhash	-
method	SFS.World.TDIPEGFJCEXJRDKO	DCAKFLEEADG	SFS.World.StagingDrawer	MoveToTop	0.95	ilhash	-
method	SFS.World.TDIPEGFJCEXJRDKO	FCCMCGIOLHI	SFS.World.StagingDrawer	RefreshStageId	0.95	ilhash	-
method	SFS.World.TDIPEGFJCEXJRDKO	JEBGFOEAIPD	SFS.World.StagingDrawer	DeselectStage	0.95	ilhash	-
method	SFS.World.TDIPEGFJCEXJRDKO	GEIMOEOGEND	SFS.World.StagingDrawer	ToggleStageSelect	0.95	ilhash	-
method	SFS.World.TDIPEGFJCEXJRDKO	IPCJDJNBMLC	SFS.World.StagingDrawer	ClearStages_UI	0.95	ilhash	-
method	SFS.World.TDIPEGFJCEXJRDKO	BDCIFLFBALJ	SFS.World.StagingDrawer	CanStagePart	0.95	ilhash	S
method	SFS.World.TDIPEGFJCEXJRDKO	GPHDLBCKABH	SFS.World.StagingDrawer	I_GLDrawer.Draw	0.95	ilhash	VN
method	SFS.World.TDIPEGFJCEXJRDKO	GBFMBOMPIJJ	SFS.World.StagingDrawer	RemoveStage	0.95	ilhash	-
method	SFS.World.TDIPEGFJCEXJRDKO	ADBNKJJBINB	SFS.World.StagingDrawer	UseStage	0.95	ilhash	-
method	SFS.World.TDIPEGFJCEXJRDKO	OECLOAKFLFO	SFS.World.StagingDrawer	DestroyStage_UI	0.95	ilhash	-
method	SFS.World.TDIPEGFJCEXJRDKO	AFFNLFBJBNO	SFS.World.StagingDrawer	OnStagingChange	0.95	ilhash	-
method	SFS.World.TDIPEGFJCEXJRDKO	NHBAPIHDEMO	SFS.World.StagingDrawer	OnScrollingModeChange	0.95	ilhash	-
method	SFS.World.TDIPEGFJCEXJRDKO	DOIOOJGMPKM	SFS.World.StagingDrawer	OnPlayerChange	0.95	ilhash	-
method	SFS.World.TDIPEGFJCEXJRDKO	HJAJFLPGAOL	SFS.World.StagingDrawer	UpdateShow	0.95	ilhash	-
method	SFS.World.TDIPEGFJCEXJRDKO	JNPDGFBAMNF	SFS.World.StagingDrawer	Initialize	0.95	ilhash	-
method	SFS.World.TDIPEGFJCEXJRDKO	EFBEKHLFKDB	SFS.World.StagingDrawer	IsSelectedStage	0.95	ilhash	-
method	SFS.World.TDIPEGFJCEXJRDKO	APGMPIIFNKI	SFS.World.StagingDrawer	<Initialize>b__23_0	0.95	ilhash	-
method	SFS.World.TDIPEGFJCEXJRDKO	GIIGEDOOHOC	SFS.World.StagingDrawer	CreateStage_UI	0.95	ilhash	-
method	SFS.World.TDIPEGFJCEXJRDKO	GAOEEEPAKBL	SFS.World.StagingDrawer	UpdateIsScrolling	0.95	ilhash	-
method	SFS.World.TDIPEGFJCEXJRDKO	CDMGGPHOOJN	SFS.World.StagingDrawer	AddStage	0.95	ilhash	-
method	SFS.World.TDIPEGFJCEXJRDKO	AHFNCEHIEGA	SFS.World.StagingDrawer	OnReorder	0.95	ilhash	-
method	SFS.World.TDIPEGFJCEXJRDKO	CPAMDKHAADJ	SFS.World.StagingDrawer	<Initialize_Game>b__22_0	0.95	ilhash	-
method	SFS.World.TDIPEGFJCEXJRDKO	HKKEGACDNNO	SFS.World.StagingDrawer	ClampToTop	0.95	ilhash	-
field	SFS.World.TDIPEGFJCEXJRDKO	NOLDGBBCBLF	SFS.World.StagingDrawer	staging	0.30	order	I
field	SFS.World.TDIPEGFJCEXJRDKO	PGNCBBHCJFE	SFS.World.StagingDrawer	scrolling	0.30	order	I
field	SFS.World.TDIPEGFJCEXJRDKO	GBIOFDIEDKF	SFS.World.StagingDrawer	stagesUI	0.80	shape	I
field	SFS.World.TDIPEGFJCEXJRDKO	KLNHJEOFKBL	SFS.World.StagingDrawer	selected	0.30	order	I
field	SFS.World.TDIPEGFJCEXJRDKO	OJNEPKCFDHA	SFS.World.StagingDrawer	useStageIdentifier	0.80	shape	S
prop	SFS.World.TDIPEGFJCEXJRDKO	NAMBAIPNKKC	SFS.World.StagingDrawer	HasStages	0.90	accessor	P
method	SFS.World.TDIPEGFJCEXJRDKO/<>c	AMLBPPFGPNG	SFS.World.StagingDrawer/<>c	<TogglePartSelected>b__47_0	0.95	ilhash	-
method	SFS.World.TDIPEGFJCEXJRDKO/<>c	KFEPPEJOPFJ	SFS.World.StagingDrawer/<>c	<OnReorder>b__29_1	0.95	ilhash	-
method	SFS.World.TDIPEGFJCEXJRDKO/<>c	ILNILCILJOM	SFS.World.StagingDrawer/<>c	<AddStage>b__36_0	0.95	ilhash	-
method	SFS.World.TDIPEGFJCEXJRDKO/<>c	MDFHGOGDCPJ	SFS.World.StagingDrawer/<>c	<OnReorder>b__29_0	0.95	ilhash	-
method	SFS.World.TDIPEGFJCEXJRDKO/<>c	MNGNJNDLJNP	SFS.World.StagingDrawer/<>c	<UseStage>b__38_0	0.95	ilhash	-
method	SFS.World.TDIPEGFJCEXJRDKO/FEJFNNELJIC	KGDAPAEEJJK	SFS.World.StagingDrawer/<>c__DisplayClass29_0	<OnReorder>b__2	0.95	ilhash	-
method	SFS.World.TDIPEGFJCEXJRDKO/GIONJKFINBH	KKAMDEAAKPG	SFS.World.StagingDrawer/<>c__DisplayClass28_0	<OnHasControlChange>b__0	0.95	ilhash	-
method	SFS.World.TDIPEGFJCEXJRDKO/HBFIDGPHNNP	NFIGKAJDEMJ	SFS.World.StagingDrawer/<>c__DisplayClass50_0	<CreateStage_UI>b__2	0.95	ilhash	-
method	SFS.World.TDIPEGFJCEXJRDKO/HBFIDGPHNNP	EDLIBCPMDMJ	SFS.World.StagingDrawer/<>c__DisplayClass50_0	<CreateStage_UI>b__7	0.95	ilhash	-
method	SFS.World.TDIPEGFJCEXJRDKO/HBFIDGPHNNP	PEEACEBFPJJ	SFS.World.StagingDrawer/<>c__DisplayClass50_0	<CreateStage_UI>b__6	0.95	ilhash	-
method	SFS.World.TDIPEGFJCEXJRDKO/HBFIDGPHNNP	LFBICLLEHCI	SFS.World.StagingDrawer/<>c__DisplayClass50_0	<CreateStage_UI>b__1	0.95	ilhash	-
method	SFS.World.TDIPEGFJCEXJRDKO/HBFIDGPHNNP	AJMHOEFCBMG	SFS.World.StagingDrawer/<>c__DisplayClass50_0	<CreateStage_UI>b__5	0.95	ilhash	-
method	SFS.World.TDIPEGFJCEXJRDKO/HBFIDGPHNNP	FHMCKANJJLE	SFS.World.StagingDrawer/<>c__DisplayClass50_0	<CreateStage_UI>b__0	0.95	ilhash	-
method	SFS.World.TDIPEGFJCEXJRDKO/HBFIDGPHNNP	AMPOABMDBPG	SFS.World.StagingDrawer/<>c__DisplayClass50_0	<CreateStage_UI>b__3	0.95	ilhash	-
method	SFS.World.TDIPEGFJCEXJRDKO/HBFIDGPHNNP	FDEEAHIDLBK	SFS.World.StagingDrawer/<>c__DisplayClass50_0	<CreateStage_UI>b__4	0.95	ilhash	-
method	SFS.World.TDIPEGFJCEXJRDKO/KFMCFKFIGPO	HCEFNHOFDEI	SFS.World.StagingDrawer/<>c__DisplayClass51_0	<DestroyStage_UI>b__0	0.95	ilhash	-
method	SFS.World.TDLHYBGMRAHUWSQC	PDPALMFFDFA	SFS.World.AeroDrawer	Draw	0.95	ilhash	-
method	SFS.World.TDLHYBGMRAHUWSQC	DOIOOJGMPKM	SFS.World.AeroDrawer	OnPlayerChange	0.95	ilhash	-
field	SFS.World.TDLHYBGMRAHUWSQC	IPENCIAKEBH	SFS.World.AeroDrawer	aero	0.80	shape	I
field	SFS.World.TDLHYBGMRAHUWSQC	DJLMGAALBAI	SFS.World.AeroDrawer	drawnCount	0.80	shape	I
method	SFS.World.TDLHYBGMRAHUWSQC/<>c	OHLFKDGKILD	SFS.World.AeroDrawer/<>c	<Draw>b__9_0	0.95	ilhash	-
method	SFS.World.Maps.TFQAKXOHRZIGJMDF	NOILOALCGDI	SFS.World.Maps.MapIcon	UpdateAlpha	0.95	ilhash	-
method	SFS.World.Maps.TFQAKXOHRZIGJMDF	EJMCOKPKPMG	SFS.World.Maps.MapIcon	OnPositionChange	0.95	ilhash	-
method	SFS.World.Maps.TFQAKXOHRZIGJMDF	BGGECHDJLIJ	SFS.World.Maps.MapIcon	OnPlanetChange	0.95	ilhash	-
method	SFS.Input.TIYTCMPPXTMLAOUH	OCIKGNMEMOJ	SFS.Input.KeybindingsPC	get_FileName	0.95	ilhash	V
method	SFS.Input.TIYTCMPPXTMLAOUH	ACHKECDJHOO	SFS.Input.KeybindingsPC	RegenerateMenu	0.95	ilhash	-
method	SFS.Input.TIYTCMPPXTMLAOUH	IECMOLNPHGB	SFS.Input.KeybindingsPC	OnLoad	0.95	ilhash	V
field	SFS.Input.TIYTCMPPXTMLAOUH	PDDHFPIJBEE	SFS.Input.KeybindingsPC	elements	0.80	shape	I
method	SFS.Input.TIYTCMPPXTMLAOUH/Key	GGHJPBIEABF	SFS.Input.KeybindingsPC/Key	SFS.Input.I_Key.IsKeyUp	0.95	ilhash	VN
method	SFS.Input.TIYTCMPPXTMLAOUH/Key	HNECCGLPHLO	SFS.Input.KeybindingsPC/Key	Ctrl_	0.95	ilhash	SP
method	SFS.Input.TIYTCMPPXTMLAOUH/Key	JCJMHFLACIK	SFS.Input.KeybindingsPC/Key	SFS.Input.I_Key.IsKeyDown	0.95	ilhash	VN
method	SFS.Input.TIYTCMPPXTMLAOUH/Key	NEBEBPCJLHB	SFS.Input.KeybindingsPC/Key	SFS.Input.I_Key.IsKeyStay	0.95	ilhash	VN
method	SFS.Input.TIYTCMPPXTMLAOUH/Key	EOMHKCEEPMF	SFS.Input.KeybindingsPC/Key	op_Implicit	0.95	ilhash	SP
field	SFS.Input.TIYTCMPPXTMLAOUH/MEECKNKENKI	DDHEHCNFJOM	SFS.Input.KeybindingsPC/Data	Close_Menu	0.30	order	I
field	SFS.Input.TIYTCMPPXTMLAOUH/MEECKNKENKI	LOKDKLAMMNJ	SFS.Input.KeybindingsPC/Data	SaveLoad	0.30	order	I
field	SFS.Input.TIYTCMPPXTMLAOUH/MEECKNKENKI	JKBBBOJDFMI	SFS.Input.KeybindingsPC/Data	Select_All	0.30	order	I
field	SFS.Input.TIYTCMPPXTMLAOUH/MEECKNKENKI	GEFMHIGKAEH	SFS.Input.KeybindingsPC/Data	CopyPaste	0.30	order	I
field	SFS.Input.TIYTCMPPXTMLAOUH/MEECKNKENKI	HLPGEGCOGKB	SFS.Input.KeybindingsPC/Data	Duplicate	0.30	order	I
field	SFS.Input.TIYTCMPPXTMLAOUH/MEECKNKENKI	BFBFHGBLDMI	SFS.Input.KeybindingsPC/Data	Delete	0.30	order	I
field	SFS.Input.TIYTCMPPXTMLAOUH/MEECKNKENKI	CDFJDADIGDB	SFS.Input.KeybindingsPC/Data	Undo	0.30	order	I
field	SFS.Input.TIYTCMPPXTMLAOUH/MEECKNKENKI	LIEKAEFBDGO	SFS.Input.KeybindingsPC/Data	Redo	0.30	order	I
field	SFS.Input.TIYTCMPPXTMLAOUH/MEECKNKENKI	EEJCDNDAAIG	SFS.Input.KeybindingsPC/Data	Rotate_Part	0.30	order	I
field	SFS.Input.TIYTCMPPXTMLAOUH/MEECKNKENKI	ILDHKLGBPAA	SFS.Input.KeybindingsPC/Data	Flip_Part	0.30	order	I
field	SFS.Input.TIYTCMPPXTMLAOUH/MEECKNKENKI	EMDHKMCEBHK	SFS.Input.KeybindingsPC/Data	Toggle_Ignition	0.30	order	I
field	SFS.Input.TIYTCMPPXTMLAOUH/MEECKNKENKI	KCHMKBGGDBG	SFS.Input.KeybindingsPC/Data	Throttle	0.30	order	I
field	SFS.Input.TIYTCMPPXTMLAOUH/MEECKNKENKI	CMEMBFCMPJD	SFS.Input.KeybindingsPC/Data	MinMax_Throttle	0.30	order	I
field	SFS.Input.TIYTCMPPXTMLAOUH/MEECKNKENKI	OOPINDFOFGN	SFS.Input.KeybindingsPC/Data	Toggle_RCS	0.30	order	I
field	SFS.Input.TIYTCMPPXTMLAOUH/MEECKNKENKI	FEHCJENDGOL	SFS.Input.KeybindingsPC/Data	Turn_Rocket	0.30	order	I
field	SFS.Input.TIYTCMPPXTMLAOUH/MEECKNKENKI	MENDOKCABKD	SFS.Input.KeybindingsPC/Data	Move_Rocket_Using_RCS	0.30	order	I
field	SFS.Input.TIYTCMPPXTMLAOUH/MEECKNKENKI	BDDMGEGKCPA	SFS.Input.KeybindingsPC/Data	Activate_Stage	0.30	order	I
field	SFS.Input.TIYTCMPPXTMLAOUH/MEECKNKENKI	PPPOFPCOOMH	SFS.Input.KeybindingsPC/Data	Toggle_Map	0.30	order	I
field	SFS.Input.TIYTCMPPXTMLAOUH/MEECKNKENKI	BAOKNONEBJM	SFS.Input.KeybindingsPC/Data	Timewarp	0.30	order	I
field	SFS.Input.TIYTCMPPXTMLAOUH/MEECKNKENKI	MFJLGJNNFDL	SFS.Input.KeybindingsPC/Data	Switch_Rocket	0.30	order	I
field	SFS.Input.TIYTCMPPXTMLAOUH/MEECKNKENKI	LHDFBIFBJKI	SFS.Input.KeybindingsPC/Data	Toggle_Console	0.30	order	I
method	SFS.TSEMVORMFGWKVPBC	DOOCGGBNDAP	SFS.ShootingStarManager	SpawnShootingStar	0.95	ilhash	-
field	SFS.TSEMVORMFGWKVPBC	GNLCPEKKPNO	SFS.ShootingStarManager	timer	0.80	shape	I
method	SFS.World.Maps.TSXCEJQQTUIAXFEV	DHEGADFOABK	SFS.World.Maps.TimewarpTo	<StartTimewarp>g__GetEndTime|13_1	0.95	ilhash	S
method	SFS.World.Maps.TSXCEJQQTUIAXFEV	GNKDOEDEFFE	SFS.World.Maps.TimewarpTo	GetPosition	0.95	ilhash	S
method	SFS.World.Maps.TSXCEJQQTUIAXFEV	DJDIPNIIEFD	SFS.World.Maps.TimewarpTo	<Start>b__3_0	0.95	ilhash	-
method	SFS.World.Maps.TSXCEJQQTUIAXFEV	ELDBEDNOEIG	SFS.World.Maps.TimewarpTo	RaycastOrbits	0.95	ilhash	S
method	SFS.World.Maps.TSXCEJQQTUIAXFEV	MELNPDHJNIM	SFS.World.Maps.TimewarpTo	IsInClickRange	0.95	ilhash	S
method	SFS.World.Maps.TSXCEJQQTUIAXFEV	HEEEHHKJMEP	SFS.World.Maps.TimewarpTo	TryGetRadiusFromAngle	0.95	ilhash	S
method	SFS.World.Maps.TSXCEJQQTUIAXFEV	MCDNNNPKBML	SFS.World.Maps.TimewarpTo	<StartTimewarp>g__StartWarp|13_0	0.95	ilhash	-
method	SFS.World.Maps.TSXCEJQQTUIAXFEV	LPOJMCKJGIL	SFS.World.Maps.TimewarpTo	GetTargets	0.95	ilhash	S
method	SFS.World.Maps.TSXCEJQQTUIAXFEV	BEDFGNHDOBM	SFS.World.Maps.TimewarpTo	RaycastTransferWindows	0.95	ilhash	S
field	SFS.World.Maps.TSXCEJQQTUIAXFEV	KLNHJEOFKBL	SFS.World.Maps.TimewarpTo	selected	0.80	shape	I
field	SFS.World.Maps.TSXCEJQQTUIAXFEV/AJOCNLNHFIH	LMCIICJJKMD	SFS.World.Maps.TimewarpTo/Select	target	0.80	shape	I
method	SFS.World.Maps.TSXCEJQQTUIAXFEV/AOEJMAHNLBE	EIMDOMLFIGP	SFS.World.Maps.TimewarpTo/I_Warp	get_Target	0.75	virtual-order	VANP
method	SFS.World.Maps.TSXCEJQQTUIAXFEV/CKBMIOJDILJ	CGKGBCJJICL	SFS.World.Maps.TimewarpTo/Warp_TransferWindow	SFS.World.Maps.TimewarpTo.I_Warp.get_Target	0.95	ilhash	VN
method	SFS.World.Maps.TSXCEJQQTUIAXFEV/FBFOPBLNMGP	CGKGBCJJICL	SFS.World.Maps.TimewarpTo/Warp_Point	SFS.World.Maps.TimewarpTo.I_Warp.get_Target	0.95	ilhash	VN
field	SFS.World.Maps.TSXCEJQQTUIAXFEV/GFMCGBGLDED	GPPOCHKHJFE	SFS.World.Maps.TimewarpTo/Select_Point	planet	0.80	shape	I
field	SFS.World.Maps.TSXCEJQQTUIAXFEV/GFMCGBGLDED	JDNADMKFJCM	SFS.World.Maps.TimewarpTo/Select_Point	angleRadians	0.80	shape	I
method	SFS.World.PlanetModules.TerrainModule	CGMDJMHAFJL	SFS.World.PlanetModules.TerrainModule	GetChunkSize_Angular	0.95	ilhash	P
method	SFS.World.PlanetModules.TerrainModule	JKOBBBHPMNA	SFS.World.PlanetModules.TerrainModule	SetupSamplers	0.95	ilhash	P
method	SFS.World.PlanetModules.TerrainModule	CPJLLOHDGAN	SFS.World.PlanetModules.TerrainModule	GetTerrainPoints	0.95	ilhash	P
method	SFS.World.PlanetModules.TerrainModule	NCDMAEHCCCF	SFS.World.PlanetModules.TerrainModule	GetVerticeSize	0.95	ilhash	P
method	SFS.World.PlanetModules.TerrainModule	JNPNNCBGNHD	SFS.World.PlanetModules.TerrainModule	GetMaxTerrainHeight	0.95	ilhash	P
method	SFS.World.PlanetModules.TerrainModule	GKLHNBKODAA	SFS.World.PlanetModules.TerrainModule	GetLoadDistance	0.95	ilhash	P
method	SFS.Parts.TextureAssetBase	OFMABFKGMPE	SFS.Parts.TextureAssetBase	GetTexID	0.95	ilhash	P
method	SFS.Parts.TextureAssetBase	FEFHALGCPPC	SFS.Parts.TextureAssetBase	Get_UV	0.95	ilhash	P
method	SFS.Parts.Modules.Textures	CCIPNPGLFKM	SFS.Parts.Modules.Textures	GetOutput	0.95	ilhash	P
method	SFS.Parts.Modules.Textures	LALIJCPPKEB	SFS.Parts.Modules.Textures	GetShapeWidth	0.95	ilhash	P
method	SFS.Parts.Modules.Textures	OAKCCHGLLEO	SFS.Parts.Modules.Textures	<GetOutput>g__ConvertHeight|5_0	0.95	ilhash	S
method	SFS.World.Throttle_Local	MFNOGGJCACK	SFS.World.Throttle_Local	IsEqual	0.95	ilhash	V
field	SFS.Parts.Modules.ThrustBase	<KBCHNAHPKEE>k__BackingField	SFS.Parts.Modules.ThrustBase	<Rocket>k__BackingField	0.80	shape	I
prop	SFS.Parts.Modules.ThrustBase	HBKBGLHDLNI	SFS.Parts.Modules.ThrustBase	ThrustAmount	0.90	accessor	P
prop	SFS.Parts.Modules.ThrustBase	GAOLALMOOAA	SFS.Parts.Modules.ThrustBase	ThrustNormal	0.90	accessor	P
prop	SFS.Parts.Modules.ThrustBase	PDBFEJIJAGG	SFS.Parts.Modules.ThrustBase	ThrustPosition	0.90	accessor	P
prop	SFS.Parts.Modules.ThrustBase	BLFNHDBNFFD	SFS.Parts.Modules.ThrustBase	HeatOn	0.90	accessor	P
prop	SFS.Parts.Modules.ThrustBase	KFPLAEIPPJN	SFS.Parts.Modules.ThrustBase	HeatHolder	0.90	accessor	P
prop	SFS.Parts.Modules.ThrustBase	HAMBEPIJLKD	SFS.Parts.Modules.ThrustBase	HeatHitbox	0.90	accessor	P
prop	SFS.Parts.Modules.ThrustBase	LHFKJJJELGJ	SFS.Parts.Modules.ThrustBase	ThrottleOut	0.90	accessor	P
prop	SFS.Parts.Modules.ThrustBase	MFBCAIIJKJB	SFS.Parts.Modules.ThrustBase	On	0.90	accessor	P
prop	SFS.Parts.Modules.ThrustBase	LGBNFJCHPLN	SFS.Parts.Modules.ThrustBase	Rocket	0.90	accessor	P
method	SFS.Parts.Modules.ToggleModule/NGAIKNNIIJL	DDMKFEGGEIG	SFS.Parts.Modules.ToggleModule/<>c__DisplayClass3_0	<Draw>b__5	0.95	ilhash	-
method	SFS.Parts.Modules.ToggleModule/NGAIKNNIIJL	IPNNDOJLKJN	SFS.Parts.Modules.ToggleModule/<>c__DisplayClass3_0	<Draw>b__1	0.95	ilhash	-
method	SFS.Parts.Modules.ToggleModule/NGAIKNNIIJL	HAHJGAOBCEI	SFS.Parts.Modules.ToggleModule/<>c__DisplayClass3_0	<Draw>b__0	0.95	ilhash	-
method	SFS.Parts.Modules.ToggleModule/NGAIKNNIIJL	LHENCJLMGBC	SFS.Parts.Modules.ToggleModule/<>c__DisplayClass3_0	<Draw>b__3	0.95	ilhash	-
method	SFS.Parts.Modules.ToggleModule/NGAIKNNIIJL	GAICABJAOJJ	SFS.Parts.Modules.ToggleModule/<>c__DisplayClass3_0	<Draw>b__2	0.95	ilhash	-
method	SFS.Parts.Modules.ToggleModule/NGAIKNNIIJL	HBFFPOKFLJC	SFS.Parts.Modules.ToggleModule/<>c__DisplayClass3_0	<Draw>g__OnToggle|4	0.95	ilhash	-
method	SFS.Parts.Modules.TorqueModule	NLPKJACAAJA	SFS.Parts.Modules.TorqueModule	SFS.Parts.Modules.I_PartMenu.Draw	0.95	ilhash	VN
method	SFS.World.Trajectory	GHLOGBKEEDD	SFS.World.Trajectory	CreateStationaryTrajectory	0.95	ilhash	SP
method	SFS.World.Trajectory	CDOEIJBAJCD	SFS.World.Trajectory	CalculatePaths	0.95	ilhash	-
method	SFS.World.Trajectory	PLKCBGDGHOD	SFS.World.Trajectory	CreatePath	0.95	ilhash	SP
method	SFS.World.Trajectory	BFBHLJOHHFB	SFS.World.Trajectory	GetNextPath	0.95	ilhash	-
method	SFS.World.Trajectory	EPFMNNGLAPA	SFS.World.Trajectory	CreateTrajectory	0.95	ilhash	SP
method	SFS.World.Trajectory	EGPEAHHPPHO	SFS.World.Trajectory	CheckPathTransition	0.95	ilhash	P
method	SFS.World.Trajectory	HGLLMHIMNPA	SFS.World.Trajectory	EnterNextPath	0.95	ilhash	P
method	SFS.World.Trajectory	LJBNFKCDOFG	SFS.World.Trajectory	CheckEncounters	0.95	ilhash	P
method	SFS.World.Trajectory	FMCMNINAHKB	SFS.World.Trajectory	GetStopTimewarpTime	0.95	ilhash	P
method	SFS.World.Trajectory	NJAIKBEKOCG	SFS.World.Trajectory	GetLocation	0.95	ilhash	P
method	SFS.World.Trajectory	ONHEHALAEID	SFS.World.Trajectory	GetPathEndTime	0.95	ilhash	P
method	UAFXHNHJBNBZFKNA	LMELKIJNFBH	PopupManager	Load	0.95	ilhash	-
method	UAFXHNHJBNBZFKNA	PPEPENBDDOD	PopupManager	TryShow	0.95	ilhash	-
method	UAFXHNHJBNBZFKNA	EJBFBCKHJNL	PopupManager	Save	0.95	ilhash	-
field	UAFXHNHJBNBZFKNA	JJMDIGPFFOP	PopupManager	state	0.80	shape	I
field	UAFXHNHJBNBZFKNA	EHLLJONFFKE	PopupManager	started	0.80	shape	I
method	SFS.UI.UDRNLTEUDCBFWOEJ/<>c	ILBBDAEKFCK	SFS.UI.SizeSyncGroup/<>c	<Update>b__2_1	0.95	ilhash	-
method	SFS.UI.UDRNLTEUDCBFWOEJ/<>c	PPGIPBPPFEC	SFS.UI.SizeSyncGroup/<>c	<Update>b__2_0	0.95	ilhash	-
prop	SFS.World.Maps.UJAHJJKRDLTUODRM	GPOBBJCNLAA	SFS.World.Maps.MapPlanet	Location	0.90	accessor	P
prop	SFS.World.Maps.UJAHJJKRDLTUODRM	PBFOKKFAOKJ	SFS.World.Maps.MapPlanet	Trajectory	0.90	accessor	P
prop	SFS.World.Maps.UJAHJJKRDLTUODRM	PJIMPPOHLAJ	SFS.World.Maps.MapPlanet	EncounterText	0.90	accessor	P
prop	SFS.World.Maps.UJAHJJKRDLTUODRM	HGFBMINPGAA	SFS.World.Maps.MapPlanet	OrbitDepth	0.90	accessor	P
prop	SFS.World.Maps.UJAHJJKRDLTUODRM	KNCKFPOEFPP	SFS.World.Maps.MapPlanet	ClickDepth	0.90	accessor	P
prop	SFS.World.Maps.UJAHJJKRDLTUODRM	KGKNKIMPCLC	SFS.World.Maps.MapPlanet	Select_MenuPosition	0.90	accessor	P
prop	SFS.World.Maps.UJAHJJKRDLTUODRM	CAPFCODIDCF	SFS.World.Maps.MapPlanet	FocusDistance	0.90	accessor	P
prop	SFS.World.Maps.UJAHJJKRDLTUODRM	PGKKODIMMGD	SFS.World.Maps.MapPlanet	Select_DisplayName	0.90	accessor	P
prop	SFS.World.Maps.UJAHJJKRDLTUODRM	HJBGHFPNGBO	SFS.World.Maps.MapPlanet	Select_CanNavigate	0.90	accessor	P
prop	SFS.World.Maps.UJAHJJKRDLTUODRM	NALFCMCAOHO	SFS.World.Maps.MapPlanet	Select_CanFocus	0.90	accessor	P
prop	SFS.World.Maps.UJAHJJKRDLTUODRM	BEMLLECJIGA	SFS.World.Maps.MapPlanet	Select_CanRename	0.90	accessor	P
prop	SFS.World.Maps.UJAHJJKRDLTUODRM	EKLLEPDMOMD	SFS.World.Maps.MapPlanet	Select_CanEndMission	0.90	accessor	P
prop	SFS.World.Maps.UJAHJJKRDLTUODRM	MIOPPFBOBKC	SFS.World.Maps.MapPlanet	Select_EndMissionText	0.90	accessor	P
prop	SFS.World.Maps.UJAHJJKRDLTUODRM	NLIHIMLAGND	SFS.World.Maps.MapPlanet	Select_EndMissionIcon	0.90	accessor	P
prop	SFS.World.Maps.UJAHJJKRDLTUODRM	NPFGNMJHOPO	SFS.World.Maps.MapPlanet	Navigation_Tolerance	0.90	accessor	P
method	SFS.World.Maps.UJAHJJKRDLTUODRM/<>c	COIBBBBHECF	SFS.World.Maps.MapPlanet/<>c	<get_FocusDistance>b__14_0	0.95	ilhash	-
method	SFS.World.UMORHYANTRJORPGH	LAIICHOIOMM	SFS.World.Flag	AnimateFoldout	0.95	ilhash	-
method	SFS.Audio.UNHXLSAXJKMBQDKF	IECMOLNPHGB	SFS.Audio.AudioSettings	OnLoad	0.95	ilhash	V
method	SFS.Audio.UNHXLSAXJKMBQDKF	BIKLKNBOODC	SFS.Audio.AudioSettings	OnMusicChange	0.95	ilhash	-
method	SFS.Audio.UNHXLSAXJKMBQDKF	GLBLGJBIJPD	SFS.Audio.AudioSettings	OnSoundChange	0.95	ilhash	-
method	SFS.Audio.UNHXLSAXJKMBQDKF	OCIKGNMEMOJ	SFS.Audio.AudioSettings	get_FileName	0.95	ilhash	V
method	SFS.World.UOHRFRQOIXCKJYYN	ICEGEINFGLJ	SFS.World.WorldLoader	set_Loaded	0.95	ilhash	-
method	SFS.World.UOHRFRQOIXCKJYYN	HLLBNNKDEBM	SFS.World.WorldLoader	<Start>b__13_1	0.95	ilhash	-
method	SFS.World.UOHRFRQOIXCKJYYN	LCMDJAPOACJ	SFS.World.WorldLoader	UpdateLoading	0.95	ilhash	-
method	SFS.World.UOHRFRQOIXCKJYYN	NPFBNLFKIKJ	SFS.World.WorldLoader	<Start>b__13_0	0.95	ilhash	-
method	SFS.World.UOHRFRQOIXCKJYYN	IFIJELIBEGE	SFS.World.WorldLoader	OnLocationChange_After	0.95	ilhash	-
method	SFS.World.UOHRFRQOIXCKJYYN	CNMKHOIKAHG	SFS.World.WorldLoader	OnLocationChange_Before	0.95	ilhash	-
method	SFS.World.UOHRFRQOIXCKJYYN	PFBMEAKDBGK	SFS.World.WorldLoader	SetLoaded	0.50	order-sig	-
field	SFS.World.UOHRFRQOIXCKJYYN	<HLOBJJMBIJD>k__BackingField	SFS.World.WorldLoader	<Loaded>k__BackingField	0.80	shape	I
field	SFS.World.UOHRFRQOIXCKJYYN	BPAHNLEHPGO	SFS.World.WorldLoader	onLoadedChange_Before	0.30	order	I
field	SFS.World.UOHRFRQOIXCKJYYN	ONODOECOPCF	SFS.World.WorldLoader	onLoadedChange_After	0.30	order	I
prop	SFS.World.UOHRFRQOIXCKJYYN	IHIFIALBPME	SFS.World.WorldLoader	Loaded	0.90	accessor	P
method	SFS.Tutorials.USDSMBEPWGWZTSTP	FMOEBNGLEAE	SFS.Tutorials.Tutorial_Base	Add_Action	0.95	ilhash	-
method	SFS.Tutorials.USDSMBEPWGWZTSTP	PDBHFHPHGEA	SFS.Tutorials.Tutorial_Base	Add_Delay	0.95	ilhash	-
method	SFS.Tutorials.USDSMBEPWGWZTSTP	LJHFDAKMPJK	SFS.Tutorials.Tutorial_Base	Add_ShowPopup	0.95	ilhash	-
method	SFS.Tutorials.USDSMBEPWGWZTSTP	MMMCIALHBNI	SFS.Tutorials.Tutorial_Base	Add_Check	0.95	ilhash	-
field	SFS.Tutorials.USDSMBEPWGWZTSTP	CBBOHNJBCGP	SFS.Tutorials.Tutorial_Base	steps	0.80	shape	I
method	SFS.Tutorials.USDSMBEPWGWZTSTP/EBJGBCKCAOD	CHHAEBMHJGI	SFS.Tutorials.Tutorial_Base/<>c__DisplayClass3_0	<Add_Delay>b__0	0.95	ilhash	-
method	SFS.Tutorials.USDSMBEPWGWZTSTP/GHIJCJPNDDH	ABLGAGIOGDC	SFS.Tutorials.Tutorial_Base/<>c__DisplayClass0_0	<Add_ShowPopup>b__1	0.95	ilhash	-
method	SFS.Tutorials.USDSMBEPWGWZTSTP/GHIJCJPNDDH	GNOCFFMFBKD	SFS.Tutorials.Tutorial_Base/<>c__DisplayClass0_0	<Add_ShowPopup>b__0	0.95	ilhash	-
method	SFS.Tutorials.USDSMBEPWGWZTSTP/LCCNEEBEKFB	GGPAOGIJLHF	SFS.Tutorials.Tutorial_Base/<>c__DisplayClass1_0	<Add_Action>b__0	0.95	ilhash	-
method	SFS.Tutorials.USDSMBEPWGWZTSTP/MFAHMMACKMM	OHKKOILCEPO	SFS.Tutorials.Tutorial_Base/TimeDelay	Activate	0.95	ilhash	-
method	SFS.Tutorials.USDSMBEPWGWZTSTP/MFAHMMACKMM	OLIBKPHCDGF	SFS.Tutorials.Tutorial_Base/TimeDelay	Ended	0.95	ilhash	P
field	SFS.Tutorials.USDSMBEPWGWZTSTP/MFAHMMACKMM	LKDALCKPDCN	SFS.Tutorials.Tutorial_Base/TimeDelay	delay	0.30	order	I
field	SFS.Tutorials.USDSMBEPWGWZTSTP/MFAHMMACKMM	EABJJMCLKMA	SFS.Tutorials.Tutorial_Base/TimeDelay	startTime	0.30	order	I
field	SFS.Tutorials.USDSMBEPWGWZTSTP/MFAHMMACKMM	MLIJAKDFBBE	SFS.Tutorials.Tutorial_Base/TimeDelay	activated	0.80	shape	I
method	SFS.World.UTROBIHUMUJPYISK	ILJCNCIEEPM	SFS.World.WorldEffect	Position	0.95	ilhash	-
field	SFS.World.UTROBIHUMUJPYISK	OLMPNIOEKJI	SFS.World.WorldEffect	position	0.80	shape	I
method	SFS.UI.VBRLQVYHQNKWGVVR	BLGOFFJNBGP	SFS.UI.WorldElement	set_World	0.95	ilhash	-
field	SFS.UI.VBRLQVYHQNKWGVVR	<JNPDEKDIFHD>k__BackingField	SFS.UI.WorldElement	<World>k__BackingField	0.80	shape	I
prop	SFS.UI.VBRLQVYHQNKWGVVR	CDJJECONIHL	SFS.UI.WorldElement	World	0.90	accessor	P
prop	SFS.UI.VBRLQVYHQNKWGVVR	HAIIOODDNEO	SFS.UI.WorldElement	Name	0.90	accessor	P
method	SFS.Audio.VETOFJACPLUQHIMT	PPNADIEIBFE	SFS.Audio.MusicPlaylistPlayer	UpdateVolume	0.95	ilhash	-
method	SFS.Audio.VETOFJACPLUQHIMT	JNPPFJCCHBH	SFS.Audio.MusicPlaylistPlayer	PlayNext	0.95	ilhash	-
method	SFS.Audio.VETOFJACPLUQHIMT	ILLEOOKOJAM	SFS.Audio.MusicPlaylistPlayer	StopTrack	0.95	ilhash	-
method	SFS.Audio.VETOFJACPLUQHIMT	PALPBNPGHCP	SFS.Audio.MusicPlaylistPlayer	PlayTrack	0.95	ilhash	-
method	SFS.Audio.VETOFJACPLUQHIMT	MHJGNGMENMA	SFS.Audio.MusicPlaylistPlayer	PlayRandom	0.95	ilhash	-
method	SFS.Audio.VETOFJACPLUQHIMT	NAEDMFKKOFN	SFS.Audio.MusicPlaylistPlayer	LoadByResourceName	0.95	ilhash	-
field	SFS.Audio.VETOFJACPLUQHIMT	DIKCBLMAKOJ	SFS.Audio.MusicPlaylistPlayer	currentTrack	0.80	shape	I
field	SFS.Audio.VETOFJACPLUQHIMT	OPPEDBKOAEP	SFS.Audio.MusicPlaylistPlayer	currentFadeVolume	0.30	order	I
field	SFS.Audio.VETOFJACPLUQHIMT	DIDCOKHKDKN	SFS.Audio.MusicPlaylistPlayer	targetFadeVolume	0.30	order	I
field	SFS.Audio.VETOFJACPLUQHIMT	DCLKJKFEHHH	SFS.Audio.MusicPlaylistPlayer	fadeTime	0.30	order	I
method	SFS.World.VHOYQCZUGGUIAGKF	NONPAMGMBGK	SFS.World.StaticWorldObject	<Start>b__2_0	0.95	ilhash	-
method	SFS.World.VHOYQCZUGGUIAGKF	ILJCNCIEEPM	SFS.World.StaticWorldObject	Position	0.95	ilhash	-
field	SFS.World.VHOYQCZUGGUIAGKF	JDMLNLBIFGN	SFS.World.StaticWorldObject	loader	0.80	shape	I
method	SFS.UI.VRZRNLAPVWYJYXVZ	JGHONHPGGMM	SFS.UI.LoadingScreen	get_OnEscape	0.95	ilhash	V
method	SFS.UI.VRZRNLAPVWYJYXVZ	KDPJGHDCHOB	SFS.UI.LoadingScreen	Animate	0.95	ilhash	-
field	SFS.UI.VRZRNLAPVWYJYXVZ	BMHMBBOAFAM	SFS.UI.LoadingScreen	isReady	0.80	shape	I
field	SFS.UI.VRZRNLAPVWYJYXVZ	KMDBNKBGAIJ	SFS.UI.LoadingScreen	loadingText	0.80	shape	I
method	VTIVIURNRVBWGMBH	IIDEELOJHMD	StatsMenu	CheckControl	0.95	ilhash	-
method	VTIVIURNRVBWGMBH	IDDDPPOCEJI	StatsMenu	CreateElement	0.95	ilhash	-
method	VTIVIURNRVBWGMBH	PDPALMFFDFA	StatsMenu	Draw	0.95	ilhash	-
method	VTIVIURNRVBWGMBH	HOLCCCFAILA	StatsMenu	GetStatPart	0.95	ilhash	S
method	VTIVIURNRVBWGMBH	JEFFDBNPKEN	StatsMenu	get_HasControl	0.95	ilhash	-
field	VTIVIURNRVBWGMBH	HGAGMDLMBML	StatsMenu	drawQueue	0.80	shape	I
field	VTIVIURNRVBWGMBH	PDDHFPIJBEE	StatsMenu	elements	0.80	shape	I
field	VTIVIURNRVBWGMBH	GOGEEOINGFH	StatsMenu	hasControl	0.80	shape	I
field	VTIVIURNRVBWGMBH	FKOPDMEOIHC	StatsMenu	onClose	0.80	shape	I
field	VTIVIURNRVBWGMBH	FPLMCFPKGFL	StatsMenu	disableAtAwake	0.80	shape	I
method	VTIVIURNRVBWGMBH/<>c	MGKHLCEIHBM	StatsMenu/<>c	<Open>b__23_0	0.95	ilhash	-
method	VTIVIURNRVBWGMBH/AMMBIHGHEPE	NKIPBCAEBBA	StatsMenu/<>c__DisplayClass37_0	<DrawSpace>b__0	0.95	ilhash	-
field	VTIVIURNRVBWGMBH/AODJKJIMAMM	DHADKEOENAP	StatsMenu/ElementData	priority	0.30	order	I
field	VTIVIURNRVBWGMBH/AODJKJIMAMM	OMPKJNAEDNI	StatsMenu/ElementData	index	0.30	order	I
field	VTIVIURNRVBWGMBH/AODJKJIMAMM	EHDIGJCIKFA	StatsMenu/ElementData	draw	0.80	shape	I
field	VTIVIURNRVBWGMBH/AODJKJIMAMM	MGEOONJFAEI	StatsMenu/ElementData	statElement	0.80	shape	I
method	VTIVIURNRVBWGMBH/BKLNLJOIGDD	PMGLIELALCG	StatsMenu/<>c__DisplayClass30_0	<DrawToggle>b__2	0.95	ilhash	-
method	VTIVIURNRVBWGMBH/BKLNLJOIGDD	LDEHBPGPKGP	StatsMenu/<>c__DisplayClass30_0	<DrawToggle>b__1	0.95	ilhash	-
method	VTIVIURNRVBWGMBH/BKLNLJOIGDD	CPOECEMCCNC	StatsMenu/<>c__DisplayClass30_0	<DrawToggle>b__0	0.95	ilhash	-
method	VTIVIURNRVBWGMBH/CLNFAGBHCHC	HAAGFECFKEH	StatsMenu/<>c__DisplayClass34_0	<DrawButton>b__0	0.95	ilhash	-
method	VTIVIURNRVBWGMBH/CLNFAGBHCHC	EAKGANMFMML	StatsMenu/<>c__DisplayClass34_0	<DrawButton>b__1	0.95	ilhash	-
method	VTIVIURNRVBWGMBH/CLNFAGBHCHC	JEDOCDKFLOB	StatsMenu/<>c__DisplayClass34_0	<DrawButton>b__2	0.95	ilhash	-
method	VTIVIURNRVBWGMBH/GEADHDOLHID	HADFNDFNGFE	StatsMenu/<>c__DisplayClass31_0	<DrawSlider>b__2	0.95	ilhash	-
method	VTIVIURNRVBWGMBH/GEADHDOLHID	CKAIBMEJALH	StatsMenu/<>c__DisplayClass31_0	<DrawSlider>b__0	0.95	ilhash	-
method	VTIVIURNRVBWGMBH/GEADHDOLHID	MBKCENJBNEJ	StatsMenu/<>c__DisplayClass31_0	<DrawSlider>b__1	0.95	ilhash	-
method	VTIVIURNRVBWGMBH/GGNEMAPLPNK	NILLDKFINML	StatsMenu/<>c__DisplayClass35_0	<DrawFullButton>b__0	0.95	ilhash	-
method	VTIVIURNRVBWGMBH/GGNEMAPLPNK	PNIJGDHIOCD	StatsMenu/<>c__DisplayClass35_0	<DrawFullButton>b__1	0.95	ilhash	-
method	VTIVIURNRVBWGMBH/IDJFFIJNDEE	HPAGDNEMAJM	StatsMenu/<>c__DisplayClass26_0	<DrawText>b__0	0.95	ilhash	-
method	VTIVIURNRVBWGMBH/JAKGDPPOJCF	EKPNAEMILCL	StatsMenu/<>c__DisplayClass29_0	<DrawStat_Separate>b__0	0.95	ilhash	-
method	VTIVIURNRVBWGMBH/JAKGDPPOJCF	KMICCOGNAEJ	StatsMenu/<>c__DisplayClass29_0	<DrawStat_Separate>b__1	0.95	ilhash	-
method	VTIVIURNRVBWGMBH/LLFGMBNPJOL	CKAIBMEJALH	StatsMenu/<>c__DisplayClass27_0	<DrawStat>b__1	0.95	ilhash	-
method	VTIVIURNRVBWGMBH/LLFGMBNPJOL	MBKCENJBNEJ	StatsMenu/<>c__DisplayClass27_0	<DrawStat>b__0	0.95	ilhash	-
method	VTIVIURNRVBWGMBH/LNHCHBMFLBO	HAHJGAOBCEI	StatsMenu/<>c__DisplayClass38_0	<Draw>b__0	0.95	ilhash	-
method	VTIVIURNRVBWGMBH/LNHCHBMFLBO	CHAELGNCKIJ	StatsMenu/<>c__DisplayClass38_0	<Draw>g__Update|1	0.95	ilhash	-
method	VTIVIURNRVBWGMBH/LNHCHBMFLBO	LHENCJLMGBC	StatsMenu/<>c__DisplayClass38_0	<Draw>b__2	0.95	ilhash	-
method	VTIVIURNRVBWGMBH/MDNNLKNFJLP	IPANNDKEBMF	StatsMenu/<>c__DisplayClass32_0	<DrawSlider_Separate>b__3	0.95	ilhash	-
method	VTIVIURNRVBWGMBH/MDNNLKNFJLP	AKHNJNKMEBE	StatsMenu/<>c__DisplayClass32_0	<DrawSlider_Separate>g__OnDrag|2	0.95	ilhash	-
method	VTIVIURNRVBWGMBH/MDNNLKNFJLP	GLKONCNJKJD	StatsMenu/<>c__DisplayClass32_0	<DrawSlider_Separate>b__1	0.95	ilhash	-
method	VTIVIURNRVBWGMBH/MDNNLKNFJLP	JDDKHLCFDGH	StatsMenu/<>c__DisplayClass32_0	<DrawSlider_Separate>b__0	0.95	ilhash	-
method	VTIVIURNRVBWGMBH/MDNNLKNFJLP	CIGJFOCNKJB	StatsMenu/<>c__DisplayClass32_0	<DrawSlider_Separate>b__4	0.95	ilhash	-
method	VTIVIURNRVBWGMBH/NEOKADFJJJL	JEDOCDKFLOB	StatsMenu/<>c__DisplayClass33_0	<DrawButton>b__2	0.95	ilhash	-
method	VTIVIURNRVBWGMBH/NEOKADFJJJL	EAKGANMFMML	StatsMenu/<>c__DisplayClass33_0	<DrawButton>b__1	0.95	ilhash	-
method	VTIVIURNRVBWGMBH/NEOKADFJJJL	HAAGFECFKEH	StatsMenu/<>c__DisplayClass33_0	<DrawButton>b__0	0.95	ilhash	-
method	VTIVIURNRVBWGMBH/NIMGJKCOMJM	KKPCBIACIPK	StatsMenu/<>c__DisplayClass36_0	<DrawFullButton>b__2	0.95	ilhash	-
method	VTIVIURNRVBWGMBH/NIMGJKCOMJM	NILLDKFINML	StatsMenu/<>c__DisplayClass36_0	<DrawFullButton>b__0	0.95	ilhash	-
method	VTIVIURNRVBWGMBH/NIMGJKCOMJM	PNIJGDHIOCD	StatsMenu/<>c__DisplayClass36_0	<DrawFullButton>b__1	0.95	ilhash	-
method	VTIVIURNRVBWGMBH/NLCJEMMIEGE	FAPGLEICOFO	StatsMenu/<>c__DisplayClass28_0	<DrawStat>b__1	0.95	ilhash	-
method	VTIVIURNRVBWGMBH/NLCJEMMIEGE	IFEEEHNNBGG	StatsMenu/<>c__DisplayClass28_0	<DrawStat>b__2	0.95	ilhash	-
method	VTIVIURNRVBWGMBH/NLCJEMMIEGE	GPDNFGPHBIN	StatsMenu/<>c__DisplayClass28_0	<DrawStat>b__0	0.95	ilhash	-
method	SFS.Career.VTOCPQJAUILUSJAE	AKENKFLBOMH	SFS.Career.TT_Upgrade	get_CostText	0.95	ilhash	-
method	SFS.Career.VTOCPQJAUILUSJAE	GONIDCEEBGG	SFS.Career.TT_Upgrade	<Buy>b__7_0	0.95	ilhash	-
method	SFS.Career.VTOCPQJAUILUSJAE	COLAEGEDECM	SFS.Career.TT_Upgrade	UpdateUI	0.95	ilhash	-
method	SFS.Career.VTOCPQJAUILUSJAE	JAOMMBFJJNI	SFS.Career.TT_Upgrade	OnParentsComplete	0.95	ilhash	V
method	SFS.Career.VTOCPQJAUILUSJAE	DIPGFCIOGKI	SFS.Career.TT_Upgrade	Buy	0.95	ilhash	-
field	SFS.Career.VTOCPQJAUILUSJAE	JBJDNIDOOPB	SFS.Career.TT_Upgrade	data	0.80	shape	I
prop	SFS.Career.VTOCPQJAUILUSJAE	BCCCLOPCOAC	SFS.Career.TT_Upgrade	Data	0.90	accessor	P
method	SFS.Parts.Modules.VariableConverterModule	JOMCHLIOHFF	SFS.Parts.Modules.VariableConverterModule	SubscribeToInputChanges	0.95	ilhash	-
method	SFS.Parts.Modules.VariableConverterModule/BoolToDouble	GFDOIOLBEJP	SFS.Parts.Modules.VariableConverterModule/BoolToDouble	Convert	0.95	ilhash	P
method	SFS.Parts.Modules.VariableConverterModule/BoolToString	GFDOIOLBEJP	SFS.Parts.Modules.VariableConverterModule/BoolToString	Convert	0.95	ilhash	P
method	SFS.Parts.Modules.VariableConverterModule/DoubleToBool	GFDOIOLBEJP	SFS.Parts.Modules.VariableConverterModule/DoubleToBool	Convert	0.95	ilhash	P
method	SFS.Parts.Modules.VariableConverterModule/DoubleToString	GFDOIOLBEJP	SFS.Parts.Modules.VariableConverterModule/DoubleToString	Convert	0.95	ilhash	P
method	SFS.Parts.Modules.VariableConverterModule/StringToBool	GFDOIOLBEJP	SFS.Parts.Modules.VariableConverterModule/StringToBool	Convert	0.95	ilhash	P
method	SFS.Parts.Modules.VariableConverterModule/StringToBool/LICOHGMJCHF	HBKCDHHLHJC	SFS.Parts.Modules.VariableConverterModule/StringToBool/<>c__DisplayClass4_0	<Convert>b__0	0.95	ilhash	-
method	SFS.Parts.Modules.VariableConverterModule/StringToDouble	GFDOIOLBEJP	SFS.Parts.Modules.VariableConverterModule/StringToDouble	Convert	0.95	ilhash	P
method	SFS.Variables.VariableList`1	LOFBIGOHHKI	SFS.Variables.VariableList`1	RemoveVariable	0.95	ilhash	-
method	SFS.Variables.VariableList`1	HNMKEDHBCDO	SFS.Variables.VariableList`1	SetValue	0.95	ilhash	P
method	SFS.Variables.VariableList`1	ABILCBJGELG	SFS.Variables.VariableList`1	<get_variables>b__2_0	0.95	ilhash	-
method	SFS.Variables.VariableList`1	BBHPPKPANAK	SFS.Variables.VariableList`1	GetSaveDictionary	0.95	ilhash	P
method	SFS.Variables.VariableList`1	DJNPEIJEEMK	SFS.Variables.VariableList`1	GetVariableNameList	0.95	ilhash	P
method	SFS.Variables.VariableList`1	BIGMNLLMLML	SFS.Variables.VariableList`1	LoadDictionary	0.95	ilhash	P
method	SFS.Variables.VariableList`1	COIDAOECIHM	SFS.Variables.VariableList`1	AddVariable	0.95	ilhash	-
method	SFS.Variables.VariableList`1	IAMFAJEOLHG	SFS.Variables.VariableList`1	RegisterOnVariableChange	0.95	ilhash	P
method	SFS.Variables.VariableList`1	MNICBKHEGPD	SFS.Variables.VariableList`1	Has	0.95	ilhash	P
method	SFS.Variables.VariableList`1	MHHOLDEFCOF	SFS.Variables.VariableList`1	RemoveVariableByIndex	0.95	ilhash	-
method	SFS.Variables.VariableList`1	IKOGIMGPPCM	SFS.Variables.VariableList`1	GetValue	0.95	ilhash	P
method	SFS.Variables.VariableList`1	HIBMENCNCON	SFS.Variables.VariableList`1	GetVariable	0.95	ilhash	P
method	SFS.Variables.VariableList`1	JAGBKFBDFPE	SFS.Variables.VariableList`1	SyncVariables	0.95	ilhash	-
method	SFS.Variables.VariableList`1/<>c	LLJCDMKEIIH	SFS.Variables.VariableList`1/<>c	<GetVariableNameList>b__10_0	0.95	ilhash	-
method	SFS.Variables.VariableList`1/<>c	GGHJLGMFDPM	SFS.Variables.VariableList`1/<>c	<SyncVariables>b__16_0	0.95	ilhash	-
method	SFS.Variables.VariableList`1/IBJOKABNMNO	JHKIPBJJMMB	SFS.Variables.VariableList`1/Variable	get_Save	0.95	ilhash	P
method	SFS.Variables.VariableList`1/IBJOKABNMNO	OALILIBMBNC	SFS.Variables.VariableList`1/Variable	set_Value	0.95	ilhash	P
method	SFS.Variables.VariableList`1/IBJOKABNMNO	ODLJKKJKEEL	SFS.Variables.VariableList`1/Variable	SFS.Variables.VariableList<T>.IVariable.SaveAsBytes	0.95	ilhash	VN
method	SFS.Variables.VariableList`1/IBJOKABNMNO	OPAEMINLAPI	SFS.Variables.VariableList`1/Variable	SFS.Variables.VariableList<T>.IVariable.GetSave	0.95	ilhash	VN
method	SFS.Variables.VariableList`1/IBJOKABNMNO	FLKLMJKINJM	SFS.Variables.VariableList`1/Variable	get_Value	0.95	ilhash	P
method	SFS.Variables.VariableList`1/IBJOKABNMNO	ODIKIJBKCEO	SFS.Variables.VariableList`1/Variable	set_Save	0.95	ilhash	P
field	SFS.Variables.VariableList`1/IBJOKABNMNO	FLFEPHDAPNM	SFS.Variables.VariableList`1/Variable	save	0.80	shape	I
field	SFS.Variables.VariableList`1/IBJOKABNMNO	ALAMMDIKCAL	SFS.Variables.VariableList`1/Variable	value	0.80	shape	I
field	SFS.Variables.VariableList`1/IBJOKABNMNO	MAHJEKDBHMM	SFS.Variables.VariableList`1/Variable	onValueChange	0.80	shape	I
field	SFS.Variables.VariableList`1/IBJOKABNMNO	LBBHGGPBMLH	SFS.Variables.VariableList`1/Variable	onValueChangeNew	0.80	shape	I
field	SFS.Variables.VariableList`1/IBJOKABNMNO	CODNDHOCIHI	SFS.Variables.VariableList`1/Variable	onValueChangeOldNew	0.80	shape	I
method	SFS.Variables.VariableList`1/IEEODJHMLEM	KNBKFJGFKPP	SFS.Variables.VariableList`1/IVariable	SaveAsBytes	0.75	virtual-order	VANP
method	SFS.Variables.VariableList`1/IEEODJHMLEM	JMOIGAMNINP	SFS.Variables.VariableList`1/IVariable	GetSave	0.75	virtual-order	VANP
method	SFS.Parts.Modules.VariablesDrawer/IDEOGEJONPE	AMPCBIJOEHL	SFS.Parts.Modules.VariablesDrawer/<>c__DisplayClass1_1	<Draw>b__17	0.95	ilhash	-
method	SFS.Parts.Modules.VariablesDrawer/IDEOGEJONPE	IPNNDOJLKJN	SFS.Parts.Modules.VariablesDrawer/<>c__DisplayClass1_1	<Draw>b__6	0.95	ilhash	-
method	SFS.Parts.Modules.VariablesDrawer/IDEOGEJONPE	DDMKFEGGEIG	SFS.Parts.Modules.VariablesDrawer/<>c__DisplayClass1_1	<Draw>b__5	0.95	ilhash	-
method	SFS.Parts.Modules.VariablesDrawer/IDEOGEJONPE	GBDIENKPLGF	SFS.Parts.Modules.VariablesDrawer/<>c__DisplayClass1_1	<Draw>b__4	0.95	ilhash	-
method	SFS.Parts.Modules.VariablesDrawer/IDEOGEJONPE	DECAPOGPMEC	SFS.Parts.Modules.VariablesDrawer/<>c__DisplayClass1_1	<Draw>g__GetValue|7	0.95	ilhash	-
method	SFS.Parts.Modules.VariablesDrawer/IDEOGEJONPE	MNAHJFFEMEF	SFS.Parts.Modules.VariablesDrawer/<>c__DisplayClass1_1	<Draw>b__12	0.95	ilhash	-
method	SFS.Parts.Modules.VariablesDrawer/IDEOGEJONPE	LHENCJLMGBC	SFS.Parts.Modules.VariablesDrawer/<>c__DisplayClass1_1	<Draw>b__2	0.95	ilhash	-
method	SFS.Parts.Modules.VariablesDrawer/IDEOGEJONPE	KLNOKDBLEOJ	SFS.Parts.Modules.VariablesDrawer/<>c__DisplayClass1_1	<Draw>g__Toggle|13	0.95	ilhash	-
method	SFS.Parts.Modules.VariablesDrawer/IDEOGEJONPE	ONPIHEFGLIB	SFS.Parts.Modules.VariablesDrawer/<>c__DisplayClass1_1	<Draw>b__15	0.95	ilhash	-
method	SFS.Parts.Modules.VariablesDrawer/IDEOGEJONPE	JCFLEFKFHGO	SFS.Parts.Modules.VariablesDrawer/<>c__DisplayClass1_1	<Draw>b__14	0.95	ilhash	-
method	SFS.Parts.Modules.VariablesDrawer/IDEOGEJONPE	GCMEJNKBMLE	SFS.Parts.Modules.VariablesDrawer/<>c__DisplayClass1_1	<Draw>b__11	0.95	ilhash	-
method	SFS.Parts.Modules.VariablesDrawer/IDEOGEJONPE	GAICABJAOJJ	SFS.Parts.Modules.VariablesDrawer/<>c__DisplayClass1_1	<Draw>b__9	0.95	ilhash	-
method	SFS.Parts.Modules.VariablesDrawer/IDEOGEJONPE	OGBHAHMDBOC	SFS.Parts.Modules.VariablesDrawer/<>c__DisplayClass1_1	<Draw>b__3	0.95	ilhash	-
method	SFS.Parts.Modules.VariablesDrawer/IDEOGEJONPE	HAHJGAOBCEI	SFS.Parts.Modules.VariablesDrawer/<>c__DisplayClass1_1	<Draw>b__0	0.95	ilhash	-
method	SFS.Parts.Modules.VariablesDrawer/IDEOGEJONPE	PKOODCBIPJA	SFS.Parts.Modules.VariablesDrawer/<>c__DisplayClass1_1	<Draw>b__19	0.95	ilhash	-
method	SFS.Parts.Modules.VariablesDrawer/IDEOGEJONPE	IDGLIFJPADM	SFS.Parts.Modules.VariablesDrawer/<>c__DisplayClass1_1	<Draw>g__SetFillAmount|8	0.95	ilhash	-
method	SFS.Parts.Modules.VariablesDrawer/IDEOGEJONPE	INGABDAFGCL	SFS.Parts.Modules.VariablesDrawer/<>c__DisplayClass1_1	<Draw>b__1	0.95	ilhash	-
method	SFS.Parts.Modules.VariablesDrawer/IDEOGEJONPE	PDKLCGDGLLD	SFS.Parts.Modules.VariablesDrawer/<>c__DisplayClass1_1	<Draw>b__10	0.95	ilhash	-
method	SFS.Parts.Modules.VariablesDrawer/IDEOGEJONPE	FHHKNLDNLIG	SFS.Parts.Modules.VariablesDrawer/<>c__DisplayClass1_1	<Draw>b__16	0.95	ilhash	-
method	SFS.Parts.Modules.VariablesDrawer/PNOEPHAMKPH	BDCBAKLCNBD	SFS.Parts.Modules.VariablesDrawer/<>c__DisplayClass1_2	<Draw>b__18	0.95	ilhash	-
method	SFS.Parts.Modules.VariantRef	ALENAMOOFDG	SFS.Parts.Modules.VariantRef	GetPickTags	0.95	ilhash	P
method	SFS.Parts.Modules.VariantRef	EIEOFOOIJJM	SFS.Parts.Modules.VariantRef	GetPriority	0.95	ilhash	P
method	SFS.Parts.Modules.VariantRef	JJDLBILFKLI	SFS.Parts.Modules.VariantRef	GetLabel	0.95	ilhash	-
method	SFS.Parts.Modules.VariantRef	FCHJKEBMAKP	SFS.Parts.Modules.VariantRef	PartOptions	0.95	ilhash	-
method	SFS.Parts.Modules.VariantRef	OGOAJFMFDGL	SFS.Parts.Modules.VariantRef	Variants	0.95	ilhash	-
method	SFS.Parts.Modules.VariantRef	LMBGHGGOACD	SFS.Parts.Modules.VariantRef	GetVariant	0.95	ilhash	P
method	SFS.Parts.Modules.VariantRef	DNFDGMOCKBE	SFS.Parts.Modules.VariantRef	GetNameID	0.95	ilhash	P
method	SFS.Parts.Modules.Variants/Variable	JJDLBILFKLI	SFS.Parts.Modules.Variants/Variable	GetLabel	0.95	ilhash	P
method	SFS.Parts.Modules.Variants/Variant	IMGMIIMGFNM	SFS.Parts.Modules.Variants/Variant	ApplyVariant	0.95	ilhash	P
method	SFS.Variables.Vector2_Local	MFNOGGJCACK	SFS.Variables.Vector2_Local	IsEqual	0.95	ilhash	V
method	SFS.Builds.WCWWPCNJZSJWAUJE	EEEMMKFDELF	SFS.Builds.PickGridIcon	OnRectTransformDimensionsChange	0.95	ilhash	-
method	SFS.UI.WDRDPDGSDCWVYULM	NONFDKGHCMF	SFS.UI.NewElement	GetPreferredSize_Internal	0.75	virtual-order	VAN
method	SFS.UI.WDRDPDGSDCWVYULM	HHPOCCIKKKK	SFS.UI.NewElement	ApplyClamp	0.95	ilhash	-
method	SFS.UI.WDRDPDGSDCWVYULM	DEPPADCBIMC	SFS.UI.NewElement	SetSize_Internal	0.75	virtual-order	VAN
method	SFS.UI.WDRDPDGSDCWVYULM	FGHAKMECNIO	SFS.UI.NewElement	ApplyOutsideModifiers	0.95	ilhash	-
method	SFS.UI.WDRDPDGSDCWVYULM	PCDOOAHGALL	SFS.UI.NewElement	GetRectSize	0.95	ilhash	-
method	SFS.UI.WDRDPDGSDCWVYULM	KGGMJFGNPNF	SFS.UI.NewElement	ApplyInsideModifiers	0.95	ilhash	-
method	SFS.UI.WDRDPDGSDCWVYULM	DGBLJLBNKDP	SFS.UI.NewElement	SetRectSize	0.95	ilhash	-
field	SFS.UI.WDRDPDGSDCWVYULM	DCJGPANNHCF	SFS.UI.NewElement	cachedPadding	0.30	order	I
field	SFS.UI.WDRDPDGSDCWVYULM	PMOELODLHBC	SFS.UI.NewElement	cachedMargin	0.30	order	I
field	SFS.UI.WDRDPDGSDCWVYULM	KOHJPFIALCB	SFS.UI.NewElement	cachedForceUpdate	0.30	order	I
field	SFS.UI.WDRDPDGSDCWVYULM	KJOGIAGJPHK	SFS.UI.NewElement	cachedMutliCycle	0.30	order	I
field	SFS.UI.WDRDPDGSDCWVYULM	EMDIALGMHOM	SFS.UI.NewElement	cachedFitBetween	0.30	order	I
field	SFS.UI.WDRDPDGSDCWVYULM	OGKFKKOMFIB	SFS.UI.NewElement	parent	0.80	shape	I
field	SFS.UI.WDRDPDGSDCWVYULM	HJFJMGCAEFJ	SFS.UI.NewElement	cyclingUpdate	0.30	order	I
field	SFS.UI.WDRDPDGSDCWVYULM	KPPDHALPAGF	SFS.UI.NewElement	isUpdating	0.30	order	I
method	SFS.UI.WDRDPDGSDCWVYULM/FPGOHGJEBCL	FLKLMJKINJM	SFS.UI.NewElement/Cached`1	get_Value	0.95	ilhash	P
method	SFS.UI.WDRDPDGSDCWVYULM/FPGOHGJEBCL	KHALHJANHKC	SFS.UI.NewElement/Cached`1	ForceUpdate	0.95	ilhash	P
method	SFS.UI.WDRDPDGSDCWVYULM/FPGOHGJEBCL	AMOIBNGPJJH	SFS.UI.NewElement/Cached`1	TryGetValue	0.95	ilhash	-
method	SFS.UI.WDRDPDGSDCWVYULM/FPGOHGJEBCL	BPPGEHBCLDP	SFS.UI.NewElement/Cached`1	get_HasValue	0.95	ilhash	P
field	SFS.UI.WDRDPDGSDCWVYULM/FPGOHGJEBCL	JFPIGCBHJOK	SFS.UI.NewElement/Cached`1	getInstance	0.80	shape	I
field	SFS.UI.WDRDPDGSDCWVYULM/FPGOHGJEBCL	PNOMJABIBLE	SFS.UI.NewElement/Cached`1	gotValue	0.30	order	I
field	SFS.UI.WDRDPDGSDCWVYULM/FPGOHGJEBCL	DJPCNCNAGGB	SFS.UI.NewElement/Cached`1	missingValue	0.30	order	I
field	SFS.UI.WDRDPDGSDCWVYULM/FPGOHGJEBCL	ALAMMDIKCAL	SFS.UI.NewElement/Cached`1	value	0.80	shape	I
method	SFS.World.Maps.WITIDTIMNITUALOF	ABHOKINOBLF	SFS.World.Maps.Landmark	UpdateName	0.95	ilhash	-
method	SFS.World.Maps.WITIDTIMNITUALOF	IFJBEHDHMND	SFS.World.Maps.Landmark	<GetDisplayName>g__MissingTranslation|6_0	0.95	ilhash	S
method	SFS.World.Maps.WITIDTIMNITUALOF	AEANJOPNFKP	SFS.World.Maps.Landmark	GetDisplayName	0.95	ilhash	S
field	SFS.World.Terrain.WJZNFMWPVLRWCEIA	EJLMIKOGCJL	SFS.World.Terrain.TerrainColliderManager	chunks	0.80	shape	I
field	SFS.World.Terrain.WJZNFMWPVLRWCEIA	PGJDDJBDKKF	SFS.World.Terrain.TerrainColliderManager	VerticesPerChunk	0.80	shape	S
method	SFS.World.Terrain.WJZNFMWPVLRWCEIA/Chunk	JEOPMCHIOKE	SFS.World.Terrain.TerrainColliderManager/Chunk	Destroy	0.95	ilhash	P
method	SFS.World.Terrain.WJZNFMWPVLRWCEIA/Chunk	ILJCNCIEEPM	SFS.World.Terrain.TerrainColliderManager/Chunk	Position	0.95	ilhash	P
method	SFS.World.Terrain.WJZNFMWPVLRWCEIA/Chunk/<>c	KKDOMJAHNBD	SFS.World.Terrain.TerrainColliderManager/Chunk/<>c	<.ctor>b__3_0	0.95	ilhash	-
method	SFS.Career.WNCFXBSFPSWRTPVK	CEMICCJDNAE	SFS.Career.TT_PartPackData	SFS.Career.I_TechTreeData.get_IsComplete	0.95	ilhash	VN
method	SFS.Career.WNCFXBSFPSWRTPVK	AHLNCNMKNMM	SFS.Career.TT_PartPackData	SFS.Career.I_TechTreeData.get_GrayOut	0.95	ilhash	VN
method	SFS.Career.WNCFXBSFPSWRTPVK	AHKOGKCNGMO	SFS.Career.TT_PartPackData	SFS.Career.I_TechTreeData.get_Name_ID	0.95	ilhash	VN
prop	SFS.Career.WNCFXBSFPSWRTPVK	GNILLGNIDJE	SFS.Career.TT_PartPackData	Value	0.90	accessor	P
method	SFS.Builds.WOKPRZXFBSZQKCDL	MHIFBAIJCJG	SFS.Builds.SkinMenu	GetTextureOptions	0.95	ilhash	S
method	SFS.Builds.WOKPRZXFBSZQKCDL	HCCOGFIGFMC	SFS.Builds.SkinMenu	<Awake>b__8_0	0.95	ilhash	-
method	SFS.Builds.WOKPRZXFBSZQKCDL	LOLAOCJCCCP	SFS.Builds.SkinMenu	ApplySkin	0.95	ilhash	-
field	SFS.Builds.WOKPRZXFBSZQKCDL	DDDJMBFHNLM	SFS.Builds.SkinMenu	OnButtonCreated	0.80	shape	I
field	SFS.Builds.WOKPRZXFBSZQKCDL	CDAJILGFACN	SFS.Builds.SkinMenu	skinButtons	0.80	shape	I
method	SFS.Builds.WOKPRZXFBSZQKCDL/<>c	JKHPDEGJIJK	SFS.Builds.SkinMenu/<>c	<DrawSkinButtons>b__11_0	0.95	ilhash	-
method	SFS.Builds.WOKPRZXFBSZQKCDL/<>c	NFMDLLLOMPJ	SFS.Builds.SkinMenu/<>c	<Awake>b__8_1	0.95	ilhash	-
field	SFS.Builds.WOKPRZXFBSZQKCDL/<>c	<>9__9_1	SFS.Builds.SkinMenu/<>c	<>9__8_1	0.80	shape	S
field	SFS.Builds.WOKPRZXFBSZQKCDL/<>c	<>9__12_0	SFS.Builds.SkinMenu/<>c	<>9__11_0	0.80	shape	S
method	SFS.Builds.WOKPRZXFBSZQKCDL/MMINCJKKNHI	MMCNICNMNIA	SFS.Builds.SkinMenu/<>c__DisplayClass10_1	<ApplySkin>b__1	0.95	ilhash	-
method	SFS.Builds.WOKPRZXFBSZQKCDL/OBEGMCOIGPM	EMCLEJCAFKP	SFS.Builds.SkinMenu/<>c__DisplayClass10_0	<ApplySkin>g__SetSkin|0	0.95	ilhash	-
method	SFS.Builds.WOKPRZXFBSZQKCDL/OHKKAOFOJNE	DJNJBHNPICA	SFS.Builds.SkinMenu/<>c__DisplayClass8_0	<Awake>b__2	0.95	ilhash	-
method	SFS.World.WQLBGHWZHLTIBYWJ	OJAOEJKINCP	SFS.World.FrontClouds	CreateMesh	0.95	ilhash	S
method	WTKEHKRFZKJTYVMD	NJAMDCDPCPL	SDWebImage	SetTexture	0.95	ilhash	-
method	WTKEHKRFZKJTYVMD	EDOIMMDLOJC	SDWebImage	GetTargetComponent	0.95	ilhash	-
method	WTKEHKRFZKJTYVMD	OLJDCAPOABK	SDWebImage	InternalSetImageWithURL	0.95	ilhash	-
method	WTKEHKRFZKJTYVMD	DOADGBKNANI	SDWebImage	TextureFromData	0.95	ilhash	-
method	WTKEHKRFZKJTYVMD	KFDHMMDHKFA	SDWebImage	GetSDWebImageOptions	0.95	ilhash	-
field	WTKEHKRFZKJTYVMD	CHGHCOAAODK	SDWebImage	_targetComponent	0.80	shape	I
field	WTKEHKRFZKJTYVMD	EGAJNMGJGDG	SDWebImage	_targetMaterial	0.80	shape	I
field	WTKEHKRFZKJTYVMD	BNAPEFBBENI	SDWebImage	OnImageSizeReady	0.30	order	I
field	WTKEHKRFZKJTYVMD	BHJEFNEGMKI	SDWebImage	OnLoadingError	0.30	order	I
method	WTKEHKRFZKJTYVMD/<>c	LBHACPIFFNI	SDWebImage/<>c	<GetTargetComponent>b__36_0	0.95	ilhash	-
method	WTKEHKRFZKJTYVMD/OPFIFCLGDAD	EEACGGCDPMC	SDWebImage/<>c__DisplayClass35_0	<InternalSetImageWithURL>b__0	0.95	ilhash	-
method	SFS.WTTXOHHATIJWGMBP	BGFMDGFNHNF	SFS.SceneLoader	get_WorldSceneName	0.95	ilhash	S
method	SFS.WTTXOHHATIJWGMBP	OOPIELKLDLO	SFS.SceneLoader	LoadScene	0.95	ilhash	-
method	SFS.WTTXOHHATIJWGMBP	CKKNNKJKAHM	SFS.SceneLoader	LoadSceneAsync	0.95	ilhash	-
method	SFS.WTTXOHHATIJWGMBP	IHEGDLECALP	SFS.SceneLoader	get_BuildSceneName	0.95	ilhash	S
method	SFS.WTTXOHHATIJWGMBP	CPGKMDOLIPB	SFS.SceneLoader	get_HubSceneName	0.95	ilhash	S
method	SFS.WTTXOHHATIJWGMBP	MCJPODIDCAH	SFS.SceneLoader	get_HomeSceneName	0.95	ilhash	S
method	SFS.WTTXOHHATIJWGMBP	NPGAGHIANJN	SFS.SceneLoader	get_BaseSceneName	0.95	ilhash	S
method	SFS.WTTXOHHATIJWGMBP	CMALGCFBBHB	SFS.SceneLoader	ShowSplashScreenIE	0.95	ilhash	-
field	SFS.WTTXOHHATIJWGMBP	DFELDKIPMII	SFS.SceneLoader	isSplashScreenShown	0.30	order	S
field	SFS.WTTXOHHATIJWGMBP	PKPJPMFAEBK	SFS.SceneLoader	BaseSceneNameWithPlatform	0.80	shape	S
field	SFS.WTTXOHHATIJWGMBP	NNCEEKAMBDG	SFS.SceneLoader	loading	0.80	shape	I
field	SFS.WTTXOHHATIJWGMBP	PIIHCEGLNEI	SFS.SceneLoader	firstLoad	0.30	order	S
method	SFS.WTTXOHHATIJWGMBP/<>c	JICNDJFNDJC	SFS.SceneLoader/<>c	<OnEnable>b__20_0	0.95	ilhash	-
method	WUNVRFKSEGJCJGWL	MGFFPKHGAMI	ErrorLogger	LogMessage	0.95	ilhash	-
method	WUNVRFKSEGJCJGWL	LDGOEKDIIEA	ErrorLogger	LogLoop	0.95	ilhash	-
field	WUNVRFKSEGJCJGWL	KPOJMFKABAO	ErrorLogger	logs	0.80	shape	I
field	WUNVRFKSEGJCJGWL	OFKFGLIKDCJ	ErrorLogger	logLocation	0.80	shape	I
field	WUNVRFKSEGJCJGWL	IFCAFDHEODO	ErrorLogger	logBuilder	0.80	shape	I
method	SFS.Input.WZAHILPDFOHMNMXB	KKJHILHCCCO	SFS.Input.TextBox	ClampToCharacterLimit	0.95	ilhash	-
method	SFS.Input.WZAHILPDFOHMNMXB	JGHONHPGGMM	SFS.Input.TextBox	get_OnEscape	0.95	ilhash	V
method	SFS.Input.WZAHILPDFOHMNMXB	KILPNJCIICD	SFS.Input.TextBox	Process_Keyboard	0.95	ilhash	-
method	SFS.Input.WZAHILPDFOHMNMXB	PENGLMACGEB	SFS.Input.TextBox	HoldingRightArrow	0.95	ilhash	-
method	SFS.Input.WZAHILPDFOHMNMXB	AFLALMFNONJ	SFS.Input.TextBox	Process_TouchKeyboard	0.95	ilhash	-
method	SFS.Input.WZAHILPDFOHMNMXB	OLFBCENGFAD	SFS.Input.TextBox	GetDisplayText	0.95	ilhash	-
method	SFS.Input.WZAHILPDFOHMNMXB	JFJODPKLFIL	SFS.Input.TextBox	HoldingLeftArrow	0.95	ilhash	-
method	SFS.Input.WZAHILPDFOHMNMXB	JELEDDINBAJ	SFS.Input.TextBox	HoldingBackspace	0.95	ilhash	-
field	SFS.Input.WZAHILPDFOHMNMXB	FLCADPAKFCK	SFS.Input.TextBox	keyboard	0.80	shape	I
prop	SFS.Input.WZAHILPDFOHMNMXB	OKPKMJPLJCG	SFS.Input.TextBox	Text	0.90	accessor	P
method	SFS.Builds.WZLAWNXEGWDQGTIB	FLBBDGBLICG	SFS.Builds.PartGrid	GetLayers	0.95	ilhash	-
field	SFS.Parts.WheelModule	<OAFHFFIADJK>k__BackingField	SFS.Parts.WheelModule	<TurnAxis>k__BackingField	0.80	shape	I
field	SFS.Parts.WheelModule	<JPPKNJBLJNN>k__BackingField	SFS.Parts.WheelModule	<Rb2d>k__BackingField	0.80	shape	I
prop	SFS.Parts.WheelModule	FPMAKPFKGHI	SFS.Parts.WheelModule	TurnAxis	0.90	accessor	P
prop	SFS.Parts.WheelModule	CAFNJDCFPJG	SFS.Parts.WheelModule	Rb2d	0.90	accessor	P
method	SFS.Parts.WheelModule/<>c	LDHKMAEBIOG	SFS.Parts.WheelModule/<>c	<Draw>b__6_0	0.95	ilhash	-
method	SFS.Parts.WheelModule/GPEDLPGPHOL	IPNNDOJLKJN	SFS.Parts.WheelModule/<>c__DisplayClass6_0	<Draw>b__1	0.95	ilhash	-
method	SFS.Parts.WheelModule/GPEDLPGPHOL	LHENCJLMGBC	SFS.Parts.WheelModule/<>c__DisplayClass6_0	<Draw>b__3	0.95	ilhash	-
method	SFS.Parts.WheelModule/GPEDLPGPHOL	GAICABJAOJJ	SFS.Parts.WheelModule/<>c__DisplayClass6_0	<Draw>b__2	0.95	ilhash	-
method	SFS.Parts.WheelModule/GPEDLPGPHOL	DDMKFEGGEIG	SFS.Parts.WheelModule/<>c__DisplayClass6_0	<Draw>b__5	0.95	ilhash	-
method	SFS.Parts.WheelModule/GPEDLPGPHOL	CHEPMBPCAHP	SFS.Parts.WheelModule/<>c__DisplayClass6_0	<Draw>g__Toggle|4	0.95	ilhash	-
method	SFS.WorldBase.WorldReference	ABFKHFCPGKD	SFS.WorldBase.WorldReference	CanResumeGame	0.95	ilhash	P
method	SFS.WorldBase.WorldReference	JFFAPDNJCGP	SFS.WorldBase.WorldReference	WorldExists	0.95	ilhash	P
method	SFS.WorldBase.WorldReference	NONFCOIHPFH	SFS.WorldBase.WorldReference	LoadWorldSettings	0.95	ilhash	P
method	SFS.WorldBase.WorldReference	OMBMAFEHCBM	SFS.WorldBase.WorldReference	GetQuicksavesFileList	0.95	ilhash	P
method	SFS.WorldBase.WorldReference	JCFPKJAEMLO	SFS.WorldBase.WorldReference	GetQuicksavePath	0.95	ilhash	P
method	SFS.WorldBase.WorldReference	FKNOJHKKFKJ	SFS.WorldBase.WorldReference	SaveWorldSettings	0.95	ilhash	P
method	SFS.World.WorldSave	ANOFJDCCLEO	SFS.World.WorldSave	Save_AstronautStates	0.95	ilhash	SP
method	SFS.World.WorldSave	FGMNHJIFKIJ	SFS.World.WorldSave	Load_WorldState	0.95	ilhash	SP
method	SFS.World.WorldSave	OIBOKHFNLHI	SFS.World.WorldSave	TryLoad	0.95	ilhash	SP
method	SFS.World.WorldSave	GFFLBCEMKME	SFS.World.WorldSave	CreateEmptyQuicksave	0.95	ilhash	SP
method	SFS.World.WorldSave	LAEFKNOFJAF	SFS.World.WorldSave	Save_CareerState	0.95	ilhash	SP
method	SFS.World.WorldSave	EJBFBCKHJNL	SFS.World.WorldSave	Save	0.95	ilhash	SP
method	SFS.World.WorldSave/DAFMBNGHAEB	PBFFFNMEPNI	SFS.World.WorldSave/<>c__DisplayClass10_0	<Save_CareerState>b__0	0.95	ilhash	-
method	SFS.World.WorldSave/DCIMDGJCHHB	GKFCCFNOEMM	SFS.World.WorldSave/<>c__DisplayClass11_0	<Save_AstronautStates>b__0	0.95	ilhash	-
method	SFS.World.WorldSave/LocationData	EOBJFKMFEHP	SFS.World.WorldSave/LocationData	GetSaveLocation	0.95	ilhash	P
method	SFS.World.WorldSave/LocationData/GFMGIJKDHBO	ECNMBMHDKCH	SFS.World.WorldSave/LocationData/LocationConverter	ReadLocationData	0.95	ilhash	-
field	SFS.World.WorldSave/LocationData/GFMGIJKDHBO	MKNOPJNIHLL	SFS.World.WorldSave/LocationData/LocationConverter	LocationVariableName	0.80	shape	S
method	SFS.World.WorldSave/WorldState	DHAGGPOIKGJ	SFS.World.WorldSave/WorldState	StartState	0.95	ilhash	SP
method	SFS.World.XBQXOREJEEKJACIF	FKBAAEPPDIB	SFS.World.StageUI	DestroyPartIcon	0.50	order-sig	-
method	SFS.World.XBQXOREJEEKJACIF	JJHACFJFBDO	SFS.World.StageUI	CreatePartIcon	0.50	order-sig	-
prop	SFS.World.Maps.XBSEATOTHMIXIKDZ	HMIPMLDNJKM	SFS.World.Maps.MapAstronaut	Player	0.90	accessor	P
prop	SFS.World.Maps.XBSEATOTHMIXIKDZ	PBFOKKFAOKJ	SFS.World.Maps.MapAstronaut	Trajectory	0.90	accessor	P
prop	SFS.World.Maps.XBSEATOTHMIXIKDZ	PJIMPPOHLAJ	SFS.World.Maps.MapAstronaut	EncounterText	0.90	accessor	P
prop	SFS.World.Maps.XBSEATOTHMIXIKDZ	KGKNKIMPCLC	SFS.World.Maps.MapAstronaut	Select_MenuPosition	0.90	accessor	P
prop	SFS.World.Maps.XBSEATOTHMIXIKDZ	PGKKODIMMGD	SFS.World.Maps.MapAstronaut	Select_DisplayName	0.90	accessor	P
prop	SFS.World.Maps.XBSEATOTHMIXIKDZ	HJBGHFPNGBO	SFS.World.Maps.MapAstronaut	Select_CanNavigate	0.90	accessor	P
prop	SFS.World.Maps.XBSEATOTHMIXIKDZ	NALFCMCAOHO	SFS.World.Maps.MapAstronaut	Select_CanFocus	0.90	accessor	P
prop	SFS.World.Maps.XBSEATOTHMIXIKDZ	BEMLLECJIGA	SFS.World.Maps.MapAstronaut	Select_CanRename	0.90	accessor	P
prop	SFS.World.Maps.XBSEATOTHMIXIKDZ	EKLLEPDMOMD	SFS.World.Maps.MapAstronaut	Select_CanEndMission	0.90	accessor	P
prop	SFS.World.Maps.XBSEATOTHMIXIKDZ	MIOPPFBOBKC	SFS.World.Maps.MapAstronaut	Select_EndMissionText	0.90	accessor	P
prop	SFS.World.Maps.XBSEATOTHMIXIKDZ	NLIHIMLAGND	SFS.World.Maps.MapAstronaut	Select_EndMissionIcon	0.90	accessor	P
prop	SFS.World.Maps.XBSEATOTHMIXIKDZ	NPFGNMJHOPO	SFS.World.Maps.MapAstronaut	Navigation_Tolerance	0.90	accessor	P
field	XCFEUONCDYTKGXVL	OGPILJDMLKE	PopupAnimation	t	0.80	shape	I
field	XCFEUONCDYTKGXVL	MJGDBFBIIEB	PopupAnimation	disable	0.80	shape	I
method	XDHPMOEURAAQNWRV	LMENABFHNEB	AutoDetachModule	AlreadyVisited	0.95	ilhash	-
method	XDHPMOEURAAQNWRV	OBIMNCJNHJG	AutoDetachModule	SearchPart	0.95	ilhash	-
method	XDHPMOEURAAQNWRV	OKHJBNEACOB	AutoDetachModule	get_Rocket	0.95	ilhash	-
field	XDHPMOEURAAQNWRV	<KBCHNAHPKEE>k__BackingField	AutoDetachModule	<Rocket>k__BackingField	0.80	shape	I
field	XDHPMOEURAAQNWRV	HAGMODDJCCP	AutoDetachModule	_currentStage	0.80	shape	I
field	XDHPMOEURAAQNWRV	GGBLFHPCGPG	AutoDetachModule	_visited	0.80	shape	I
field	XDHPMOEURAAQNWRV	MLNDENEAEGN	AutoDetachModule	_max_search_level	0.80	shape	S
prop	XDHPMOEURAAQNWRV	LGBNFJCHPLN	AutoDetachModule	Rocket	0.90	accessor	P
method	XDHPMOEURAAQNWRV/OELIJBEAFOI	DJLIPKPCPDI	AutoDetachModule/<>c__DisplayClass12_0	<AlreadyVisited>b__0	0.95	ilhash	-
method	SFS.UI.XFYTAQFPRVMIEJBX	MCIHDFKEBGC	SFS.UI.VerticalLayout	<GetPreferredSize_Internal>b__1_1	0.95	ilhash	-
method	SFS.UI.XFYTAQFPRVMIEJBX	DEPPADCBIMC	SFS.UI.VerticalLayout	SetSize_Internal	0.95	ilhash	V
method	SFS.UI.XFYTAQFPRVMIEJBX	NONFDKGHCMF	SFS.UI.VerticalLayout	GetPreferredSize_Internal	0.95	ilhash	V
method	SFS.UI.XFYTAQFPRVMIEJBX/<>c	EBNGIJPIEAO	SFS.UI.VerticalLayout/<>c	<SetSize_Internal>b__0_0	0.95	ilhash	-
method	SFS.UI.XFYTAQFPRVMIEJBX/<>c	POGEPAAHJHP	SFS.UI.VerticalLayout/<>c	<GetPreferredSize_Internal>b__1_0	0.95	ilhash	-
method	SFS.Tutorials.XIUIRTGNIOVWJPCA	OAJDIOPBANL	SFS.Tutorials.FailureMenu	ShowFailure	0.95	ilhash	-
method	SFS.Tutorials.XIUIRTGNIOVWJPCA	JGHONHPGGMM	SFS.Tutorials.FailureMenu	get_OnEscape	0.95	ilhash	V
method	SFS.Tutorials.XIUIRTGNIOVWJPCA	NPGHFCCCNJB	SFS.Tutorials.FailureMenu	<OnPlayerDestroyed>g__GetParents|13_0	0.95	ilhash	S
method	SFS.Tutorials.XIUIRTGNIOVWJPCA	LMLJBIFIKDL	SFS.Tutorials.FailureMenu	LoadRevert	0.95	ilhash	-
field	SFS.Tutorials.XIUIRTGNIOVWJPCA	GHBNCHCNPPN	SFS.Tutorials.FailureMenu	reason	0.80	shape	I
method	SFS.Tutorials.XIUIRTGNIOVWJPCA/<>c	MPNIFIAABFB	SFS.Tutorials.FailureMenu/<>c	<Start>b__9_1	0.95	ilhash	-
method	SFS.Tutorials.XIUIRTGNIOVWJPCA/<>c	GMMDKFKKNME	SFS.Tutorials.FailureMenu/<>c	<Start>b__9_0	0.95	ilhash	-
method	SFS.Tutorials.XIUIRTGNIOVWJPCA/<>c	HEHMOHPCDEF	SFS.Tutorials.FailureMenu/<>c	<Start>b__9_2	0.95	ilhash	-
method	SFS.Tutorials.XIUIRTGNIOVWJPCA/CDGPCDPACHB	GJAMFOFLLFD	SFS.Tutorials.FailureMenu/<>c__DisplayClass13_0	<OnPlayerDestroyed>b__1	0.95	ilhash	-
method	SFS.Builds.XJMAFUOSKXXNNFTW	FLBBDGBLICG	SFS.Builds.AreaSelect	GetLayers	0.95	ilhash	-
method	SFS.Builds.XJMAFUOSKXXNNFTW	GFIICHDJLFK	SFS.Builds.AreaSelect	set_Selecting	0.95	ilhash	-
method	SFS.Builds.XJMAFUOSKXXNNFTW	GPHDLBCKABH	SFS.Builds.AreaSelect	I_GLDrawer.Draw	0.95	ilhash	VN
field	SFS.Builds.XJMAFUOSKXXNNFTW	<EEEBHFJJGJK>k__BackingField	SFS.Builds.AreaSelect	<Selecting>k__BackingField	0.80	shape	I
field	SFS.Builds.XJMAFUOSKXXNNFTW	IBAEFFPANAP	SFS.Builds.AreaSelect	start	0.30	order	I
field	SFS.Builds.XJMAFUOSKXXNNFTW	DPMLFOGDGNM	SFS.Builds.AreaSelect	end	0.30	order	I
prop	SFS.Builds.XJMAFUOSKXXNNFTW	BDBHPNPJMEM	SFS.Builds.AreaSelect	Selecting	0.90	accessor	P
method	SFS.Builds.XJMAFUOSKXXNNFTW/<>c	OCPOPKMCCJN	SFS.Builds.AreaSelect/<>c	<EndSelect>b__15_1	0.95	ilhash	-
method	SFS.Builds.XJMAFUOSKXXNNFTW/GILEKJPNCEC	GDBPCCJFDJG	SFS.Builds.AreaSelect/<>c__DisplayClass15_0	<EndSelect>b__2	0.95	ilhash	-
method	SFS.Builds.XJMAFUOSKXXNNFTW/GILEKJPNCEC	IPALIOGHNJH	SFS.Builds.AreaSelect/<>c__DisplayClass15_0	<EndSelect>g__Select|0	0.95	ilhash	-
method	SFS.World.Drag.XKVFRHWLUXGOBHZX	EAJEDKMFCGM	SFS.World.Drag.HeatManager	<GetMostHeatedModules>g__GetTargetIndex|6_0	0.95	ilhash	S
method	SFS.World.Drag.XKVFRHWLUXGOBHZX	NNFMPEGJFGL	SFS.World.Drag.HeatManager	<GetMostHeatedModules>g__GetHeatScore|6_1	0.95	ilhash	S
field	SFS.World.Drag.XKVFRHWLUXGOBHZX	JLFLKOFBOHI	SFS.World.Drag.HeatManager	AbsorptionRate	0.30	order	S
field	SFS.World.Drag.XKVFRHWLUXGOBHZX	NDDDDGFDKBB	SFS.World.Drag.HeatManager	DissipationRate	0.30	order	S
field	SFS.World.Drag.XKVFRHWLUXGOBHZX	CIILCKKOKKO	SFS.World.Drag.HeatManager	heated	0.80	shape	I
method	SFS.World.XQFXEUMOHEIAVMFG	OJAOEJKINCP	SFS.World.Rings	CreateMesh	0.95	ilhash	S
method	InterplanetaryModule.XTFZRYMOSYHKQTFA	HFNDGKJHDCH	InterplanetaryModule.FlapModule	SFS.World.Rocket.INJ_TurnAxisTorque.set_TurnAxis	0.95	ilhash	VN
method	InterplanetaryModule.XTFZRYMOSYHKQTFA	JJBAABGHPPM	InterplanetaryModule.FlapModule	SFS.World.Rocket.INJ_Location.set_Location	0.95	ilhash	VN
field	InterplanetaryModule.XTFZRYMOSYHKQTFA	LMFJCPKAPAB	InterplanetaryModule.FlapModule	location	0.80	shape	I
field	InterplanetaryModule.XTFZRYMOSYHKQTFA	MCHAFDKMMAD	InterplanetaryModule.FlapModule	turnAxis	0.80	shape	I
prop	SFS.Parts.Modules.XTITLZJINBVKKRCU	IBIAIFNJLDI	SFS.Parts.Modules.Own_Size	IsPremium	0.90	accessor	P
method	SFS.Parts.Modules.XTITLZJINBVKKRCU/<>c	ABIJGGHADAJ	SFS.Parts.Modules.Own_Size/<>c	<get_IsPremium>b__2_0	0.95	ilhash	-
method	ModLoader.UI.XWACFHLYTUFERMZV	IJNMKMOHAAN	ModLoader.UI.ModLoadingProgress	UpdateText	0.95	ilhash	-
prop	SFS.UI.YAPFEFSVMPPLBBLT	IFALAKCLGPG	SFS.UI.IconButton	Show	0.90	accessor	P
prop	SFS.UI.YAPFEFSVMPPLBBLT	ECABFFCCDHK	SFS.UI.IconButton	Icon	0.90	accessor	P
prop	SFS.UI.YAPFEFSVMPPLBBLT	OKPKMJPLJCG	SFS.UI.IconButton	Text	0.90	accessor	P
method	SFS.World.Drag.YAWTZSUWSGFEHTFO	NJAIKBEKOCG	SFS.World.Drag.Aero_Rocket	GetLocation	0.95	ilhash	V
method	SFS.World.Drag.YAWTZSUWSGFEHTFO	LEJIEDLABPJ	SFS.World.Drag.Aero_Rocket	<GetDragSurfaces>g__AddLine|5_0	0.95	ilhash	S
method	SFS.World.Drag.YAWTZSUWSGFEHTFO	OEGPJKNEAID	SFS.World.Drag.Aero_Rocket	get_PhysicsMode	0.95	ilhash	V
method	SFS.World.Drag.YAWTZSUWSGFEHTFO	AACDLJIMBGD	SFS.World.Drag.Aero_Rocket	GetMass	0.95	ilhash	V
method	SFS.World.Drag.YAWTZSUWSGFEHTFO	BCIIAIMEHON	SFS.World.Drag.Aero_Rocket	AddForceAtPosition	0.95	ilhash	V
field	SFS.YBOKHHAZOODKWJEF	DJKJHFGKALL	SFS.ShootingStar	destination	0.80	shape	I
method	SFS.World.YBVVLVIZVESBGXEX	GIPOGKJCLMF	SFS.World.WorldParticle	OnVelocityOffset	0.95	ilhash	-
method	SFS.World.YBVVLVIZVESBGXEX	HIGALLCCINJ	SFS.World.WorldParticle	<GetInstance>b__7_0	0.95	ilhash	-
method	SFS.World.YBVVLVIZVESBGXEX	HGDJLOPHFJJ	SFS.World.WorldParticle	Apply	0.95	ilhash	-
method	SFS.World.YBVVLVIZVESBGXEX	NCIPHLPPIOE	SFS.World.WorldParticle	GetInstance	0.95	ilhash	-
method	SFS.World.YBVVLVIZVESBGXEX	LCGNKPINBGM	SFS.World.WorldParticle	Simulate	0.95	ilhash	-
method	SFS.World.YBVVLVIZVESBGXEX	GNDLAHMAEMF	SFS.World.WorldParticle	OnPositionOffset	0.95	ilhash	-
field	SFS.World.YBVVLVIZVESBGXEX	PFMEIIOJFKK	SFS.World.WorldParticle	instances	0.80	shape	S
method	SFS.World.YBVVLVIZVESBGXEX/CGNCNCMJENO	BALMIBEBGND	SFS.World.WorldParticle/<>c__DisplayClass12_0	<OnPositionOffset>b__0	0.95	ilhash	-
method	SFS.World.YBVVLVIZVESBGXEX/GEEKPLFMHKC	FHMLHPANNOO	SFS.World.WorldParticle/<>c__DisplayClass13_0	<OnVelocityOffset>b__0	0.95	ilhash	-
method	SFS.World.YBVVLVIZVESBGXEX/NNLIPONONBK	KIFDAPIEINM	SFS.World.WorldParticle/<>c__DisplayClass11_0	<Simulate>b__0	0.95	ilhash	-
method	SFS.World.YDWCONPQTEXMIHBM	JGHONHPGGMM	SFS.World.EndMissionMenu	get_OnEscape	0.95	ilhash	V
method	SFS.World.YDWCONPQTEXMIHBM	AJIFAPFNAPN	SFS.World.EndMissionMenu	<OpenEndMissionMenu>g__OpenMenu|18_0	0.95	ilhash	-
method	SFS.World.YDWCONPQTEXMIHBM	LAJMIKHDEIP	SFS.World.EndMissionMenu	<Complete>b__31_4	0.95	ilhash	-
method	SFS.World.YDWCONPQTEXMIHBM	HAEKGEDNJCK	SFS.World.EndMissionMenu	<Complete>b__31_6	0.95	ilhash	-
method	SFS.World.YDWCONPQTEXMIHBM	DFABBFMPNCF	SFS.World.EndMissionMenu	DrawLog	0.95	ilhash	-
method	SFS.World.YDWCONPQTEXMIHBM	GHICAMGLOGO	SFS.World.EndMissionMenu	SetTab	0.95	ilhash	-
method	SFS.World.YDWCONPQTEXMIHBM	MOEEHGCIJLM	SFS.World.EndMissionMenu	IsNewLog	0.95	ilhash	S
method	SFS.World.YDWCONPQTEXMIHBM	KLFEEKAFCIE	SFS.World.EndMissionMenu	<Complete>g__PickOption|31_7	0.95	ilhash	-
method	SFS.World.YDWCONPQTEXMIHBM	CAIHFAOHCLP	SFS.World.EndMissionMenu	SaveLogsAndRewardFunds	0.95	ilhash	-
method	SFS.World.YDWCONPQTEXMIHBM	DFLIJNPGBMJ	SFS.World.EndMissionMenu	IsSplit	0.95	ilhash	S
method	SFS.World.YDWCONPQTEXMIHBM	GEEPANAMDNO	SFS.World.EndMissionMenu	<IsSplit>g__CollectParentBranches|39_0	0.95	ilhash	S
method	SFS.World.YDWCONPQTEXMIHBM	JFPIAFKPBFF	SFS.World.EndMissionMenu	<DrawLog>g__Create|22_0	0.95	ilhash	-
method	SFS.World.YDWCONPQTEXMIHBM	MAONJOLJBNJ	SFS.World.EndMissionMenu	<Complete>g__RemoveTarget|31_0	0.95	ilhash	-
method	SFS.World.YDWCONPQTEXMIHBM	JJGOFHDPBEH	SFS.World.EndMissionMenu	AskRate	0.95	ilhash	-
method	SFS.World.YDWCONPQTEXMIHBM	BNDGKFFBDJB	SFS.World.EndMissionMenu	<IsNewLog>g__IsNew|23_0	0.95	ilhash	S
method	SFS.World.YDWCONPQTEXMIHBM	IKHJNCOMMKB	SFS.World.EndMissionMenu	DrawChallenges	0.95	ilhash	-
method	SFS.World.YDWCONPQTEXMIHBM	JGFDDMKMLDD	SFS.World.EndMissionMenu	ReplayMission	0.95	ilhash	S
method	SFS.World.YDWCONPQTEXMIHBM	NJEFNNBKKEL	SFS.World.EndMissionMenu	<ReplayMission>g__WasAstronaut|38_1	0.95	ilhash	S
method	SFS.World.YDWCONPQTEXMIHBM	NCJECNKGCAA	SFS.World.EndMissionMenu	<Complete>b__31_2	0.95	ilhash	-
method	SFS.World.YDWCONPQTEXMIHBM	DPMJDJDIPJB	SFS.World.EndMissionMenu	<ReplayMission>g__Recuse|38_0	0.95	ilhash	S
field	SFS.World.YDWCONPQTEXMIHBM	AMIFBPNFKNM	SFS.World.EndMissionMenu	logInstances	0.30	order	I
field	SFS.World.YDWCONPQTEXMIHBM	HMBPMCJOGNC	SFS.World.EndMissionMenu	challengeInstances	0.30	order	I
field	SFS.World.YDWCONPQTEXMIHBM	DKFIFFCDCKO	SFS.World.EndMissionMenu	recoveryTarget	0.80	shape	I
field	SFS.World.YDWCONPQTEXMIHBM	GFGJGKEHMKL	SFS.World.EndMissionMenu	recovered	0.30	order	I
field	SFS.World.YDWCONPQTEXMIHBM	CNFLCNEEBML	SFS.World.EndMissionMenu	buttonText	0.80	shape	I
field	SFS.World.YDWCONPQTEXMIHBM	GCACIBKMAAG	SFS.World.EndMissionMenu	askRate_0	0.30	order	I
field	SFS.World.YDWCONPQTEXMIHBM	GFKPLKDHELJ	SFS.World.EndMissionMenu	askRate_1	0.30	order	I
field	SFS.World.YDWCONPQTEXMIHBM	EMPPEHCDDNA	SFS.World.EndMissionMenu	askRate_2	0.30	order	I
method	SFS.World.YDWCONPQTEXMIHBM/<>c	FHOAEIOLGFK	SFS.World.EndMissionMenu/<>c	<Complete>b__31_5	0.95	ilhash	-
method	SFS.World.YDWCONPQTEXMIHBM/<>c	DCFALHLOFOK	SFS.World.EndMissionMenu/<>c	<Complete>b__31_3	0.95	ilhash	-
method	SFS.World.YDWCONPQTEXMIHBM/<>c	AFCMFEIAFGF	SFS.World.EndMissionMenu/<>c	<Complete>b__31_1	0.95	ilhash	-
method	SFS.World.YDWCONPQTEXMIHBM/<>c	IHAPNPPHFAJ	SFS.World.EndMissionMenu/<>c	<OpenEndMissionMenu>b__18_1	0.95	ilhash	-
method	SFS.World.YDWCONPQTEXMIHBM/<>c	DIMKCEHDPAN	SFS.World.EndMissionMenu/<>c	<OpenEndMissionMenu>b__18_3	0.95	ilhash	-
method	SFS.World.YDWCONPQTEXMIHBM/<>c	INHHBHMNJCM	SFS.World.EndMissionMenu/<>c	<OpenEndMissionMenu>b__18_2	0.95	ilhash	-
method	SFS.World.YDWCONPQTEXMIHBM/<>c	ANEAKLIDNNO	SFS.World.EndMissionMenu/<>c	<OpenEndMissionMenu>b__18_10	0.95	ilhash	-
method	SFS.World.YDWCONPQTEXMIHBM/<>c	AMDPHFAJAKL	SFS.World.EndMissionMenu/<>c	<OpenEndMissionMenu>b__18_8	0.95	ilhash	-
method	SFS.World.YDWCONPQTEXMIHBM/IFDMPCMEPDA	JLGKHPKIMIL	SFS.World.EndMissionMenu/<>c__DisplayClass18_1	<OpenEndMissionMenu>b__6	0.95	ilhash	-
method	SFS.World.YDWCONPQTEXMIHBM/IFDMPCMEPDA	GKEAHLFMAME	SFS.World.EndMissionMenu/<>c__DisplayClass18_1	<OpenEndMissionMenu>b__9	0.95	ilhash	-
method	SFS.World.YDWCONPQTEXMIHBM/MBGFMHCJIEM	GGNLEFELCFB	SFS.World.EndMissionMenu/<>c__DisplayClass18_0	<OpenEndMissionMenu>b__5	0.95	ilhash	-
method	SFS.World.YDWCONPQTEXMIHBM/MBGFMHCJIEM	BGCABIKBKDD	SFS.World.EndMissionMenu/<>c__DisplayClass18_0	<OpenEndMissionMenu>b__7	0.95	ilhash	-
method	SFS.World.YDWCONPQTEXMIHBM/MBGFMHCJIEM	LAHJBLLIFKF	SFS.World.EndMissionMenu/<>c__DisplayClass18_0	<OpenEndMissionMenu>b__4	0.95	ilhash	-
method	SFS.Career.YGQEGUOBETGUTOWW	HOPPIFNLBEP	SFS.Career.TT_Builder	GetAssets	0.95	ilhash	S
method	SFS.Career.YGQEGUOBETGUTOWW	LFMJOANKKFA	SFS.Career.TT_Builder	Reload	0.95	ilhash	-
method	SFS.Career.YGQEGUOBETGUTOWW/<>c	ECAAPHAPFEG	SFS.Career.TT_Builder/<>c	<SetupRuntimeDictionary>b__6_4	0.95	ilhash	-
method	SFS.Career.YGQEGUOBETGUTOWW/<>c	KHADOPMMLDF	SFS.Career.TT_Builder/<>c	<Reload>b__5_2	0.95	ilhash	-
method	SFS.Career.YGQEGUOBETGUTOWW/<>c	KFLFFKPMNOC	SFS.Career.TT_Builder/<>c	<GetAssets>b__7_0	0.95	ilhash	-
method	SFS.Career.YGQEGUOBETGUTOWW/<>c	CGJAEAFHLCD	SFS.Career.TT_Builder/<>c	<SetupRuntimeDictionary>b__6_1	0.95	ilhash	-
method	SFS.Career.YGQEGUOBETGUTOWW/<>c	BIHKCNDJNDF	SFS.Career.TT_Builder/<>c	<SetupRuntimeDictionary>b__6_0	0.95	ilhash	-
method	SFS.Career.YGQEGUOBETGUTOWW/<>c	GCEJBDDGDJH	SFS.Career.TT_Builder/<>c	<SetupRuntimeDictionary>b__6_2	0.95	ilhash	-
method	SFS.Career.YGQEGUOBETGUTOWW/<>c	CCDBMKONJIL	SFS.Career.TT_Builder/<>c	<SetupRuntimeDictionary>b__6_3	0.95	ilhash	-
method	SFS.Career.YGQEGUOBETGUTOWW/<>c	IMJIFBBLFIL	SFS.Career.TT_Builder/<>c	<Reload>b__5_0	0.95	ilhash	-
method	SFS.Career.YGQEGUOBETGUTOWW/DOHKHGIAKME	EMHJDPCKBOI	SFS.Career.TT_Builder/<>c__DisplayClass5_1	<Reload>b__3	0.95	ilhash	-
method	SFS.Career.YGQEGUOBETGUTOWW/JNHKJPEHOFO	KKCHLEDKANJ	SFS.Career.TT_Builder/<>c__DisplayClass5_0	<Reload>b__1	0.95	ilhash	-
method	SFS.Career.YGQEGUOBETGUTOWW/TT_Element	JGMCLMFFEBD	SFS.Career.TT_Builder/TT_Element	GetDefaultAnchor_Y	0.95	ilhash	P
method	SFS.Career.YGQEGUOBETGUTOWW/TT_Element	KLEJAKAEDPE	SFS.Career.TT_Builder/TT_Element	GetAnchor	0.95	ilhash	P
method	SFS.Career.YGQEGUOBETGUTOWW/TT_Element	DJEKMPNKBKH	SFS.Career.TT_Builder/TT_Element	GetDefaultAnchor_X	0.95	ilhash	P
method	SFS.Career.YGQEGUOBETGUTOWW/TT_Element	MBCNIMKMHDH	SFS.Career.TT_Builder/TT_Element	GetPivot	0.95	ilhash	SP
method	SFS.Career.YGQEGUOBETGUTOWW/TT_Element	CACLHKMKNGN	SFS.Career.TT_Builder/TT_Element	GetFromPivot	0.95	ilhash	P
method	SFS.Career.YGQEGUOBETGUTOWW/TT_Element	APEGINADDIP	SFS.Career.TT_Builder/TT_Element	OffsetAnchor	0.95	ilhash	P
method	SFS.Career.YGQEGUOBETGUTOWW/TT_Element	BAPPCGPKBBF	SFS.Career.TT_Builder/TT_Element	ResetRuntimeData	0.95	ilhash	P
method	SFS.Career.YGQEGUOBETGUTOWW/TT_Element	FHPFMEANFLK	SFS.Career.TT_Builder/TT_Element	GetToPivot	0.95	ilhash	P
method	SFS.UI.YHFYTMXYBMUULOOD	GBOIKDBEHFM	SFS.UI.RadioButton	OnClick	0.95	ilhash	-
method	SFS.UI.YHFYTMXYBMUULOOD	BIBMPJBCFJG	SFS.UI.RadioButton	get_IsSelected	0.95	ilhash	-
method	YKFPIDYHRDFHQAYQ	HJLPEOMKJLM	SDAnimatedImage	set_state	0.95	ilhash	-
method	YKFPIDYHRDFHQAYQ	FJPBGPDFDOF	SDAnimatedImage	TrackAnimatedImageDecoding	0.95	ilhash	-
method	YKFPIDYHRDFHQAYQ	FMAEOPELJLH	SDAnimatedImage	StartDecoderThread	0.95	ilhash	-
method	YKFPIDYHRDFHQAYQ	BHBKBLCBHJH	SDAnimatedImage	InternalSetAnimatedImageWithURL	0.95	ilhash	-
method	YKFPIDYHRDFHQAYQ	EDOIMMDLOJC	SDAnimatedImage	GetTargetComponent	0.95	ilhash	-
method	YKFPIDYHRDFHQAYQ	BDKGACMFONF	SDAnimatedImage	CacheGifFrame	0.95	ilhash	-
method	YKFPIDYHRDFHQAYQ	FPAEGPEPKHA	SDAnimatedImage	Init	0.95	ilhash	-
method	YKFPIDYHRDFHQAYQ	BNGBFNFFABP	SDAnimatedImage	TerminateDecoderThread	0.95	ilhash	-
method	YKFPIDYHRDFHQAYQ	LOLDGDFDPCI	SDAnimatedImage	UpdateFrame	0.95	ilhash	-
method	YKFPIDYHRDFHQAYQ	NJAMDCDPCPL	SDAnimatedImage	SetTexture	0.95	ilhash	-
method	YKFPIDYHRDFHQAYQ	KFDHMMDHKFA	SDAnimatedImage	GetSDWebImageOptions	0.95	ilhash	-
method	YKFPIDYHRDFHQAYQ	KKHMOIGOCHN	SDAnimatedImage	StartDecoder	0.95	ilhash	-
method	YKFPIDYHRDFHQAYQ	GEOKLHCEBEJ	SDAnimatedImage	UpdateTexture	0.95	ilhash	-
method	YKFPIDYHRDFHQAYQ	MPAOCBHFOEM	SDAnimatedImage	CreateTargetTexture	0.95	ilhash	-
method	YKFPIDYHRDFHQAYQ	HBBFCFEHLLK	SDAnimatedImage	UpdateFrameTime	0.95	ilhash	-
method	YKFPIDYHRDFHQAYQ	APIGIDGNPBL	SDAnimatedImage	CreateTexture	0.95	ilhash	S
method	YKFPIDYHRDFHQAYQ	GDOHKJAGBPF	SDAnimatedImage	ReadNextFrame	0.95	ilhash	-
method	YKFPIDYHRDFHQAYQ	GCIMMGPHDLB	SDAnimatedImage	DecodeAnimatedImageData	0.95	ilhash	-
field	YKFPIDYHRDFHQAYQ	<NGPEEMHOGKG>k__BackingField	SDAnimatedImage	<state>k__BackingField	0.30	order	I
field	YKFPIDYHRDFHQAYQ	HJIADGKEEGB	SDAnimatedImage	animatedImageTexture	0.80	shape	I
field	YKFPIDYHRDFHQAYQ	CHGHCOAAODK	SDAnimatedImage	_targetComponent	0.80	shape	I
field	YKFPIDYHRDFHQAYQ	EGAJNMGJGDG	SDAnimatedImage	_targetMaterial	0.30	order	I
field	YKFPIDYHRDFHQAYQ	BHPMGGJIEED	SDAnimatedImage	decoder	0.30	order	I
field	YKFPIDYHRDFHQAYQ	HDENKFFDBDC	SDAnimatedImage	firstFrameShown	0.30	order	I
field	YKFPIDYHRDFHQAYQ	FHOBFBEOHCI	SDAnimatedImage	framesCache	0.80	shape	I
field	YKFPIDYHRDFHQAYQ	ELAJPGFGEGE	SDAnimatedImage	currentFrame	0.30	order	I
field	YKFPIDYHRDFHQAYQ	MFBDLENGKLD	SDAnimatedImage	frameIsReady	0.30	order	I
field	YKFPIDYHRDFHQAYQ	MJNGPOJNPNE	SDAnimatedImage	currentFrameIndex	0.30	order	I
field	YKFPIDYHRDFHQAYQ	LOEEHKGNDEE	SDAnimatedImage	currentFrameRemainingTime	0.80	shape	I
field	YKFPIDYHRDFHQAYQ	LHNMLCGICHC	SDAnimatedImage	locker	0.80	shape	I
field	YKFPIDYHRDFHQAYQ	JNOJCNOMIMP	SDAnimatedImage	decoderThread	0.80	shape	I
field	YKFPIDYHRDFHQAYQ	JPNMCGOCJHD	SDAnimatedImage	threadIsRunning	0.30	order	I
field	YKFPIDYHRDFHQAYQ	FPPEAPPOPPE	SDAnimatedImage	autoResetEvent	0.80	shape	I
field	YKFPIDYHRDFHQAYQ	BNAPEFBBENI	SDAnimatedImage	OnImageSizeReady	0.30	order	I
field	YKFPIDYHRDFHQAYQ	JFFIKFOKENJ	SDAnimatedImage	OnDecodingError	0.30	order	I
field	YKFPIDYHRDFHQAYQ	BHJEFNEGMKI	SDAnimatedImage	OnLoadingError	0.30	order	I
prop	YKFPIDYHRDFHQAYQ	JJMDIGPFFOP	SDAnimatedImage	state	0.90	accessor	P
method	YKFPIDYHRDFHQAYQ/<>c	JJCECCDHELD	SDAnimatedImage/<>c	<GetTargetComponent>b__68_0	0.95	ilhash	-
method	YKFPIDYHRDFHQAYQ/CNAONGGBFPE	HMMDAMNCKCN	SDAnimatedImage/<>c__DisplayClass67_0	<InternalSetAnimatedImageWithURL>b__0	0.95	ilhash	-
method	SFS.World.YLKFNDIHMIYGYUIX	FIHIEOEPKJM	SFS.World.Resources	<SetupResourceGroups>b__6_0	0.95	ilhash	-
method	SFS.Builds.YOIQXWQLEGJZKNYW	CJGDCGAHFLD	SFS.Builds.PickGridPositioner	TreatUIVector	0.95	ilhash	-
field	YOWQROFMFBERBULI	OGPILJDMLKE	ColorAnimation	t	0.80	shape	I
field	YOWQROFMFBERBULI	GPHPNALFPBO	ColorAnimation	direction	0.80	shape	I
method	SFS.UI.ZDRVRGUNKMIHAZFK/<>c	GFODLPAOLPK	SFS.UI.AttachableStatsMenu/<>c	<Open_DrawPartShop>b__3_4	0.95	ilhash	-
method	SFS.UI.ZDRVRGUNKMIHAZFK/BNIFFBMPFBG	IGCANIFGEMC	SFS.UI.AttachableStatsMenu/<>c__DisplayClass3_0	<Open_DrawPartShop>g__OnPartDestroyed|2	0.95	ilhash	-
method	SFS.UI.ZDRVRGUNKMIHAZFK/BNIFFBMPFBG	BLEDFFOGNBF	SFS.UI.AttachableStatsMenu/<>c__DisplayClass3_0	<Open_DrawPartShop>b__1	0.95	ilhash	-
method	SFS.UI.ZDRVRGUNKMIHAZFK/BNIFFBMPFBG	FCDGLGAPGGE	SFS.UI.AttachableStatsMenu/<>c__DisplayClass3_0	<Open_DrawPartShop>b__0	0.95	ilhash	-
method	SFS.UI.ZDRVRGUNKMIHAZFK/BNIFFBMPFBG	MHAMJCKPLKI	SFS.UI.AttachableStatsMenu/<>c__DisplayClass3_0	<Open_DrawPartShop>g__Draw|3	0.95	ilhash	-
method	SFS.UI.ZDRVRGUNKMIHAZFK/EKJBEJJCLKN	GIPILMOGMBL	SFS.UI.AttachableStatsMenu/<>c__DisplayClass2_0	<Open_DrawPart>b__3	0.95	ilhash	-
method	SFS.UI.ZDRVRGUNKMIHAZFK/EKJBEJJCLKN	AIFGACILHCM	SFS.UI.AttachableStatsMenu/<>c__DisplayClass2_0	<Open_DrawPart>b__1	0.95	ilhash	-
method	SFS.UI.ZDRVRGUNKMIHAZFK/EKJBEJJCLKN	ICNHINOPILA	SFS.UI.AttachableStatsMenu/<>c__DisplayClass2_0	<Open_DrawPart>g__OnPartDestroyed|2	0.95	ilhash	-
method	SFS.UI.ZDRVRGUNKMIHAZFK/EKJBEJJCLKN	HNDIMABECAN	SFS.UI.AttachableStatsMenu/<>c__DisplayClass2_0	<Open_DrawPart>b__0	0.95	ilhash	-
method	SFS.World.Maps.ZFOPHPFUYYSBHOCQ	NKDMPNHCDEC	SFS.World.Maps.MapDrawer	<UpdateOrbitLinesAlpha>g__GetOrbitLineAlpha|4_0	0.95	ilhash	S
method	SFS.World.Maps.ZFOPHPFUYYSBHOCQ	KBHMNFGDFGP	SFS.World.Maps.MapDrawer	UpdateOrbitLinesAlpha	0.95	ilhash	-
field	ZHFHIZUYNWAXDQZQ	PGJHPAMBFBD	SizeAnimation	rectTransform	0.80	shape	I
field	ZHFHIZUYNWAXDQZQ	OGPILJDMLKE	SizeAnimation	t	0.80	shape	I
field	ZHFHIZUYNWAXDQZQ	GPHPNALFPBO	SizeAnimation	direction	0.80	shape	I
method	SFS.UI.ZHVRGWOUSMJCJHIT/<>c	PJCIANBBFOJ	SFS.UI.ElementGenerator/<>c	<DefaultHorizontalGroup>b__5_0	0.95	ilhash	-
method	SFS.UI.ZHVRGWOUSMJCJHIT/FGBBBMNMNNF	JLPPFANCNNI	SFS.UI.ElementGenerator/<>c__DisplayClass6_0	<HorizontalGroup>b__0	0.95	ilhash	-
method	SFS.UI.ZHVRGWOUSMJCJHIT/HJPHCPGNAMJ	CDNONEPMKHO	SFS.UI.ElementGenerator/<>c__DisplayClass4_0	<VerticalSpace>b__0	0.95	ilhash	-
field	ZMXNRDUMCCQTPREA	BAAODHKCBAH	AndroidRestorePurchaseMenu	requestUtil	0.80	shape	I
field	ZMXNRDUMCCQTPREA	CGDHDAOHFOL	AndroidRestorePurchaseMenu	registeredPurchases	0.80	shape	I
method	SFS.Translations.ZSNQLVQSFDSGIGTX	ADALCGPLLNB	SFS.Translations.TranslationManager	ShowDeserializationReport	0.95	ilhash	S
method	SFS.Translations.ZSNQLVQSFDSGIGTX	IDPCCGMGIJJ	SFS.Translations.TranslationManager	<LoadLanguage>g__DefaultEnglish|21_0	0.95	ilhash	S
field	SFS.Translations.ZSNQLVQSFDSGIGTX	MKPPMFHFDBP	SFS.Translations.TranslationManager	fonts	0.80	shape	I
method	SFS.Translations.ZSNQLVQSFDSGIGTX/CDFGNBMNDCH	LFCHGAKCIMH	SFS.Translations.TranslationManager/<>c__DisplayClass20_0	<LoadAndSetLanguage>b__0	0.95	ilhash	-
method	SFS.Translations.ZSNQLVQSFDSGIGTX/MLLLGLGEHIK	AACHINKGDNK	SFS.Translations.TranslationManager/<>c__DisplayClass21_0	<LoadLanguage>g__Deserialize|1	0.95	ilhash	-
method	SFS.Translations.ZSNQLVQSFDSGIGTX/MLLLGLGEHIK	JIFHGKFOFMD	SFS.Translations.TranslationManager/<>c__DisplayClass21_0	<LoadLanguage>b__2	0.95	ilhash	-
method	SFS.Translations.ZSNQLVQSFDSGIGTX/NJOICKMCGEJ	KPCPJDMNFHI	SFS.Translations.TranslationManager/<>c__DisplayClass13_0	<Start>b__0	0.95	ilhash	-
method	SFS.Builds.ZUSHUKXWDWSMTCFL	OOOKDGCKBLK	SFS.Builds.BuildGrid	<GetSelectedParts>b__7_0	0.95	ilhash	-
method	SFS.Builds.ZUSHUKXWDWSMTCFL	JJDPONFLOAH	SFS.Builds.BuildGrid	DisableIntersecting	0.95	ilhash	-
method	SFS.Builds.ZUSHUKXWDWSMTCFL	GGEGEJBGMKJ	SFS.Builds.BuildGrid	<GetMirrorParts>g__IsMirror|8_0	0.95	ilhash	-
method	SFS.Builds.ZUSHUKXWDWSMTCFL	GBBHCKNMOCP	SFS.Builds.BuildGrid	<Start>g__OnPartsAdded|19_0	0.95	ilhash	-
method	SFS.Builds.ZUSHUKXWDWSMTCFL	HONLLIOIODI	SFS.Builds.BuildGrid	ClampToLimits	0.95	ilhash	-
method	SFS.Builds.ZUSHUKXWDWSMTCFL	JNCBKMHMGPO	SFS.Builds.BuildGrid	EnableNonIntersecting	0.95	ilhash	-
method	SFS.Builds.ZUSHUKXWDWSMTCFL	GIMGMDCMJMA	SFS.Builds.BuildGrid	MoveParts	0.95	ilhash	-
method	SFS.Builds.ZUSHUKXWDWSMTCFL	NKJGNBOHDPA	SFS.Builds.BuildGrid	<Start>b__19_1	0.95	ilhash	-
method	SFS.Builds.ZUSHUKXWDWSMTCFL	OFNIPEGAMKL	SFS.Builds.BuildGrid	<Duplicate>b__4_0	0.95	ilhash	-
method	SFS.Builds.ZUSHUKXWDWSMTCFL/<>c	FIFFJBJMDGM	SFS.Builds.BuildGrid/<>c	<AddParts>b__12_0	0.95	ilhash	-
method	SFS.Builds.ZUSHUKXWDWSMTCFL/<>c	EJAPJHICPGK	SFS.Builds.BuildGrid/<>c	<AddParts>b__12_1	0.95	ilhash	-
method	SFS.Builds.ZUSHUKXWDWSMTCFL/<>c	EJLIMGLNHNK	SFS.Builds.BuildGrid/<>c	<DisableIntersecting>b__14_1	0.95	ilhash	-
field	SFS.Builds.ZUSHUKXWDWSMTCFL/<>c	<>9__13_0	SFS.Builds.BuildGrid/<>c	<>9__12_0	0.30	order	S
field	SFS.Builds.ZUSHUKXWDWSMTCFL/<>c	<>9__13_1	SFS.Builds.BuildGrid/<>c	<>9__12_1	0.30	order	S
field	SFS.Builds.ZUSHUKXWDWSMTCFL/<>c	<>9__15_1	SFS.Builds.BuildGrid/<>c	<>9__14_1	0.80	shape	S
method	SFS.Builds.ZUSHUKXWDWSMTCFL/ENHAPNJKEBL	PGFJAADIODP	SFS.Builds.BuildGrid/<>c__DisplayClass8_0	<GetMirrorParts>b__2	0.95	ilhash	-
method	SFS.Builds.ZUSHUKXWDWSMTCFL/ENHAPNJKEBL	PLKOLCELDGB	SFS.Builds.BuildGrid/<>c__DisplayClass8_0	<GetMirrorParts>b__1	0.95	ilhash	-
method	SFS.Builds.ZUSHUKXWDWSMTCFL/FNICHMOFLOO	AMCOKHMLMCN	SFS.Builds.BuildGrid/<>c__DisplayClass14_0	<DisableIntersecting>b__0	0.95	ilhash	-
method	SFS.Builds.ZUSHUKXWDWSMTCFL/HFPGDGGCFDA	KNPPKCABJFB	SFS.Builds.BuildGrid/<>c__DisplayClass17_0	<TryEnableNonIntersecting>b__0	0.95	ilhash	-
method	SFS.Builds.ZUSHUKXWDWSMTCFL/IENPKCIINJA	CMFECKHEGIG	SFS.Builds.BuildGrid/<>c__DisplayClass12_0	<AddParts>b__2	0.95	ilhash	-
method	SFS.Builds.ZUSHUKXWDWSMTCFL/JFOEADLCFFJ	IOMFPCHOFNM	SFS.Builds.BuildGrid/PartCollider	UpdateColliders	0.95	ilhash	P
field	SFS.Builds.ZUSHUKXWDWSMTCFL/JFOEADLCFFJ	MOFBFCCEEDA	SFS.Builds.BuildGrid/PartCollider	module	0.80	shape	I
field	SFS.Builds.ZUSHUKXWDWSMTCFL/JFOEADLCFFJ	FLJMMONFCMJ	SFS.Builds.BuildGrid/PartCollider	colliders	0.80	shape	I
method	SFS.Builds.ZUSHUKXWDWSMTCFL/LEIPLAMNBIO	NHGJLCDPGLG	SFS.Builds.BuildGrid/<>c__DisplayClass12_1	<AddParts>b__3	0.95	ilhash	-
method	SFS.Builds.ZXVSIJAFHSQSJCVQ	AALBMEDCEML	SFS.Builds.GridSize	OnSizeChange	0.95	ilhash	-
field	SFS.Builds.ZXVSIJAFHSQSJCVQ	HCAHNALHBMM	SFS.Builds.GridSize	sizeForInfinite	0.80	shape	I
