AuthCallback|.ctor|2	object,method
AuthCallback|Invoke|2	authed,user
AuthCallback|BeginInvoke|4	authed,user,callback,object
AuthCallback|EndInvoke|1	result
FbAuth+<>c__DisplayClass6_0|<SignIn>b__0|1	result
FbAuth+<>c__DisplayClass6_0|<SignIn>b__1|1	t
Matrix2x2|Angle|1	angleRadians
Matrix2x2|op_Multiply|2	matrix,b
Matrix2x2|op_Multiply|2	b,matrix
Matrix2x2|op_Multiply|2	matrix,b
Matrix2x2|op_Multiply|2	b,matrix
Matrix2x2|GetX|1	b
Matrix2x2_Double|Angle|1	angleRadians
Matrix2x2_Double|Apply|1	a
Matrix2x2_Double|Apply|1	a
ObservableMonoBehaviour|SFS.Variables.I_ObservableMonoBehaviour.set_OnDestroy|1	value
Units|ToFundsString|1	a
Units|ToDistanceString|2	a,decimals
Units|ToKmString|1	a
Units|ToVelocityString|3	a,decimals,doubleDecimal
Units|ToMassString|3	a,forceDecimal,decimalCount
Units|ToThrustString|1	a
Units|ToBurnTimeString|2	a,forceDecimals
Units|ToTwrString|1	a
Units|ToEfficiencyString|1	a
Units|ToSeparationForceString|2	a,forceDecimals
Units|ToMagnetForceString|2	a,forceDecimals
Units|ToTemperatureString|1	a
Units|ToTimestampString|3	seconds,showSeconds,showInBetweenUnitsThatAreZero
Units|ToPercentString|2	a,forceDecimals
Units|ToPercentString|2	a,forceDecimals
Units|ToLastPlayedString|1	timeSpan
Units|ToTimePlayedString|1	timeSpan
Units|ToKeysString|1	keyCodes
Units|ToKeysString|1	keys
Units|ToString|3	a,decimals,forceDecimals
Units|ToString|3	a,decimals,forceDecimals
Units|Round|2	value,decimals
Units|Round|2	value,decimals
Units+<>c|<ToKeysString>b__19_0|1	kc
Units+<>c|<ToKeysString>b__20_0|1	k
FileLocations|GetSettingsPath|1	name
FileLocations|IncreaseCount|1	name
FileLocations|GetCount|1	name
FileLocations|GetOneTimeNotification|1	name
FileLocations|GetOneTimeNotification_Repeated|4	name,repeatTime,repeatSessions,onParseFailed
FileLocations|HasNotification|1	name
FileLocations|WriteNotification|1	name
FileLocations|Write|1	file
FileLocations|GetNotificationsPath|1	name
ResourcesLoader|GetFiles_Dictionary|1	path
ResourcesLoader|GetFiles_Array|1	path
ResourcesLoader+<>c__10`1|<GetFiles_Dictionary>b__10_0|1	x
ResourcesLoader+<>c__10`1|<GetFiles_Dictionary>b__10_1|1	x
Stars|PositionStars|1	radius
Stars+Star|.ctor|1	star
AutoDetachModule|set_Rocket|1	value
AutoDetachModule|SearchPart|3	partName,startPoint,level
AutoDetachModule|AlreadyVisited|1	part
AutoDetachModule|OnDetach|1	data
AutoDetachModule+<>c__DisplayClass12_0|<AlreadyVisited>b__0|1	e
DeeplinkManager|OnDeepLinkActivated|1	url
SteamManager|SteamAPIDebugTextHook|2	nSeverity,pchDebugText
LLMComment|.ctor|1	comment
LLMCommentShorten|.ctor|1	comment
PopupManager|TryShow|3	type,playtimeHours,markUsed
PopupManager|MarkUsed|2	feature,disablePopup
TimeTracker|Write|2	id,onlyFirst
TimeTracker|GetHasHappen|1	id
TimeTracker|GetTimeSince_First|1	id
TimeTracker|GetTimeSince_Last|1	id
TimeTracker|GetTimeSince|1	path
TimeTracker|GetPathFirst|1	id
TimeTracker|GetPathLast|1	id
TimeTracker|WriteData|2	path,data
TimeTracker|GetData|1	path
TimeTracker|TryGetData|2	path,data
TimeTracker|<Update>g__Increase|12_2|1	a
TimeTracker+<>c|<Update>b__12_0|1	a
TimeTracker+<>c|<Update>b__12_1|1	a
StatsMenu|Open|5	hasControl,draw,skipAnimation,onOpen,onClose
StatsMenu|DrawTitle|1	title
StatsMenu|DrawText|2	priority,text
StatsMenu|DrawStat|3	priority,labelAndValue,valueSize_Optional
StatsMenu|DrawStat|5	priority,labelAndValue,valueSize_Optional,register,unregister
StatsMenu|DrawStat_Separate|6	priority,label,value,valueSize_Optional,register,unregister
StatsMenu|DrawToggle|6	priority,labelText,toggle,getValue,register,unregister
StatsMenu|DrawSlider|8	priority,labelAndValue,valueSize_Optional,getFillPercent,setFillPercent,register,unregister,startUndoStep
StatsMenu|DrawSlider_Separate|9	priority,labelText,valueText,valueSize_Optional,getFillPercent,setFillPercent,register,unregister,startUndoStep
StatsMenu|DrawButton|5	priority,labelText,buttonText,buttonAction,enabled
StatsMenu|DrawButton|7	priority,labelText,buttonText,buttonAction,enabled,register,unregister
StatsMenu|DrawFullButton|4	priority,buttonText,buttonAction,enabled
StatsMenu|DrawFullButton|6	priority,buttonText,buttonAction,enabled,register,unregister
StatsMenu|DrawSpace|2	priority,height
StatsMenu|Draw|6	priority,createAction,updateAction,register,unregister,statElement
StatsMenu|Draw|3	priority,drawAction,statElement
StatsMenu|CreateElement|1	obj
StatsMenu|GetStatPart|2	partIndex,labelAndValue
StatsMenu|CheckControl|1	action
StatsMenu+ElementData|.ctor|4	priority,index,draw,statElement
StatsMenu+<>c|<Open>b__23_0|2	A,B
StatsMenu+<>c__DisplayClass32_0|<DrawSlider_Separate>g__OnDrag|2|1	data
OpenTracker|.ctor|2	close,onClose
ButtonGroup|set_SelectedIndex|1	value
ButtonGroup|ButtonClicked|1	selectedButton
ButtonGroup|SetSelectedIndex|1	index
ButtonGroup|<Start>b__6_0|1	b
ButtonGroup+<>c__DisplayClass7_0|<ButtonClicked>b__0|1	b
SafeArea|ApplySafeArea|2	safeArea,screenSize
ApplicationUtility|CheckInternetAccess|2	onResult,useCached
ApplicationUtility|CleanLog|1	message
ApplicationUtility+<>c__DisplayClass5_0|<RefreshInternetAccess>b__0|1	op
CallbackAwaiter`1|.ctor|2	awaitable,captureContext
CallbackAwaiter`1|Callback|1	result
CallbackAwaiter`1|OnCompleted|1	continuation
CallbackAwaiter`1+<>c__DisplayClass8_0|<OnCompleted>b__1|1	_
CallbackAwaitable`1|Finish|1	result
CallbackAwaitable`1|ConfigureAwait|1	captureContext
CallbackAwaitable`1|ScheduleContinuation|1	action
Component_Utility|GetOrAddComponent|1	a
Component_Utility|GetOrAddComponent|1	obj
Component_Utility|GetOrAddComponents|2	a,count
Component_Utility|GetComponentInParentTree|1	a
Component_Utility|GetComponentInParentTree|1	a
Component_Utility|FindByName|2	component,name
Component_Utility|HasComponent|1	obj
Component_Utility|HasComponent|2	obj,component
Component_Utility|GetRect|1	component
Component_Utility|GetRect|1	transform
Component_Utility|GetPath|1	component
Component_Utility+<>c__DisplayClass5_0`1|<FindByName>b__0|1	c
Transform_Utility|LocalToLocalPoint|3	a,b,point
Transform_Utility|LocalToLocalDirection|3	a,b,direction
Transform_Utility|TransformVectorUnscaled|2	a,force
Transform_Utility|RotationDirection|1	a
ErrorLogger|LogMessage|3	condition,stackTrace,type
ErrorLogger+<LogLoop>d__7|SetStateMachine|1	stateMachine
FastLinq|AnyFast|2	source,predicate
FastLinq|RemoveWhere|2	source,predicate
FastLinq|SumFast|2	source,predicate
FastLinq|SumFast|2	source,predicate
FastLinq|AllFast|2	source,predicate
FastLinq|AllFast|2	source,predicate
FastLinq|CountFast|2	source,predicate
FastLinq|IndexOf|2	source,predicate
FastLinq|FirstFast|3	source,predicate,default
FirebaseUtility|<Start>b__5_0|1	task
FXAA|OnRenderImage|2	source,destination
GLDrawer|Register|1	drawer
GLDrawer|Unregister|1	drawer
GLDrawer|DrawOutline|4	vertices,width,color,sortingOrder
GLDrawer|DrawLine|5	start,end,color,width,sortingOrder
GLDrawer|DrawCircle|5	position,radius,resolution,color,sortingOrder
GLDrawer|DrawCircles|5	positions,radius,resolution,color,sortingOrder
GLDrawer|GetMaterial|1	sortingOrder
LayoutUtility|DisableChildControl|1	group
ListUtility|IsValidIndex|2	a,index
ListUtility|IsValidInsert|2	a,index
ListUtility|RemoveRange|2	a,collection
ListUtility|ForEach|2	list,onItem
ListUtility|GetBest|3	list,getScore,bestScore
ListUtility|GetBest|2	list,isBetter
ListUtility|Collapse|1	lists
ListUtility+<>c__DisplayClass2_0`1|<RemoveRange>b__0|1	x
Math_Utility|GetFitsTime|3	value,a,b
Math_Utility|IsInsideRange|3	value,a,b
Math_Utility|InArea|3	area,position,extra
Math_Utility|Floor_ForNavigation|3	floor,level,a
Math_Utility|Clamp|3	value,min,max
Math_Utility|Clamp01|1	value
Math_Utility|Lerp|3	a,b,t
Math_Utility|InverseLerp|3	a,b,value
Math_Utility|InverseLerpUnclamped|3	a,b,value
Math_Utility|GetRectOverreach|5	A,area,clampNegative,leftDown,rightUp
Math_Utility|Round|2	A,range
Math_Utility|Round_Anchor|3	A,range,anchor
Math_Utility|Round|2	A,range
Math_Utility|Round|2	A,range
Math_Utility|Round|2	A,range
Math_Utility|AngleDegrees|1	a
Math_Utility|AngleRadians|1	a
Math_Utility|GetLineIntersection|5	a1,a2,b1,b2,parallel
Math_Utility|GetClosestPointOnLine|3	p1,p2,point
Math_Utility|GetClosestPointOnLine|3	p1,p2,point
Math_Utility|IsClockwise|3	a,b,c
Math_Utility|ToVector3|2	a,z
Math_Utility|DegreesToRadians|1	degrees
Math_Utility|DegreesToRadians|1	degrees
Math_Utility|NormalizeAngleDegrees|1	angle
Math_Utility|NormalizePositiveAngleDegrees|1	angle
Math_Utility|NormalizePositiveAngleRadians|1	angle
PolygonPartioner|Partion|2	debugObject,points
PolygonPartioner|Area|3	a,b,c
PolygonPartioner|At|2	position,vertices
PolygonPartioner|CanSee|3	i,j,vertices
PolygonPartioner|CollinearSimplify|2	vertices,collinearityTolerance
PolygonPartioner|ConvexPartition|2	debugObject,input
PolygonPartioner|Copy|3	i,j,vertices
PolygonPartioner|FloatEquals|2	value1,value2
PolygonPartioner|FloatInRange|3	value,min,max
PolygonPartioner|Index|2	i,size
PolygonPartioner|IsCollinear|4	a,b,c,tolerance
PolygonPartioner|Left|3	a,b,c
PolygonPartioner|LeftOn|3	a,b,c
PolygonPartioner|LineIntersect|7	point1,point2,point3,point4,firstIsSegment,secondIsSegment,point
PolygonPartioner|LineIntersect|4	p1,p2,q1,q2
PolygonPartioner|Reflex|3	prev,on,next
PolygonPartioner|Right|3	a,b,c
PolygonPartioner|RightOn|3	a,b,c
PolygonPartioner|SquareDist|2	a,b
PolygonPartioner+VertexWorkSet|.ctor|2	dispatcher,input
VertexChain|.ctor|1	capacity
VertexChain|.ctor|1	vertices
VertexChain|NextIndex|1	index
VertexChain|NextVertex|1	index
VertexChain|PreviousIndex|1	index
VertexChain|PreviousVertex|1	index
Pool`1|set_Index|1	value
Pool`1|.ctor|2	createNew,onReset
SerializeUtility|SerializeTo|4	serializer,path,value,type
SerializeUtility|Populate|3	jObject,target,serializer
TextureUtility|GetRemoteTexture|1	url
TextureUtility|SaveToFile|2	tex,file
TextureUtility|GetReadableCopy|1	source
TextureUtility|FromFile|2	file,returnPlaceholderIfNull
TextureUtility+<GetRemoteTexture>d__0|SetStateMachine|1	stateMachine
Text_Static|SetLines|2	text,lines
Text_Static|AddLines|2	text,lines
Text_Static|Clear|1	text
TransformExtensions|GetChildren|1	transform
TransformExtensions|GetChildrenReverse|1	transform
TransformExtensions+<GetChildren>d__0|.ctor|1	<>1__state
TransformExtensions+<GetChildrenReverse>d__1|.ctor|1	<>1__state
BuildVersionText+<LoadVersionText>d__5|.ctor|1	<>1__state
BuildSelectMenu|Toggle|1	show
BuildSelectMenu|<Awake>b__2_0|2	sender,e
BuildSelectMenu|<Awake>b__2_1|1	visible
BuildSelectMenu+<ResetScrollPosition>d__4|.ctor|1	<>1__state
OptionalDelegate`1|set_CallCount|1	value
OptionalDelegate`1|op_Addition|2	a,b
OptionalDelegate`1|op_Addition|2	a,b
OptionalDelegate`1|op_Subtraction|2	a,b
OptionalDelegate`1|op_Subtraction|2	a,b
OptionalDelegate`1|Invoke|1	data
Utility|GetDeltaV|3	isp,fullMass,dryMass
Utility|Rotate_Radians|2	a,b
Utility|Rotate_90|1	a
Utility|DrawGizmosBox|4	min,max,color,border
Utility|DrawArrow_Ray|4	position,size,c,sizeM
Utility|DrawArrow|4	a,b,c,sizeM
Utility|RebuildLayout|1	root
Utility|RebuildLayout|1	root
PartIconCreator|CreatePartIcon_TechTree|4	parts,height,center,maxAspectRatio
PartIconCreator|PositionParts|2	center,createdParts
PartIconCreator|CreatePartIcon_Staging|2	a,texWidth
PartIconCreator|CreatePartIcon_Sharing|3	blueprint,width,height
PartIconCreator|CreatePartIcon_PickGrid|2	part,size
PartIconCreator|Expand|3	rect,x,y
PartIconCreator|RenderAndDestroy|5	createdParts,rect,width,height,back
PartIconCreator|Render|5	createdParts,rect,width,height,back
PartIconCreator|MoveToLayer|1	createdParts
PartIconCreator|CloseLandingLegs|1	createdParts
PartIconCreator+<>c|<CreatePartIcon_TechTree>b__4_0|1	part
TT_Base|SetupParents|2	owner,parents
TT_Base+<>c|<UpdateGrayOut>b__8_0|1	element
CurvedMesh+<>c__DisplayClass4_0|<GetCurveData>b__0|2	_,i
CurvedMesh+<>c__DisplayClass5_0|<SampleCurve>b__0|1	x
AeroMesh|SetShockOpacity|1	shockOpacity
AeroMesh|SetTemperature|1	strength
AeroMesh|GenerateMesh|2	A,exposedSurfaces
AeroMesh|GenerateMesh|3	A,verticeGroups,fadeXGroups
AeroMesh|GetPoints|1	exposedSurfaces
AeroMesh|GetM|4	pointGroups,sampleCurve,curveSlope,data
AeroMesh|SideFade_Insert|3	pointGroups,mGroups,data
AeroMesh|GetVertices|3	curveData,pointGroups,M
AeroMesh|<GetM>g__GetM|13_0|2	x,arg1
AeroMesh+<>c|<GenerateMesh>b__11_1|1	points
AeroMesh+<>c__DisplayClass11_0|<GenerateMesh>g__Get_UV_Y|0|2	none,i
AeroMesh+<>c__DisplayClass11_0|<GenerateMesh>b__2|1	p
AeroMesh+<>c__DisplayClass11_1|<GenerateMesh>b__3|1	p
BurnManager|ApplyBurnMarks|5	topSurfaces,temperature,localToWorld,velocityAngleRad,frameIndex
BurnManager|GetBurn|2	frameIndex,newBurnMark
TemperatureTest+<>c|<Update>b__2_0|1	a
TemperatureTest+<>c|<Update>b__2_2|1	a
TemperatureTest+<>c|<Update>b__2_3|1	a
TemperatureTest+<>c__DisplayClass2_0|<Update>b__1|1	a
TemperatureTest+<>c__DisplayClass2_0|<Update>g__Draw|4|2	a,c
Kepler|GetAngleDiff|3	from,to,direction
Kepler|ToTauRange|1	a
Kepler|GetPeriapsis|2	sma,e
Kepler|GetApoapsis|2	sma,e
Kepler|GetSemiMajorAxis|2	peri,e
Kepler|GetSemiMinorAxis|2	sma,e
Kepler|GetMass|2	g,r
Kepler|GetSemiLatusRectum|2	p,e
Kepler|GetPeriapsisFromSemiLatusRectum|2	l,e
Kepler|GetPeriod|2	sma,mass
Kepler|GetMeanMotion|2	sma,mass
Kepler|GetTrueAnomalyFromEccentricAnomaly|2	E,e
Kepler|GetEccentricAnomalyFromTrueAnomaly|2	v,e
Kepler|GetRadiusAtAngle|2	orbit,angleRadians
Kepler|GetRadiusAtTrueAnomaly|3	l,e,v
Kepler|GetTrueAnomalyAtRadius|3	r,l,e
Kepler|GetTrueAnomalyAtRadius|2	orbit,r
Kepler|GetVelocity|7	sma,r,n,E,e,arg,direction
Kepler|GetVelocityNormal|3	E,e,arg
Kepler|GetMeanAnomaly|2	e,v
Kepler|GetTimeToPeriapsis|4	r,e,l,meanMotion
Kepler|GetTimeToPeriapsis|4	trueAnomaly,e,meanMotion,direction
Kepler|GetEccentricAnomaly|2	M,e
Kepler|GetEccentricAnomalyElliptical|2	M,e
Kepler|GetEccentricAnomalyExtremeEccentricity|2	M,e
Kepler|GetEccentricAnomalyHyperbolic|2	M,e
Kepler|GetSphereOfInfluence|4	sma,mass,parentMass,multiplier
Kepler|GetPosition|3	r,trueAnomaly,arg
Kepler|GetEscapeVelocity|2	planet,radius
Kepler|NormalizeAngle|1	angle
Kepler|PositiveAngle|1	angle
DebugPacker|SetupLogsExport|1	button
DebugPacker|SetupLogsExport_World|2	button,world
DebugPacker|<SetupLogsExport>g__WriteFileEntry|0_1|3	fileName,fileData,arg2
DebugPacker|<SetupLogsExport>g__Write|0_2|2	data,arg1
DebugPacker|<SetupLogsExport_World>g__Write|1_2|2	data,arg1
DebugPacker+<>c__DisplayClass1_0|<SetupLogsExport_World>g__WriteFileEntry|1|3	path,fileData,arg2
GifDecoder|set_TotalNumberOfFrames|1	value
GifDecoder|set_AllFramesDecoded|1	value
GifDecoder|Read|1	inStream
GifDecoder|ReadContents|1	loop
GifDecoder|ReadColorTable|1	ncolors
GifDecoder+GifFrame|.ctor|2	data,delay
MainThread|Execute|1	action
SDAnimatedImage|set_state|1	value
SDAnimatedImage|add_OnImageSizeReady|1	value
SDAnimatedImage|remove_OnImageSizeReady|1	value
SDAnimatedImage|add_OnDecodingError|1	value
SDAnimatedImage|remove_OnDecodingError|1	value
SDAnimatedImage|add_OnLoadingError|1	value
SDAnimatedImage|remove_OnLoadingError|1	value
SDAnimatedImage|SetAnimatedImageWithURL|1	url
SDAnimatedImage|SetAnimatedImageWithURL|2	url,placeholder
SDAnimatedImage|SetAnimatedImageWithURL|3	url,placeholder,options
SDAnimatedImage|SetAnimatedImageWithURL|3	url,placeholder,progressCallback
SDAnimatedImage|SetAnimatedImageWithURL|4	url,placeholder,options,progressCallback
SDAnimatedImage|CacheGifFrame|1	frame
SDAnimatedImage|InternalSetAnimatedImageWithURL|4	url,placeholder,options,progressCallback
SDAnimatedImage|CreateTexture|2	width,height
SDAnimatedImage+OnImageSizeReadyAction|.ctor|2	object,method
SDAnimatedImage+OnImageSizeReadyAction|Invoke|1	size
SDAnimatedImage+OnImageSizeReadyAction|BeginInvoke|3	size,callback,object
SDAnimatedImage+OnImageSizeReadyAction|EndInvoke|1	result
SDAnimatedImage+OnDecodingErrorAction|.ctor|2	object,method
SDAnimatedImage+OnDecodingErrorAction|BeginInvoke|2	callback,object
SDAnimatedImage+OnDecodingErrorAction|EndInvoke|1	result
SDAnimatedImage+OnLoadingErrorAction|.ctor|2	object,method
SDAnimatedImage+OnLoadingErrorAction|Invoke|1	error
SDAnimatedImage+OnLoadingErrorAction|BeginInvoke|3	error,callback,object
SDAnimatedImage+OnLoadingErrorAction|EndInvoke|1	result
SDAnimatedImage+<>c|<GetTargetComponent>b__68_0|1	component
SDAnimatedImage+<>c__DisplayClass67_0|<InternalSetAnimatedImageWithURL>b__0|2	error,imageData
SDImageCache|QueryImageDataFromCacheForURL|3	url,options,callback
SDImageCache|CacheImageDataForURL|3	url,data,options
SDImageCache|RemoveImageDataFromCache|2	url,options
SDImageCache|ImageDataExistsInMemory|1	url
SDImageCache|StoreImageDataInMemory|2	url,data
SDImageCache|LoadImageDataFromMemory|1	url
SDImageCache|RemoveImageDataFromMemory|1	url
SDImageCache|ImageDataExistsInDisk|1	url
SDImageCache|StoreImageDataInDisk|2	url,data
SDImageCache|LoadImageDataFromDisk|1	url
SDImageCache|RemoveImageDataFromDisk|1	url
SDImageCache|PathForFilename|1	filename
SDImageCache|PathForURL|1	url
SDImageCache|FilenameForURL|1	url
SDImageCache|Md5|1	url
SDImageCache|<Awake>b__4_0|1	state
SDImageCache|<OnLowMemory>b__6_0|1	state
SDImageCache+<>c|<DeleteOldFilesOnDisk>b__19_0|1	f
SDImageCache+<>c__DisplayClass7_0|<QueryImageDataFromCacheForURL>b__0|1	state
SDImageCache+<>c__DisplayClass8_0|<CacheImageDataForURL>b__0|1	state
SDImageCache+<>c__DisplayClass8_0|<CacheImageDataForURL>b__1|1	state
SDImageCache+<>c__DisplayClass9_0|<RemoveImageDataFromCache>b__0|1	state
SDImageCache+<>c__DisplayClass9_0|<RemoveImageDataFromCache>b__1|1	state
SDWebImage|add_OnImageSizeReady|1	value
SDWebImage|remove_OnImageSizeReady|1	value
SDWebImage|add_OnLoadingError|1	value
SDWebImage|remove_OnLoadingError|1	value
SDWebImage|SetImageWithURL|1	url
SDWebImage|SetImageWithURL|2	url,placeholder
SDWebImage|SetImageWithURL|3	url,placeholder,options
SDWebImage|SetImageWithURL|2	url,completionCallback
SDWebImage|SetImageWithURL|3	url,placeholder,progressCallback
SDWebImage|SetImageWithURL|3	url,placeholder,completionCallback
SDWebImage|SetImageWithURL|4	url,placeholder,options,progressCallback
SDWebImage|SetImageWithURL|4	url,placeholder,options,completionCallback
SDWebImage|SetImageWithURL|4	url,placeholder,progressCallback,completionCallback
SDWebImage|SetImageWithURL|5	url,placeholder,options,progressCallback,completionCallback
SDWebImage|InternalSetImageWithURL|5	url,placeholder,options,progressCallback,completionCallback
SDWebImage|SetTexture|1	texture
SDWebImage|TextureFromData|1	data
SDWebImage+OnImageSizeReadyAction|.ctor|2	object,method
SDWebImage+OnImageSizeReadyAction|Invoke|1	size
SDWebImage+OnImageSizeReadyAction|BeginInvoke|3	size,callback,object
SDWebImage+OnImageSizeReadyAction|EndInvoke|1	result
SDWebImage+OnLoadingErrorAction|.ctor|2	object,method
SDWebImage+OnLoadingErrorAction|Invoke|1	error
SDWebImage+OnLoadingErrorAction|BeginInvoke|3	error,callback,object
SDWebImage+OnLoadingErrorAction|EndInvoke|1	result
SDWebImage+<>c|<GetTargetComponent>b__36_0|1	component
SDWebImage+<>c__DisplayClass35_0|<InternalSetImageWithURL>b__0|2	error,imageData
SDWebImageDownloader|DownloadImageWithURL|4	url,objectId,progressCallback,completionCallback
SDWebImageDownloader|InternalDownloadImageWithURL|1	url
SDWebImageDownloader|TrackDownloadProgress|1	www
SDWebImageDownloader|IsURLValid|1	url
SDWebImageDownloader|RemoveOldInstanceOperationsFromQueue|1	id
SDWebImageDownloader|AddOperationToQueue|1	operation
SDWebImageDownloader|RemoveOperationFromQueue|1	url
SDWebImageDownloader|GetOperationsWithPredicate|1	predicate
SDWebImageDownloader+<>c|<HandleOperationsQueueUpdate>b__9_0|1	operation
SDWebImageDownloader+<>c|<HandleOperationsQueueUpdate>b__9_1|1	operation
SDWebImageDownloader+<>c|<HandleOperationsQueueUpdate>b__9_2|1	operation
SDWebImageDownloader+<>c__DisplayClass2_0|<DownloadImageWithURL>b__0|1	operation
SDWebImageDownloader+<>c__DisplayClass3_0|<InternalDownloadImageWithURL>b__0|2	error,data
SDWebImageDownloader+<>c__DisplayClass6_0|<RemoveOldInstanceOperationsFromQueue>b__0|1	operation
SDWebImageDownloader+<InternalDownloadImageWithURL>d__3|.ctor|1	<>1__state
SDWebImageDownloader+<TrackDownloadProgress>d__4|.ctor|1	<>1__state
SDWebImageDownloaderError|.ctor|2	type,description
SDWebImageDownloaderOperation|.ctor|5	url,id,downloadOperation,progressCallback,completionCallback
SDWebImageDownloaderOperation|AddCallBacks|3	id,progressCallback,completionCallback
SDWebImageDownloaderOperation|RemoveCallbacks|1	id
SDWebImageDownloaderOperation|CallProgressCallbacks|1	progress
SDWebImageDownloaderOperation|CallCompletionCallbacks|2	error,data
SDWebImageDownloaderOperation|IsIdIncluded|1	id
SDWebImageManager|LoadImageWithURL|5	url,objectId,options,progressCallback,completionCallback
SDWebImageManager+<>c__DisplayClass2_0|<LoadImageWithURL>b__0|1	cachedData
SDWebImageManager+<>c__DisplayClass2_0|<LoadImageWithURL>b__1|2	error,downloadedData
_Game.Drawers.FuelTransferDrawer+<>c|<Start>b__6_1|1	A
_Game.Drawers.FuelTransferDrawer+<>c|<Start>b__6_3|1	A
Assets.Scripts.Utility.DictionaryUtils|At|2	dictionary,key
UI.ScrollToButtonAttach|<Start>b__3_0|1	delta
TranslucentImage.TranslucentImage|ModifyMesh|1	vh
TranslucentImage.TranslucentImage|ModifyMesh|1	mesh
TranslucentImage.TranslucentImageSource|set_BlurredScreen|1	value
TranslucentImage.TranslucentImageSource|set_Strength|1	value
TranslucentImage.TranslucentImageSource|set_Size|1	value
TranslucentImage.TranslucentImageSource|set_Iteration|1	value
TranslucentImage.TranslucentImageSource|set_Downsample|1	value
TranslucentImage.TranslucentImageSource|set_BlurRegion|1	value
TranslucentImage.TranslucentImageSource|set_MaxDepth|1	value
TranslucentImage.TranslucentImageSource|ProgressiveResampling|2	level,target
TranslucentImage.TranslucentImageSource|ProgressiveBlur|1	sourceRt
TranslucentImage.TranslucentImageSource|OnRenderImage|2	source,destination
Parts.Transform.CraftFlipModule|set_Rocket|1	value
InterplanetaryModule.BalloonModule|set_Location|1	value
InterplanetaryModule.BalloonModule|set_Rb2d|1	value
InterplanetaryModule.BalloonModule|SFS.Parts.Modules.I_PartMenu.Draw|2	drawer,settings
InterplanetaryModule.BalloonModule|DeployBalloon|1	data
InterplanetaryModule.FlapModule|SFS.World.Rocket.INJ_Location.set_Location|1	value
InterplanetaryModule.FlapModule|SFS.World.Rocket.INJ_TurnAxisTorque.set_TurnAxis|1	value
InterplanetaryModule.SurfaceShadingModule|SFS.World.Rocket.INJ_Location.set_Location|1	value
UV.StartEnd_UV|.ctor|6	height,vertical_UV,texture_UV,texture,data,fixedWidthValue
UV.StartEnd_UV|Cut|1	cut
UV.Color_Channel|.ctor|1	elements
UV.StartEnd_Color|.ctor|2	color_Edge,height
UV.StartEnd_Color|Cut|1	cut
ModLoader.AssetPackMod+<>c|<Load>b__7_1|1	x
ModLoader.AssetPackMod+<Load>d__7|SetStateMachine|1	stateMachine
ModLoader.Mod|set_ModFolder|1	value
ModLoader.ModKeybindings|SetupKeybindings|1	mod
ModLoader.ModKeybindings|CreateUI_Keybinding|3	key,defaultKey,displayName
ModLoader.ModKeybindings|CreateUI_Keybinding|3	keys,defaultKeys,displayName
ModLoader.ModKeybindings|CreateUI_Text|1	text
ModLoader.ModKeybindings|AddOnKeyDown_Build|2	key,onKeyDown
ModLoader.ModKeybindings|AddOnKeyDown_World|2	key,onKeyDown
ModLoader.ModKeybindings|AddOnKeyDown|2	key,onKeyDown
ModLoader.ModKeybindings|Load|1	mod
ModLoader.ModKeybindings|GetPath|1	mod
ModLoader.Loader|LoadMod|1	mod
ModLoader.Loader|VerifyVersion|2	targetVersion,currentVersion
ModLoader.Loader|LoadDependencies|1	mod
ModLoader.Loader+<>c|<LoadModList>b__8_0|1	t
ModLoader.Loader+<>c__DisplayClass12_0|<LoadDependencies>b__0|1	x
ModLoader.Loader+<>c__DisplayClass12_0|<LoadDependencies>b__1|1	x
ModLoader.Loader+<>c__DisplayClass8_0|<LoadModList>b__1|1	m
ModLoader.Loader+<>c__DisplayClass9_0|<LoadMod>b__0|1	x
ModLoader.UI.ModsListElement|DrawUI|1	data
ModLoader.UI.ModsMenu|AddMod|1	data
ModLoader.UI.ModsMenu|RemoveMod|1	data
ModLoader.UI.ModsMenu|<Awake>g__Reset|5_1|1	element
ModLoader.UI.ModsMenu+<>c|<CloseWindow>b__13_0|1	e
ModLoader.IO.Console|HandleLog|3	message,stackTrace,type
ModLoader.IO.Console|WriteText|1	input
ModLoader.IO.Console|<ReadConsoleInput>b__19_0|1	command
ModLoader.IO.Console+<>c|<Awake>b__3_0|1	s
ModLoader.IO.Console+<>c|<Awake>b__3_1|1	s
ModLoader.IO.Console+<>c|<Awake>b__3_2|1	f
SFS.SceneLoader|LoadHomeScene|1	openShop
SFS.SceneLoader|LoadBuildScene|1	askBuildNew
SFS.SceneLoader|LoadWorldScene|1	launch
SFS.SceneLoader|LoadScene|2	sceneName,sceneSettings
SFS.SceneLoader|LoadSceneAsync|1	sceneName
SFS.SceneLoader+<>c|<OnEnable>b__20_0|2	scene,_
SFS.SceneLoader+<LoadSceneAsync>d__28|.ctor|1	<>1__state
SFS.SceneLoader+<ShowSplashScreenIE>d__22|.ctor|1	<>1__state
SFS.PostProcessing|SetAmbient|2	ambient,maxStarIntensity
SFS.PostProcessing|OnRenderImage|2	source,destination
SFS.RenderSortingModule|SetDepth|2	gameObject,depth
SFS.RenderSortingModule|SetRenderQueue|2	gameObject,renderQueue
SFS.VideoSettings|UpdateUI|1	instantAnimation
SFS.VideoSettings|OnMenuScaleChange|1	value
SFS.VideoSettings|OnMenuOpacityChange|1	value
SFS.VideoSettings|OnConicSectionsCountChange|1	value
SFS.VideoSettingsPC|UIScaleChanged|1	newValue
SFS.VideoSettingsPC|UIOpacityChanged|1	newValue
SFS.VideoSettingsPC|OnConicSectionsCountChange|1	newValue
SFS.VideoSettingsPC|FpsDropdownChanged|1	index
SFS.VideoSettingsPC|ShakesDropdownChanged|1	index
SFS.VideoSettingsPC|VerticalSyncDropdownChanged|1	index
SFS.VideoSettingsPC|VideoResolutionDropdownChanged|1	index
SFS.VideoSettingsPC|WindowModeDropdownChanged|1	index
SFS.VideoSettingsPC|AntiAliasingDropdownChanged|1	index
SFS.VideoSettingsPC|<Apply>b__21_0|1	p
SFS.VideoSettingsPC|<UpdateUI>b__22_0|1	p
SFS.VideoSettingsPC+<>c__DisplayClass23_0|<Init>b__0|1	p
SFS.TranslationUtility|State_ToOnOff|1	a
SFS.MsgCollector|SFS.I_MsgLogger.Log|1	msg
SFS.MsgNone|SFS.I_MsgLogger.Log|1	msg
SFS.I_MsgLogger|Log|1	msg
SFS.Polygon|.ctor|2	debugObject,vertices
SFS.Polygon|Intersect|3	A,B,overlapThreshold
SFS.Polygon|Intersect|4	position,ray,B,overlapThreshold
SFS.Polygon|GetDistanceToPolygons|2	point,polygons
SFS.Polygon|GetVerticesWorld|1	transform
SFS.Polygon|GetConvexPolygonsWorld|1	transform
SFS.ConvexPolygon|.ctor|1	points
SFS.ConvexPolygon|Intersect|3	A,B,overlapThreshold
SFS.ConvexPolygon|Intersect|4	edge,A,B,overlapThreshold
SFS.ConvexPolygon|ProjectPolygon|3	axis,min,max
SFS.ConvexPolygon|Intersects|3	point_A,point_B,overlapThreshold
SFS.ConvexPolygon|Intersects|4	edge,point_A,point_B,overlapThreshold
SFS.ConvexPolygon|ProjectSurface|5	point_A,point_B,axis,min,max
SFS.ConvexPolygon|GetDistanceToPolygon|1	point
SFS.ConvexPolygon|IntervalDistance|4	minA,maxA,minB,maxB
SFS.UV_Utility|UV|2	point,bounds
SFS.UV_Utility|Get_UV_InQuad|5	point,p1,p4,p3,p2
SFS.UV_Utility|UV|10	x1,y1,x2,y2,x3,y3,x4,y4,x,y
SFS.UV_Utility|GetQuadM|4	topLeft,topRight,bottomRight,bottomLeft
SFS.Selector|ToggleSelected|1	A
SFS.Selector|Select|1	parts
SFS.Selector|Deselect|1	parts
SFS.ShootingStar|UpdatePath|2	origin,destination
SFS.Navigation.Intersection|GetHeightDifferenceAtAngle|3	A,B,angle
SFS.Navigation.Intersection|GetMinHeightDiff|2	A,B
SFS.Navigation.Intersection|Intersects|3	A,B,difference
SFS.Navigation.Intersection|Intersects|2	A,B
SFS.Navigation.Intersection|GetIntersectionAngles|4	A,B,angle_A,angle_B
SFS.Navigation.Intersection|GetIntersectionAngle|2	A,B
SFS.Navigation.Intersection|GetNormal|3	a,b,c
SFS.Navigation.Iterator_Velocity|Calculate|4	sample,feedback,valid,debug
SFS.Navigation.Iterator_Velocity|Calculate_Flyby|4	sample,feedback,valid,debug
SFS.Navigation.Iterator_Velocity|Calculate_Escape|4	sample,feedback,valid,debug
SFS.Navigation.Iterator_Velocity+GetSample|.ctor|2	object,method
SFS.Navigation.Iterator_Velocity+GetSample|Invoke|1	t
SFS.Navigation.Iterator_Velocity+GetSample|BeginInvoke|3	t,callback,object
SFS.Navigation.Iterator_Velocity+GetSample|EndInvoke|1	result
SFS.Navigation.Iterator_Orbit|.ctor|3	orbit,time,velocityAngle
SFS.Navigation.Iterator_Orbit|Calculate|3	feedback,valid,debug
SFS.Navigation.Iterator_Orbit|GetOrbit|1	exitPositionAngle
SFS.Navigation.Iterator_Orbit|GetAfterEscapeOrbit|3	A,positionAngle,output
SFS.Navigation.Iterator_Orbit|ApplyEscapeTime|3	time,startAngle,orbit
SFS.Navigation.Iterator|.ctor|1	iterationMax
SFS.Navigation.Iterator+Feedback`1|.ctor|2	object,method
SFS.Navigation.Iterator+Feedback`1|Invoke|1	orbit
SFS.Navigation.Iterator+Feedback`1|BeginInvoke|3	orbit,callback,object
SFS.Navigation.Iterator+Feedback`1|EndInvoke|1	result
SFS.Navigation.Iterator+Valid`1|.ctor|2	object,method
SFS.Navigation.Iterator+Valid`1|Invoke|1	orbit
SFS.Navigation.Iterator+Valid`1|BeginInvoke|3	orbit,callback,object
SFS.Navigation.Iterator+Valid`1|EndInvoke|1	result
SFS.Navigation.Basic|Direct_Current|6	location,fromOrbit,targetOrbit,encounterText,tolerance,maneuvers
SFS.Navigation.Basic|GetHohmanTransfer|5	location,fromOrbit,targetOrbit,tolerance,crossing
SFS.Navigation.Basic|GetHohmanTransfer|3	location,targetOrbit,tolerance
SFS.Navigation.Basic|GetPredictedHohman|6	location,fromOrbit,targetOrbit,tolerance,predicted,departureLocation
SFS.Navigation.Basic|GetArrivalDiff|3	location,hohman,targetOrbit
SFS.Navigation.Basic+<>c__DisplayClass0_0|<Direct_Current>b__0|1	t
SFS.Navigation.Basic+<>c__DisplayClass0_1|<Direct_Current>b__1|1	orbit
SFS.Navigation.Basic+<>c__DisplayClass0_1|<Direct_Current>b__2|1	orbit
SFS.Navigation.Basic+<>c__DisplayClass0_2|<Direct_Current>b__3|1	c
SFS.Navigation.Basic+<>c__DisplayClass2_0|<GetHohmanTransfer>b__0|1	t
SFS.Navigation.Basic+<>c__DisplayClass2_0|<GetHohmanTransfer>b__1|1	orbit
SFS.Navigation.Basic+<>c__DisplayClass2_0|<GetHohmanTransfer>b__2|1	orbit
SFS.Navigation.Escape|Escape_Direct_Current|6	location,targetOrbit,encounterText,drawEscapeText,tolerance,maneuvers
SFS.Navigation.Escape|Escape_Direct_Future|8	fromOrbit,time,targetOrbit,encounterText,drawEscapeText,ejectionAngleOffset,tolerance,maneuvers
SFS.Navigation.Escape|Escape_Hohman_Current|4	location,targetOrbit,tolerance,debug
SFS.Navigation.Escape|Escape_Hohman_Future|6	fromOrbit,time,targetOrbit,ejectionAngleOffset,tolerance,debug
SFS.Navigation.Escape|Intersecting|2	targetOrbit,tolerance
SFS.Navigation.Escape|Valid|2	targetOrbit,tolerance
SFS.Navigation.Escape+<>c__DisplayClass0_0|<Escape_Direct_Current>b__0|1	t
SFS.Navigation.Escape+<>c__DisplayClass0_1|<Escape_Direct_Current>b__1|1	orbits
SFS.Navigation.Escape+<>c__DisplayClass0_1|<Escape_Direct_Current>b__2|1	orbits
SFS.Navigation.Escape+<>c__DisplayClass0_2|<Escape_Direct_Current>b__3|1	c
SFS.Navigation.Escape+<>c__DisplayClass0_2|<Escape_Direct_Current>b__4|1	c
SFS.Navigation.Escape+<>c__DisplayClass1_0|<Escape_Direct_Future>b__0|1	orbits
SFS.Navigation.Escape+<>c__DisplayClass1_0|<Escape_Direct_Future>b__1|1	orbits
SFS.Navigation.Escape+<>c__DisplayClass1_1|<Escape_Direct_Future>b__2|1	c
SFS.Navigation.Escape+<>c__DisplayClass1_1|<Escape_Direct_Future>b__3|1	c
SFS.Navigation.Escape+<>c__DisplayClass2_0|<Escape_Hohman_Current>b__0|1	t
SFS.Navigation.Escape+<>c__DisplayClass4_0|<Intersecting>b__0|1	orbits
SFS.Navigation.Escape+<>c__DisplayClass5_0|<Valid>b__0|1	orbits
SFS.Navigation.Utility+FlybyTime|.ctor|5	A,B,startTime_A,startTime_B,firstPass
SFS.Stats.LogManager|ClearBranches|1	startBranches
SFS.Stats.LogManager|CreateRoot|1	newBranch
SFS.Stats.LogManager|SplitBranch|3	branch,newBranch_A,newBranch_B
SFS.Stats.LogManager|MergeBranch|3	branch_A,branch_B,newBranch
SFS.Stats.LogManager|CreateBranch|3	parent_A,parent_B,newBranch
SFS.Stats.LogManager|<ClearBranches>g__CollectParentBranches|6_0|2	branch,arg1
SFS.Stats.StatsRecorder|Load|1	branch
SFS.Stats.StatsRecorder|OnSplit|2	A,B
SFS.Stats.StatsRecorder|OnMerge|2	A,B
SFS.Stats.StatsRecorder|OnPlanetChange|2	oldPlanet,newPlanet
SFS.Stats.StatsRecorder|Initialize|10	branch,landed,height,orbit,orbit_Old,atmosphere,reentry,lastCrashEvent,progress,complete
SFS.Stats.StatsRecorder|OnLeaveCapsule|1	astronautName
SFS.Stats.StatsRecorder|OnPlantFlag|1	angleDegrees
SFS.Stats.StatsRecorder|OnCollectRock|1	angleDegrees
SFS.Stats.StatsRecorder|OnCrash|1	impactVelocity
SFS.Stats.StatsRecorder|RecordEvent|1	data
SFS.Stats.StatsRecorder|ShowMsg_Small|3	id,reward,msg
SFS.Stats.StatsRecorder|ShowMsg_Big|3	id,reward,msg
SFS.Stats.StatsRecorder|Log_Landed|2	landed,angle
SFS.Stats.StatsRecorder|Log_Height|1	height
SFS.Stats.StatsRecorder|Log_Orbit|1	state
SFS.Stats.StatsRecorder|Log_Atmosphere|1	state_Atmosphere
SFS.Stats.StatsRecorder|Log_Reentry|1	maxTemp
SFS.Stats.StatsRecorder|Log_Planet|3	planet,angle,velocity
SFS.Stats.StatsRecorder|Log_LeftCapsule|1	astronautName
SFS.Stats.StatsRecorder|Log_Flag|1	angle
SFS.Stats.StatsRecorder|Log_CollectRock|1	angle
SFS.Stats.StatsRecorder|Log_Crash|2	count,lastCrashTime
SFS.Stats.StatsRecorder|<Load>g__GetLastEvent|7_0|3	eventType,skipOne,arg2
SFS.Stats.StatsRecorder|<Load>g__SearchBranch|7_2|3	b,arg1,arg2
SFS.Stats.StatsRecorder|<Load>g__SearchBranch|7_1|2	b,arg1
SFS.Stats.StatsRecorder+Tracker|.ctor|8	state_Landed,state_Height,state_Orbit,state_Orbit_Old,state_Atmosphere,lastReentryEvent,lastCrashEvent,owner
SFS.Stats.StatsRecorder+Tracker|Record_Landed|1	location
SFS.Stats.StatsRecorder+Tracker|Record_Height|1	location
SFS.Stats.StatsRecorder+Tracker|Record_Orbit|1	location
SFS.Stats.StatsRecorder+Tracker|GetState|2	location,landed
SFS.Stats.StatsRecorder+Tracker|Record_Atmosphere|1	location
SFS.Stats.StatsRecorder+Tracker|GetState|1	location
SFS.Stats.StatsRecorder+Tracker|Record_Reentry|2	location,player
SFS.Stats.ChallengeRecorder|.ctor|3	progress,complete,owner
SFS.Stats.ChallengeRecorder|IsEligible|2	a,index
SFS.Stats.ChallengeRecorder|TryCompleteSteps|1	location
SFS.Stats.ChallengeRecorder|OnCrash|1	impactVelocity
SFS.Stats.ChallengeRecorder|CompleteStep|6	challenge,index,progressData,progressData_New,after,shownCompleteMsg
SFS.Stats.ChallengeRecorder|Merge|1	b
SFS.Stats.ChallengeRecorder|Split|2	progress,complete
SFS.Stats.ChallengeRecorder+<>c|<Split>b__11_0|1	a
SFS.Stats.ChallengeRecorder+<>c|<Split>b__11_1|1	a
SFS.Logs.Challenge+<>c__DisplayClass10_0|<CollectChallenges>g__Add|0|9	priority,id,planet,icon,title,description,difficulty,returnSafely,steps
SFS.Logs.ChallengeStep|IsEligible|1	currentPlanet
SFS.Logs.ChallengeStep|IsCompleted|3	location,recorder,progressData
SFS.Logs.ChallengeStep|OnConflict|2	a,b
SFS.Logs.Step_Height|IsCompleted|3	location,recorder,_
SFS.Logs.Step_Downrange|IsCompleted|3	location,recorder,_
SFS.Logs.Step_Orbit|IsCompleted|3	location,recorder,_
SFS.Logs.Step_Land|IsCompleted|3	location,recorder,_
SFS.Logs.Step_Impact|IsCompleted|3	location,recorder,_
SFS.Logs.Step_Any_Landmarks|IsCompleted|3	location,recorder,progressData
SFS.Logs.Step_Any_Landmarks|OnConflict|2	a,b
SFS.Logs.MultiStep|IsCompleted|3	location,recorder,progressData
SFS.Logs.MultiStep|OnConflict|2	a,b
SFS.Career.CareerState|set_state|1	value
SFS.Career.CareerState|add_OnFundsChange|1	value
SFS.Career.CareerState|remove_OnFundsChange|1	value
SFS.Career.CareerState|add_OnStateLoaded|1	value
SFS.Career.CareerState|remove_OnStateLoaded|1	value
SFS.Career.CareerState|SetState|1	state
SFS.Career.CareerState|HasPart|1	a
SFS.Career.CareerState|HasPart|1	part
SFS.Career.CareerState|HasUpgrade|1	name_ID
SFS.Career.CareerState|HasFeature|1	a
SFS.Career.CareerState|UnlockPart|1	part
SFS.Career.CareerState|UnlockUpgrade|1	upgrade_CodeName
SFS.Career.CareerState|AddToList|2	unlockedList,codeName
SFS.Career.CareerState|TryBuy|2	cost,onBuy
SFS.Career.CareerState|CanBuy|1	cost
SFS.Career.CareerState|RewardFunds|1	a
SFS.Career.CareerState|TakeFunds|1	a
SFS.Career.CareerState+<>c|<HasPart>b__15_0|1	allow
SFS.Career.CareerState+<>c__DisplayClass15_0|<HasPart>b__1|1	variantRef
SFS.Career.CareerState+<>c__DisplayClass15_0|<HasPart>b__2|1	a
SFS.Career.CareerState+<>c__DisplayClass15_0|<HasPart>b__3|1	variantRef
SFS.Career.TreeComponent|ToggleSelect|2	selectedNew,delay
SFS.Career.TreeComponent|SelectAnimation|1	delay
SFS.Career.TreeComponent|DeselectAnimation|1	delay
SFS.Career.TreeComponent|<Start>b__5_0|1	data
SFS.Career.TreeComponent|<Start>b__5_1|1	data
SFS.Career.TreeComponent+<DeselectAnimation>d__13|.ctor|1	<>1__state
SFS.Career.TreeComponent+<SelectAnimation>d__12|.ctor|1	<>1__state
SFS.Career.TT_Builder+TT_Element|.ctor|3	name_ID,parent_Name_ID,anchor
SFS.Career.TT_Builder+TT_Element|GetAnchor|2	defaultHeight,defaultWidth
SFS.Career.TT_Builder+TT_Element|OffsetAnchor|1	offset
SFS.Career.TT_Builder+TT_Element|GetPivot|1	from
SFS.Career.TT_Builder+<>c|<Reload>b__5_0|1	asset
SFS.Career.TT_Builder+<>c|<Reload>b__5_2|1	element
SFS.Career.TT_Builder+<>c|<SetupRuntimeDictionary>b__6_0|1	e
SFS.Career.TT_Builder+<>c|<SetupRuntimeDictionary>b__6_1|1	e
SFS.Career.TT_Builder+<>c|<SetupRuntimeDictionary>b__6_2|1	a
SFS.Career.TT_Builder+<>c|<SetupRuntimeDictionary>b__6_3|1	pair
SFS.Career.TT_Builder+<>c|<SetupRuntimeDictionary>b__6_4|1	pair
SFS.Career.TT_Builder+<>c|<GetAssets>b__7_0|1	v
SFS.Career.TT_Builder+<>c__DisplayClass5_0|<Reload>b__1|1	element
SFS.Career.TT_Builder+<>c__DisplayClass5_1|<Reload>b__3|1	element
SFS.Career.TT_Creator|CreateTrees|1	trees
SFS.Career.TT_Creator|GetProgress|1	tree
SFS.Career.TT_Creator|GetPositionAtPivot|3	element,pivot,applyLastAnchor
SFS.Career.TT_Creator|GetPosition|2	element,applyLastAnchor
SFS.Career.TT_Creator|GetElementRect|1	element
SFS.Career.TT_Creator|<CreateTrees>g__CollectChildren|9_0|2	a,arg1
SFS.Career.TT_Creator|<GetProgress>g__CollectChildren|10_0|2	a,arg1
SFS.Career.TT_Creator+<>c__DisplayClass9_0|<CreateTrees>g__Create|1|4	prefab,name,arg2,arg3
SFS.Career.TT_Creator+<>c__DisplayClass9_3|<CreateTrees>g__Create|2|3	i,size,arg2
SFS.Career.TechTreeData_Static|IsUnlocked|1	a
SFS.Career.TT_Info|Initialize|1	data
SFS.Career.TT_Parts|Initialize|5	parts,centerParts,displayName,cost,data
SFS.Career.TT_Parts+<>c__DisplayClass7_0|<Initialize>b__1|1	d
SFS.Career.TT_Parts+<>c__DisplayClass7_1|<Initialize>b__3|1	d
SFS.Career.TT_Upgrade|Initialize|1	data
SFS.Career.AstronautState|CreateAstronaut|1	astronautName
SFS.Career.AstronautState|FireAstronaut|1	astronautName
SFS.Career.AstronautState|AddCrew|1	astronautName
SFS.Career.AstronautState|RemoveCrew|1	astronautName
SFS.Career.AstronautState|HasAstronaut|1	name
SFS.Career.AstronautState|GetAstronautByName|1	astronautName
SFS.Career.AstronautState|GetAstronautStateText|2	state,forSelect
SFS.Career.AstronautState|GetAstronautState|1	astronautName
SFS.Career.AstronautState+<>c|<GetAstronautSave_Game>b__13_0|1	a
SFS.Career.AstronautState+<>c|<GetAstronautSave_Game>b__13_1|1	a
SFS.Career.AstronautState+<>c|<GetAstronautSave_Game>b__13_2|1	f
SFS.Career.AstronautState+<>c__DisplayClass10_0|<RemoveCrew>b__0|1	a
SFS.Career.AstronautState+<>c__DisplayClass12_0|<GetAstronautByName>b__0|1	a
SFS.Career.AstronautState+<>c__DisplayClass15_0|<GetAstronautState>b__0|1	crew
SFS.Career.AstronautState+<>c__DisplayClass15_0|<GetAstronautState>b__1|1	crew
SFS.Career.AstronautState+<>c__DisplayClass15_0|<GetAstronautState>b__2|1	a
SFS.Career.AstronautState+<>c__DisplayClass15_0|<GetAstronautState>b__3|1	a
SFS.Career.AstronautState+<>c__DisplayClass15_0|<GetAstronautState>b__4|1	a
SFS.Career.AstronautState+<>c__DisplayClass8_0|<FireAstronaut>b__0|1	a
SFS.Career.HubManager|<DrawChallenges>g__Add|26_1|2	a,arg1
SFS.Career.HubManager+<>c|<DrawChallenges>b__26_0|1	a
SFS.Career.HubManager+<>c|<OpenMenu>b__27_3|1	b
SFS.Career.HubManager+<>c__DisplayClass26_1|<DrawChallenges>b__2|1	p
SFS.Tween.TweenManager|TweenKill|1	obj
SFS.Tween.TweenManager|TweenFade|4	graphic,target,duration,setValueToTargetOnKill
SFS.Tween.TweenManager|TweenFadeAsync|5	graphic,target,duration,token,setValueToTargetOnKill
SFS.Tween.TweenManager|TweenColor|4	graphic,target,duration,setValueToTargetOnKill
SFS.Tween.TweenManager|TweenColorAsync|5	graphic,target,duration,token,setValueToTargetOnKill
SFS.Tween.TweenManager|TweenLocalRotate|4	transform,target,duration,setValueToTargetOnKill
SFS.Tween.TweenManager|TweenLocalRotateAsync|5	transform,target,duration,token,setValueToTargetOnKill
SFS.Tween.TweenManager|TweenRotate|4	transform,target,duration,setValueToTargetOnKill
SFS.Tween.TweenManager|TweenRotateAsync|5	transform,target,duration,token,setValueToTargetOnKill
SFS.Tween.TweenManager|TweenFloat|4	from,to,duration,onValueUpdated
SFS.Tween.TweenManager|TweenFloatAsync|4	from,to,duration,onValueUpdated
SFS.Tween.TweenManager|DelayCall|2	delay,call
SFS.Tween.TweenManager|DelayCallAsync|2	duration,call
SFS.Tween.TweenManager|GetColorWithOpacity|2	color,opacity
SFS.Tween.TweenManager+<DelayCallAsync>d__13|SetStateMachine|1	stateMachine
SFS.Tween.TweenManager+<TweenColorAsync>d__5|SetStateMachine|1	stateMachine
SFS.Tween.TweenManager+<TweenFadeAsync>d__3|SetStateMachine|1	stateMachine
SFS.Tween.TweenManager+<TweenFloatAsync>d__11|SetStateMachine|1	stateMachine
SFS.Tween.TweenManager+<TweenLocalRotateAsync>d__7|SetStateMachine|1	stateMachine
SFS.Tween.TweenManager+<TweenRotateAsync>d__9|SetStateMachine|1	stateMachine
SFS.Builds.AreaSelect|set_Selecting|1	value
SFS.Builds.AreaSelect|StartSelect|1	position
SFS.Builds.AreaSelect|Drag|1	offset
SFS.Builds.AreaSelect+<>c|<EndSelect>b__15_1|1	poly
SFS.Builds.AreaSelect+<>c__DisplayClass15_0|<EndSelect>g__Select|0|1	parts
SFS.Builds.AreaSelect+<>c__DisplayClass15_0|<EndSelect>b__2|1	poly
SFS.Builds.BuildCamera|set_CameraPosition|1	value
SFS.Builds.BuildCamera|set_CameraDistance|1	value
SFS.Builds.BuildGrid|ApplyOrientationChange_BuildGrid|2	change,round
SFS.Builds.BuildGrid|ApplyOrientationChange_BuildGrid|3	change,pivot,parts
SFS.Builds.BuildGrid|GetMirrorParts|1	parts
SFS.Builds.BuildGrid|RaycastParts|2	worldPoint,hit
SFS.Builds.BuildGrid|MoveParts|4	active,enableNonIntersecting,applyUndo,parts
SFS.Builds.BuildGrid|AddParts|4	active,clamp,applyUndo,parts
SFS.Builds.BuildGrid|RemoveParts|3	enableNonIntersecting,applyUndo,parts
SFS.Builds.BuildGrid|DisableIntersecting|3	checkAddedPartsForCollisions,applyUndo,addedParts
SFS.Builds.BuildGrid|EnableNonIntersecting|2	removedParts,applyUndo
SFS.Builds.BuildGrid|CollectIntersecting|1	removedParts
SFS.Builds.BuildGrid|TryEnableNonIntersecting|2	intersecting,applyUndo
SFS.Builds.BuildGrid|ClampToLimits|1	parts
SFS.Builds.BuildGrid|<Duplicate>b__4_0|1	x
SFS.Builds.BuildGrid|<GetSelectedParts>b__7_0|1	x
SFS.Builds.BuildGrid|<GetMirrorParts>g__IsMirror|8_0|2	A,B
SFS.Builds.BuildGrid|<Start>g__OnPartsAdded|19_0|1	parts
SFS.Builds.BuildGrid|<Start>b__19_1|1	parts
SFS.Builds.BuildGrid+<>c|<AddParts>b__12_0|1	a
SFS.Builds.BuildGrid+<>c|<AddParts>b__12_1|1	a
SFS.Builds.BuildGrid+<>c|<DisableIntersecting>b__14_1|1	c
SFS.Builds.BuildGrid+<>c__DisplayClass12_0|<AddParts>b__2|2	_,i
SFS.Builds.BuildGrid+<>c__DisplayClass12_1|<AddParts>b__3|2	_,i
SFS.Builds.BuildGrid+<>c__DisplayClass14_0|<DisableIntersecting>b__0|1	c
SFS.Builds.BuildGrid+<>c__DisplayClass17_0|<TryEnableNonIntersecting>b__0|1	a
SFS.Builds.BuildGrid+<>c__DisplayClass8_0|<GetMirrorParts>b__1|1	mirrorPart
SFS.Builds.BuildGrid+<>c__DisplayClass8_0|<GetMirrorParts>b__2|1	mirrorPart
SFS.Builds.BuildManager|OnInputStart|1	data
SFS.Builds.BuildManager|OnInputMove|1	data
SFS.Builds.BuildManager|OnInputEnd|1	data
SFS.Builds.BuildManager|OnTouchLongClick|1	data
SFS.Builds.BuildManager|On_LeftOrTouch_Start|1	data
SFS.Builds.BuildManager|On_LeftOrTouch_Move|1	data
SFS.Builds.BuildManager|On_LeftOrTouch_End|1	data
SFS.Builds.BuildManager|On_RightOrLong_Click|2	position,longClick
SFS.Builds.BuildManager|OnDrag|1	data
SFS.Builds.BuildManager|OnZoom|1	data
SFS.Builds.BuildManager|<Start>g__OnPick|20_3|1	pick
SFS.Builds.BuildManager|<Launch>g__Launch_2|33_5|1	forceVertical
SFS.Builds.BuildManager+<>c|<Launch>b__33_1|1	c
SFS.Builds.BuildManager+<>c|<OpenMenu>b__36_10|1	b
SFS.Builds.BuildManager+<>c__DisplayClass33_0|<Launch>g__AddWarning|0|1	warning
SFS.Builds.Blueprint_Saving|SFS.UI.I_SavingBase.CanSave|1	logger
SFS.Builds.Blueprint_Saving|SFS.UI.I_SavingBase.Save|1	name
SFS.Builds.Blueprint_Saving|SFS.UI.I_SavingBase.Load|1	name
SFS.Builds.Blueprint_Saving|SFS.UI.I_SavingBase.Import|1	name
SFS.Builds.Blueprint_Saving|LoadBlueprint|2	name,load
SFS.Builds.Blueprint_Saving|SFS.UI.I_SavingBase.Rename|2	oldName,newName
SFS.Builds.Blueprint_Saving|SFS.UI.I_SavingBase.Delete|1	name
SFS.Builds.Blueprint_Saving|GetPath|1	name
SFS.Builds.Blueprint_Saving|<SFS.UI.I_SavingBase.Save>g__Save|6_6|1	blueprintName
SFS.Builds.Blueprint_Saving+<>c|<SFS.UI.I_SavingBase.Save>b__6_0|1	a
SFS.Builds.Blueprint_Saving+<>c|<SFS.UI.I_SavingBase.Load>b__7_0|1	blueprint
SFS.Builds.Blueprint_Saving+<>c|<SFS.UI.I_SavingBase.Import>b__8_0|1	blueprint
SFS.Builds.BuildMenus|Rotate|1	rotation
SFS.Builds.BuildMenus|ApplyOrientationChange|2	change,round
SFS.Builds.BuildMenus|OnPartClick|1	hit
SFS.Builds.BuildMenus|OnAreaSelect|1	parts
SFS.Builds.BuildMenus|TryDoubleClick|1	hit
SFS.Builds.BuildMenus|<TryDoubleClick>b__34_0|1	p
SFS.Builds.BuildMenus+<>c|<OnAreaSelect>b__29_0|1	x
SFS.Builds.BuildOrientation|SetOrientation|2	newRotation,animate
SFS.Builds.BuildOrientation+<>c__DisplayClass10_0|<SetOrientation>b__0|1	t
SFS.Builds.BuildSelector|GetGroup|2	hit,tookSelection
SFS.Builds.BuildSelector|DrawOutline|5	parts,symmetry,color,width,depth
SFS.Builds.BuildSelector|DrawRegionalOutline|5	polygons,symmetry,color,width,depth
SFS.Builds.BuildState|UpdatePersistent|1	forceVertical
SFS.Builds.BuildState|GetBlueprint|1	forceVertical
SFS.Builds.BuildState|LoadBlueprint|6	blueprint,logger,autoCenterParts,applyUndo,offset,onLoaded
SFS.Builds.BuildState|SpawnBlueprint|3	blueprint,applyUndo,logger
SFS.Builds.BuildState|CenterCameraOnParts|1	parts
SFS.Builds.BuildState|Clear|1	applyUndo
SFS.Builds.BuildState|<Clear>g__ClearCrew|13_0|1	a
SFS.Builds.BuildState|<Clear>g__Record|13_1|2	grid,active
SFS.Builds.BuildState+<>c|<SpawnBlueprint>b__11_0|1	p
SFS.Builds.BuildState+<>c|<SpawnBlueprint>b__11_1|1	p
SFS.Builds.BuildState+<>c|<SpawnBlueprint>b__11_2|1	a
SFS.Builds.BuildState+<>c|<SpawnBlueprint>b__11_7|1	a
SFS.Builds.BuildState+<>c|<Clear>b__13_2|2	_,i
SFS.Builds.BuildStatsDrawer|<Start>b__7_0|1	addedPart
SFS.Builds.BuildStatsDrawer|<Start>b__7_1|1	removedPart
SFS.Builds.BuildStatsDrawer|<GetThrust>g__IsThrustNotBlocked|15_0|5	thrusterPart,a,thrustVector,position,arg4
SFS.Builds.BuildStatsDrawer+<>c|<GetMass>b__14_0|1	a
SFS.Builds.BuildStatsDrawer+<>c__DisplayClass15_1|<GetThrust>b__1|1	poly
SFS.Builds.GridSize|GetOwnedGridSize|1	returnZeroIfInfinite
SFS.Builds.GridSize|InsideGrid|2	worldPosition,threshold
SFS.Builds.HoldGrid|OnInputStart|1	data
SFS.Builds.HoldGrid|OnInputEnd|1	data
SFS.Builds.HoldGrid|StartImport|2	blueprint,onImportFinished
SFS.Builds.HoldGrid|StartImportOrDuplicate|4	parts,forDuplicate,applyUndo,onImportFinished
SFS.Builds.HoldGrid|TakePart_PickGrid|2	hit,worldPickupPosition
SFS.Builds.HoldGrid|SelectForTake_BuildGrid|1	touchPosition
SFS.Builds.HoldGrid|TakeParts_BuildGrid|2	parts,tookSelection
SFS.Builds.HoldGrid|EndHold|1	destroy
SFS.Builds.HoldGrid|HasParts|1	includePreHeld
SFS.Builds.HoldGrid|GetSnapPosition_Old|1	position
SFS.Builds.HoldGrid|TestCollision_Old|2	position,buildColliders
SFS.Builds.HoldGrid|GetSnapPosition_New|1	position
SFS.Builds.HoldGrid|CollectInterstageSnaps|1	moves
SFS.Builds.HoldGrid|CollectSurfaceSnaps|1	moves
SFS.Builds.HoldGrid|ProcessSurfaceSnap|3	moves,line_Build,line_Hold
SFS.Builds.HoldGrid|TestCollision|2	data,buildColliders
SFS.Builds.HoldGrid|Position|1	data
SFS.Builds.HoldGrid|GetCollisionsDictionary|3	surfaces,margin,gridSize
SFS.Builds.HoldGrid|GetColliderCoordinates|3	a,margin,gridSize
SFS.Builds.HoldGrid|<I_GLDrawer.Draw>g__DrawMagnets|32_0|2	a,arg1
SFS.Builds.HoldGrid|<CollectInterstageSnaps>g__Collect|39_0|4	reverse,adaptors,triggers,arg3
SFS.Builds.HoldGrid|<ProcessSurfaceSnap>g__GetPosOnBuildLine|41_0|2	x,arg1
SFS.Builds.HoldGrid|<ProcessSurfaceSnap>g__GetPosOnHoldLine|41_1|2	x,arg1
SFS.Builds.HoldGrid+Data|.ctor|3	target,anchor,angleDegrees
SFS.Builds.HoldGrid+Data|.ctor|4	score,target,anchor,angleDegrees
SFS.Builds.HoldGrid+<>c|<EndHold>b__28_0|2	_,i
SFS.Builds.HoldGrid+<>c|<EndHold>b__28_1|1	p
SFS.Builds.HoldGrid+<>c|<GetSnapPosition_Old>b__30_0|1	a
SFS.Builds.HoldGrid+<>c|<GetSnapPosition_Old>b__30_1|2	a,b
SFS.Builds.HoldGrid+<>c|<GetSnapPosition_New>b__38_0|2	a,b
SFS.Builds.HoldGrid+<>c|<CollectSurfaceSnaps>b__40_0|1	a
SFS.Builds.HoldGrid+<>c|<CollectSurfaceSnaps>b__40_1|1	a
SFS.Builds.HoldGrid+<>c|<CollectSurfaceSnaps>b__40_2|1	s
SFS.Builds.HoldGrid+<>c__DisplayClass23_0|<StartImportOrDuplicate>b__0|2	_,i
SFS.Builds.HoldGrid+<>c__DisplayClass26_0|<TakeParts_BuildGrid>b__0|2	_,i
SFS.Builds.HoldGrid+<>c__DisplayClass38_0|<GetSnapPosition_New>b__1|1	move
SFS.Builds.PartGrid|AddParts|1	parts
SFS.Builds.PartGrid|AddPartAtIndex|2	index,part
SFS.Builds.PartGrid|RemoveParts|1	parts
SFS.Builds.PartGrid|RemovePartAtIndex|1	index
SFS.Builds.PickCategoriesMenu|add_onMenuOpen|1	value
SFS.Builds.PickCategoriesMenu|remove_onMenuOpen|1	value
SFS.Builds.PickCategoriesMenu|SetupElements|1	picklists
SFS.Builds.PickCategoriesMenu|SelectCategory|1	newSelected
SFS.Builds.SkinMenu|add_OnButtonCreated|1	value
SFS.Builds.SkinMenu|remove_OnButtonCreated|1	value
SFS.Builds.SkinMenu|ApplySkin|1	texture
SFS.Builds.SkinMenu|GetTextureOptions|2	skinModules,channel
SFS.Builds.SkinMenu+<>c|<Awake>b__8_1|1	button
SFS.Builds.SkinMenu+<>c__DisplayClass10_0|<ApplySkin>g__SetSkin|0|2	a,symmetry
SFS.Builds.SkinMenuButton|SetTexture|1	texture
SFS.Builds.PickCategoryUI|Selected|1	selected
SFS.Builds.PickGridPositioner|SetZ_ScreenSpaceToWorldSpace|2	vec,z
SFS.Builds.PickGridPositioner|SetZ_WorldSpace|2	vec,z
SFS.Builds.PickGridPositioner|TreatUIVector|1	vec
SFS.Builds.PickGridUI|OpenCategory|1	newCategory
SFS.Builds.PickGridUI|CreateParts|1	category
SFS.Builds.PickGridUI|IsInsideGrid|2	worldPosition,mousePosition
SFS.Builds.PickGridUI|add_OnPartMenuOpen|1	value
SFS.Builds.PickGridUI|remove_OnPartMenuOpen|1	value
SFS.Builds.PickGridUI|<Start>b__14_0|1	a
SFS.Builds.PickGridUI|<Initialize>b__15_3|1	picklist
SFS.Builds.PickGridUI|<CreateParts>b__18_6|1	delta
SFS.Builds.PickGridUI|<IsInsideGrid>g__IsInside|19_0|1	a
SFS.Builds.PickGridUI+CategoryParts|.ctor|1	tag
SFS.Builds.PickGridUI+<>c|<Initialize>b__15_0|1	pair
SFS.Builds.PickGridUI+<>c|<Initialize>b__15_4|1	a
SFS.Builds.PickGridUI+<>c|<Initialize>b__15_1|1	pair
SFS.Builds.PickGridUI+<>c|<Initialize>b__15_2|1	pair
SFS.Builds.PickGridUI+<>c__DisplayClass15_0|<Initialize>b__5|1	variant
SFS.Builds.PickGridUI+<>c__DisplayClass18_0|<CreateParts>b__4|1	data
SFS.Builds.PickGridUI+<>c__DisplayClass18_0|<CreateParts>b__5|1	data
SFS.Builds.PickGridUI+<>c__DisplayClass18_0|<CreateParts>g__OnHold|0|1	data
SFS.Builds.PickGridUI+<>c__DisplayClass18_0|<CreateParts>g__OnUp|1|1	data
SFS.Builds.Undo|CreateNewStep|1	step
SFS.Builds.Undo|RecordStatChangeStep|3	modules,action,createStep
SFS.Builds.Undo|RecordOtherStep|1	type
SFS.Builds.Undo|RecordStatChangeStep|3	parts,action,createStep
SFS.Builds.Undo|RecordRemoveParts|3	parts,add,alwaysSave
SFS.Builds.Undo|RecordPartAction|2	action,saveEvenIfZeroParts
SFS.Builds.Undo|RecordAction|1	action
SFS.Builds.Undo|ApplyAction|2	action,undo
SFS.Builds.Undo|ApplyPartAction|2	action,undo
SFS.Builds.Undo|ApplyStagePartAction|2	action,undo
SFS.Builds.Undo|ApplyStageAction|2	action,undo
SFS.Builds.Undo|ApplyOtherAction|2	action,undo
SFS.Builds.Undo|GetGrid|1	type
SFS.Builds.Undo|<RecordRemoveParts>g__CreateUndoAction|13_0|3	list,active,arg2
SFS.Builds.Undo+Step|.ctor|1	name
SFS.Builds.Undo+AddPart|.ctor|4	parts,partIndexes,gridType,add
SFS.Builds.Undo+AddPartToStage|.ctor|5	stageIndex,partIndex,gridType,add,gridPointerIndex
SFS.Builds.Undo+AddStage|.ctor|4	stageIndex,add,stageId,parts
SFS.Builds.Undo+OtherAction|.ctor|1	type
SFS.Builds.Undo+<>c|<ApplyPartAction>b__20_0|1	x
SFS.Tutorials.FailureMenu|LoadRevert|1	save
SFS.Tutorials.FailureMenu|OnPlayerDestroyed|2	rocket,reason
SFS.Tutorials.FailureMenu|<OnPlayerDestroyed>g__GetParents|13_0|1	r
SFS.Tutorials.FailureMenu+<>c__DisplayClass13_0|<OnPlayerDestroyed>b__1|1	a
SFS.Tutorials.Tutorial_Base|Add_ShowPopup|2	popup,a
SFS.Tutorials.Tutorial_Base|Add_Action|1	a
SFS.Tutorials.Tutorial_Base|Add_Check|1	a
SFS.Tutorials.Tutorial_Base|Add_Delay|1	delayTime
SFS.Tutorials.Tutorial_Base+TimeDelay|.ctor|1	delay
SFS.Tutorials.Tutorial_Build|<Update>g__SetY|9_5|3	popup,partIcon,arg2
SFS.Tutorials.Tutorial_Build+<>c|<Update>b__9_0|1	v
SFS.Tutorials.Tutorial_Build+<>c|<Update>b__9_1|1	v
SFS.Tutorials.Tutorial_Build+<>c|<Update>b__9_2|1	v
SFS.Tutorials.Tutorial_Build+<>c|<Update>b__9_3|1	v
SFS.Tutorials.Tutorial_Build+<>c|<Update>b__9_4|1	v
SFS.Tutorials.Tutorial_World+<>c|<Start>b__4_6|1	a
SFS.Sharing.RequestUtil|SendRequest|3	request,callback,timeout
SFS.Sharing.RequestUtil|PostRequest|2	apiPath,data
SFS.Sharing.RequestUtil|GetRequest|1	apiPath
SFS.Sharing.RequestUtil|AuthedGetRequest|1	apiPath
SFS.Sharing.RequestUtil|AuthedPostRequest|2	apiPath,data
SFS.Sharing.RequestUtil|SetAgentHeader|1	webRequest
SFS.Sharing.RequestUtil|UploadJson|2	webRequest,json
SFS.Sharing.RequestUtil|SetToken|1	token
SFS.Sharing.RequestUtil+<>c__DisplayClass5_0|<SendRequest>b__0|1	res
SFS.Sharing.SharingRequester+RocketsTabManager|.ctor|1	downloadFunction
SFS.Sharing.SharingRequester+RocketsTabManager|NextPage|1	callback
SFS.Sharing.SharingRequester+RocketsTabManager|PreviousPage|1	callback
SFS.Sharing.SharingRequester+RocketsTabManager|GetPage|1	callback
SFS.Sharing.SharingRequester+RocketsTabManager+<>c|<GetPage>b__16_2|1	rocket
SFS.Sharing.SharingRequester+RocketsTabManager+<>c__DisplayClass16_0|<GetPage>b__1|2	success,result
SFS.Sharing.SharingRequester+<>c__DisplayClass10_0|<GetRockets>b__0|2	status,content
SFS.Sharing.SharingRequester+<>c__DisplayClass11_0|<GetRocket>b__0|2	status,content
SFS.Sharing.SharingRequester+<>c__DisplayClass12_0|<SearchRockets>b__0|2	status,content
SFS.Sharing.SharingRequester+<>c__DisplayClass13_0|<UploadRocket>b__0|2	status,content
SFS.Sharing.SharingRequester+<>c__DisplayClass14_0|<UploadRocketLinked>b__0|2	status,content
SFS.Sharing.SharingRequester+<>c__DisplayClass15_0|<EditRocket>b__0|2	status,_
SFS.Sharing.SharingRequester+<>c__DisplayClass16_0|<DeleteRocket>b__0|2	status,_
SFS.Sharing.SharingRequester+<>c__DisplayClass17_0|<VoteRocket>b__0|2	status,_
SFS.Sharing.SharingRequester+<>c__DisplayClass18_0|<IsModerator>b__0|2	status,content
SFS.Sharing.SharingRequester+<>c__DisplayClass19_0|<GetUserRocketsPageManager>b__0|2	page,callback
SFS.Sharing.SharingRequester+<>c__DisplayClass20_0|<GetRocketsPageManager>b__0|2	page,callback
SFS.Sharing.SharingRequester+<>c__DisplayClass21_0|<GetSearchPageManager>b__0|2	page,callback
SFS.Sharing.SharingRequester+<>c__DisplayClass8_0|<Initialize>b__0|1	res
SFS.Sharing.SharingRequester+<>c__DisplayClass9_0|<GetUserRockets>b__0|2	status,content
SFS.Translations.LanguageSettings|Initialize|1	callback
SFS.Translations.LanguageSettings|SelectLanguage|2	settings,callback
SFS.Translations.LanguageSettings|OpenLanguageSelector|1	callback
SFS.Translations.LanguageSettings|LanguageDropdownChanged|1	index
SFS.Translations.LanguageSettings+<>c|<Initialize>b__8_0|1	language
SFS.Translations.LanguageSettings+<>c|<Initialize>b__8_1|1	language
SFS.Translations.Field|GetSub|1	index
SFS.Translations.Field|HasSub|1	index
SFS.Translations.Field|SetSub|2	index,sub
SFS.Translations.Field|InjectField|3	subs,variableName,formatCapitalization
SFS.Translations.Field|InjectField|3	subs,variableName,formatCapitalization
SFS.Translations.Field|InjectPlanet|1	subs
SFS.Translations.Field|Inject|3	value,variableName,formatCapitalization
SFS.Translations.Field|GetBuilder|1	subIndex
SFS.Translations.Field|op_Implicit|1	field
SFS.Translations.Field|Text|1	sub
SFS.Translations.Field|Subs|1	subs
SFS.Translations.Field|MultilineText|1	lines
SFS.Translations.Field|IsSentenceTerminator|1	c
SFS.Translations.Field+Builder|.ctor|1	translation
SFS.Translations.Field+Builder|InjectField|3	subs,variableName,formatCapitalization
SFS.Translations.Field+Builder|Inject|3	value,variableName,formatCapitalization
SFS.Translations.Field+Builder|op_Implicit|1	a
SFS.Translations.Field+Builder|ShouldCapitalizeWord|2	text,variableName
SFS.Translations.FontSetter|SetFont|1	font
SFS.Translations.Loc|SetLanguage|2	newLanguageName,language
SFS.Translations.SubExport|CreateExport|1	name
SFS.Translations.SubExport+<>c|<CreateExport>b__5_0|1	sub
SFS.Translations.SubExport+<>c|<CreateExport>b__5_1|1	sub
SFS.Translations.SubExport+<>c|<CreateExport>b__5_2|1	sub
SFS.Translations.SubExport+<>c|<CreateExport>b__5_3|1	_
SFS.Translations.TranslationEditorHelper|SaveToFile|2	translation,codeName
SFS.Translations.TranslationEditorHelper|UpdateIdsForLanguage|1	codeName
SFS.Translations.TranslationManager|GetFilePath|1	fileNameNoExtension
SFS.Translations.TranslationManager|LoadTextAsset|1	fileNameNoExtension
SFS.Translations.TranslationManager|SetLanguage|1	newLanguage
SFS.Translations.TranslationManager|GetDisplayName|1	a
SFS.Translations.TranslationManager|LoadAndSetLanguage|1	language
SFS.Translations.TranslationManager|LoadLanguage|2	language,log
SFS.Translations.TranslationManager|ShowDeserializationReport|3	missing,unused,log
SFS.Translations.TranslationSelector|<UpdateText>g__SetText|3_0|2	text,arg1
SFS.Translations.TranslationSerialization|Serialize|1	translation
SFS.Translations.TranslationSerialization|Deserialize|4	iniText,unused,missing,changed
SFS.Translations.TranslationSerialization|ParseTranslations|1	iniText
SFS.Translations.LocSpace|.ctor|2	amount,attachToGroup
SFS.Translations.Group|.ctor|1	name
SFS.Translations.Documentation|.ctor|3	comment,attachToGroup,afterLine
SFS.Core.SecurePlayerPrefs|SetString|3	key,value,securityMode
SFS.Core.SecurePlayerPrefs|GetString|3	key,value,securityMode
SFS.Core.Encryptor|Encrypt|4	input,securityMode,keyOffset,forcedDeviceId
SFS.Core.Encryptor|Decrypt|5	input,output,securityMode,keyOffset,forcedDeviceId
SFS.Core.Encryptor|Encrypt|2	input,key
SFS.Core.Encryptor|Decrypt|3	input,key,value
SFS.Core.Encryptor|C|1	s
SFS.Core.ActionQueue|QueueMenu|1	toOpen
SFS.Core.ActionQueue|QueueAction|1	action
SFS.Core.Links|OpenAppStore|1	closeApplication
SFS.Parsers.Regex.SimpleRegex|set_Regex|1	value
SFS.Parsers.Regex.SimpleRegex|set_Match|1	value
SFS.Parsers.Regex.SimpleRegex|.ctor|1	regex
SFS.Parsers.Regex.SimpleRegex|Input|1	input
SFS.Parsers.Regex.SimpleRegex|Input|2	input,start
SFS.Parsers.Regex.SimpleRegex|GetGroup|1	name
SFS.Parsers.Regex.SimpleRegex|op_Implicit|1	regex
SFS.Parsers.Json.ExclusionList|Exclude|1	prop
SFS.Parsers.Json.ExclusionList+<>c__DisplayClass1_0|<Exclude>b__0|1	ex
SFS.Parsers.Json.JsonWrapper|TryLoadJson|2	file,data
SFS.Parsers.Json.JsonWrapper|SaveAsJson|3	file,data,pretty
SFS.Parsers.Json.JsonWrapper|FromJson|1	json
SFS.Parsers.Json.JsonWrapper|FromJsonVersionData|1	json
SFS.Parsers.Json.JsonWrapper|ToJson|2	data,pretty
SFS.Parsers.Json.JsonWrapper|Serialize|2	serializer,data
SFS.Parsers.Json.LegacyNameAttribute|.ctor|1	legacyName
SFS.Parsers.Json.MainContractResolver|CreateProperties|2	type,memberSerialization
SFS.Parsers.Json.Exclusions.BaseExclusion|Exclude|1	prop
SFS.Parsers.Json.Exclusions.Exclusion`1|.ctor|1	names
SFS.Parsers.Json.Exclusions.Exclusion`1|Exclude|1	prop
SFS.Parsers.Json.Exclusions.Exclusion`1+<>c__DisplayClass2_0|<Exclude>b__0|1	name
SFS.Parsers.Json.Exclusions.Inclusion`1|.ctor|1	names
SFS.Parsers.Json.Exclusions.Inclusion`1|Exclude|1	prop
SFS.Parsers.Json.Exclusions.Inclusion`1+<>c__DisplayClass2_0|<Exclude>b__0|1	name
SFS.Parsers.Ini.IniConverter|.ctor|1	iniText
SFS.Parsers.Ini.IniConverter|GetSection|1	section
SFS.Parsers.Ini.IniConverter|LoadIni|1	iniText
SFS.Parsers.Ini.IniConverter|<LoadIni>g__ReadComment|5_0|3	reader,comment,arg2
SFS.Parsers.Ini.IniConverter|<LoadIni>g__ReadKey|5_1|3	reader,keyName,arg2
SFS.Parsers.Ini.IniConverter|<LoadIni>g__ReadValue|5_2|4	reader,value,aftComment,arg3
SFS.Parsers.Ini.IniConverter|<LoadIni>g__ReadSection|5_3|3	reader,sectionName,arg2
SFS.Parsers.Ini.IniConverter+StringReader|.ctor|2	input,pos
SFS.Parsers.Ini.IniConverter+StringReader|SetPos|1	length
SFS.Parsers.Ini.IniConverter+StringReader|Read|1	length
SFS.Parsers.Ini.IniConverter+StringReader|Peek|1	length
SFS.Parsers.Ini.IniConverter+StringReader|PeekEquals|2	length,compare
SFS.Parsers.Ini.IniConverter+StringReader|Merge|1	reader
SFS.Parsers.Ini.IniConverter+<>c|<GetSectionNames>b__7_0|1	data
SFS.Parsers.Ini.IniConverter+<>c__DisplayClass6_0|<Serialize>g__EnsureWhitelines|1|1	amount
SFS.Parsers.Ini.IniConverter+<>c__DisplayClass6_0|<Serialize>g__Append|2|2	txt,clearWhitelines
SFS.Parsers.Ini.IniConverter+<>c__DisplayClass6_0|<Serialize>g__AppendLine|3|2	txt,clearWhitelines
SFS.Parsers.Ini.IniConverter+<>c__DisplayClass6_0|<Serialize>g__AppendComment|4|2	comment,canUseWhiteline
SFS.Parsers.Ini.IniConverter+<>c__DisplayClass6_0|<Serialize>g__AppendAftComment|5|1	aftComment
SFS.Parsers.Ini.IniConverter+<>c__DisplayClass6_0|<Serialize>g__AppendDataLine|6|3	keyName,value,canUseInitialWhiteline
SFS.Parsers.Ini.IniConverter+<>c__DisplayClass6_0|<Serialize>g__AppendDataValue|9|2	val,arg1
SFS.Parsers.Ini.IniConverter+<>c__DisplayClass6_0|<Serialize>g__AppendSection|7|1	section
SFS.Parsers.Ini.IniConverter+<>c__DisplayClass6_0|<Serialize>b__8|1	section
SFS.Parsers.Ini.IniDataEnv|GetSection|1	name
SFS.Parsers.Ini.IniDataEnv|get_Item|1	name
SFS.Parsers.Ini.IniDataEnv|set_Item|2	name,value
SFS.Parsers.Ini.IniDataEnv|get_Item|2	name,section
SFS.Parsers.Ini.IniDataEnv|set_Item|3	name,section,value
SFS.Parsers.Ini.IniDataEnv+Value|.ctor|1	value
SFS.Parsers.Ini.IniDataEnv+Value|op_Implicit|1	value
SFS.Parsers.Ini.IniDataEnv+Value|op_Implicit|1	value
SFS.Parsers.Ini.IniDataSection|.ctor|1	name
SFS.Parsers.Ini.IniDataSection|get_Item|1	index
SFS.Parsers.Ini.IniDataSection|set_Item|2	index,value
SFS.Parsers.Constructed.Compute|Compile|3	code,variables,usedVariables
SFS.Parsers.Constructed.Compute|Compile|4	i,input,variables,usedVariables
SFS.Parsers.Constructed.Compute|GetVariablesUsed|1	valueString
SFS.Parsers.Constructed.Compute|<Compile>g__Operator|1_0|3	_operator,elementIndex,arg2
SFS.Parsers.Constructed.Compute+Number|set_Value|1	value
SFS.UI.DownloadMenu|DownloadRocket|1	rocketID
SFS.UI.DownloadMenu|<OpenDownloadMenu>b__2_0|1	strings
SFS.UI.DownloadMenu|<UploadRocket>b__3_0|1	result
SFS.UI.DownloadMenu+<>c|<OpenSharingMenu_PC>b__1_1|1	a
SFS.UI.DownloadMenu+<>c|<UploadRocket>b__3_1|2	success,url
SFS.UI.DownloadMenu+<>c|<DownloadRocket>b__4_1|2	success,blueprint
SFS.UI.DownloadMenu+<>c__DisplayClass4_0|<DownloadRocket>b__0|1	result
SFS.UI.ImageTools|RenderTextureTo2D|3	rTex,width,height
SFS.UI.ImageTools|RenderTextureToPng|3	rTex,width,height
SFS.UI.ImageTools|PngTo2D|1	imageData
SFS.UI.ElementGenerator|VerticalSpace|1	space
SFS.UI.ElementGenerator|DefaultHorizontalGroup|1	elements
SFS.UI.ElementGenerator|HorizontalGroup|4	onStart,horizontalFit,verticalFit,elements
SFS.UI.ElementGenerator+<>c|<DefaultHorizontalGroup>b__5_0|1	group
SFS.UI.ElementGenerator+<>c__DisplayClass4_0|<VerticalSpace>b__0|1	root
SFS.UI.ElementGenerator+<>c__DisplayClass6_0|<HorizontalGroup>b__0|1	root
SFS.UI.MenuGenerator|OpenConfirmation|6	closeMode,text,confirmText,onConfirm,denyText,onDeny
SFS.UI.MenuGenerator|OpenConfirmationAsync|4	closeMode,text,confirmText,denyText
SFS.UI.MenuGenerator|OpenConfirmation|8	closeMode,onMenuOpen,onMenuClose,text,confirmText,onConfirm,denyText,onDeny
SFS.UI.MenuGenerator|AskOverwrite|5	titleText,overwriteText,newText,overwriteSave,newSave
SFS.UI.MenuGenerator|ShowChoices|2	titleText,buttons
SFS.UI.MenuGenerator|OpenMenu|3	cancelButton,onEscape,elements
SFS.UI.MenuGenerator|CreateMenu|5	cancelButton,onCancel,onMenuOpen,onMenuClose,elements
SFS.UI.MenuGenerator+<>c|<OpenConfirmation>b__2_0|1	group
SFS.UI.MenuGenerator+<>c__DisplayClass4_0|<ShowChoices>b__0|1	button
SFS.UI.ButtonBuilder|.ctor|1	prefab
SFS.UI.ButtonBuilder|CustomizeButton|1	action
SFS.UI.ButtonBuilder|CreateButton|4	sizeSync,text,onClick,closeMode
SFS.UI.ButtonBuilder|CreateIconButton|5	sizeSync,icon,text,onClick,closeMode
SFS.UI.ButtonBuilder|OnCreated|1	element
SFS.UI.TextBuilder|.ctor|1	prefab
SFS.UI.TextBuilder|CreateText|1	text
SFS.UI.TextBuilder|OnCreated|1	element
SFS.UI.NewElementBuilder`1|.ctor|1	element
SFS.UI.NewElementBuilder`1|MinSize|2	minWidth,minHeight
SFS.UI.NewElementBuilder`1|MaxSize|2	maxWidth,maxHeight
SFS.UI.NewElementBuilder`1|SizeSync|1	carrier
SFS.UI.NewElementBuilder`1|CreateElement|1	holder
SFS.UI.NewElementBuilder`1|OnCreated|1	element
SFS.UI.ElementBuilder|CreateElement|1	holder
SFS.UI.ElementBuilder|op_Implicit|1	builder
SFS.UI.SizeSyncerBuilder|.ctor|1	carrier
SFS.UI.SizeSyncerBuilder|HorizontalMode|1	horizontalSync
SFS.UI.SizeSyncerBuilder|VerticalMode|1	verticalSync
SFS.UI.SizeSyncerBuilder|CreateElement|1	holder
SFS.UI.DraggableWindowModule|add_OnDropAction|1	value
SFS.UI.DraggableWindowModule|remove_OnDropAction|1	value
SFS.UI.DraggableWindowModule|OnHold|1	data
SFS.UI.AttachableStatsMenu|Open_DrawPart|8	hasControl,allParts,partDrawSettings,getScreenPosition,dontUpdateOnZoomChange,skipAnimation,onOpen,onClose
SFS.UI.AttachableStatsMenu|Open_DrawPartShop|8	hasControl,allParts,partDrawSettings,getScreenPosition,dontUpdateOnZoomChange,skipAnimation,onOpen,onClose
SFS.UI.AttachableStatsMenu|Open|7	hasControl,draw,getScreenPosition,dontUpdateOnZoomChange,skipAnimation,onOpen,onClose
SFS.UI.AttachableStatsMenu+<>c__DisplayClass2_0|<Open_DrawPart>g__OnPartDestroyed|2|1	_
SFS.UI.AttachableStatsMenu+<>c__DisplayClass2_0|<Open_DrawPart>b__3|1	builder
SFS.UI.AttachableStatsMenu+<>c__DisplayClass3_0|<Open_DrawPartShop>g__OnPartDestroyed|2|1	_
SFS.UI.AttachableStatsMenu+<>c__DisplayClass3_0|<Open_DrawPartShop>g__Draw|3|1	statsMenu
SFS.UI.AttachWithArrow|FollowPart|1	part
SFS.UI.AttachWithArrow|FollowTransform|2	target,localPosition
SFS.UI.AttachWithArrow|Open|2	getScreenPosition,dontUpdateOnZoomChange
SFS.UI.AttachWithArrow|GetPositionModifiers|2	placement,position
SFS.UI.AttachWithArrow|GetBestPlacement|1	position
SFS.UI.AttachWithArrow|<GetBestPlacement>g__TryUsePlacement|21_0|2	p,arg1
SFS.UI.AttachWithArrow|<GetBestPlacement>g__GetPlacementScore|21_1|2	p,arg1
SFS.UI.AttachWithArrow|<GetBestPlacement>g__GetAttachmentLeftover|21_2|2	p,arg1
SFS.UI.Button|SetEnabled|1	enabled
SFS.UI.Button|SetIconScale|1	newIconScale
SFS.UI.Button|SFS.Input.I_Touchable.PointcastElement|1	position
SFS.UI.Button|SFS.Input.I_Touchable.OnInputStart|1	data
SFS.UI.Button|SFS.Input.I_Touchable.OnInputStay|1	data
SFS.UI.Button|SFS.Input.I_Touchable.OnInputEnd|1	data
SFS.UI.Button|SFS.Input.I_Touchable.OnTouchLongClick|1	data
SFS.UI.Button|SFS.Input.I_Touchable.OnNotStationary|1	data
SFS.UI.Button|SFS.Input.I_Touchable.OnDrag|1	data
SFS.UI.Button|SFS.Input.I_Touchable.OnZoom|1	data
SFS.UI.Button|<Start>b__26_0|1	data
SFS.UI.Button|<Start>b__26_1|1	data
SFS.UI.CheatsDrawer|<UpdateText>g__Add|3_0|2	t,arg1
SFS.UI.CycleSelector|set_SelectedIndex|1	value
SFS.UI.IconButton|set_Show|1	value
SFS.UI.IconButton|set_Icon|1	value
SFS.UI.IconButton|set_Text|1	value
SFS.UI.MsgDrawer|Log|1	msg
SFS.UI.MsgDrawer|Log|2	msg,big
SFS.UI.RadioButton|OnClick|1	data
SFS.UI.RadioGroup|set_Selected|1	value
SFS.UI.RelativeSizeFitter|set_Offset|1	value
SFS.UI.RelativeSizeFitter|set_MinimumSize|1	value
SFS.UI.RelativeSizeFitter+<>c|<CalculateSize>b__17_0|1	h
SFS.UI.RelativeSizeFitter+<>c|<CalculateSize>b__17_1|1	v
SFS.UI.ReorderingGroup|Add|1	element
SFS.UI.ReorderingGroup|Remove|1	element
SFS.UI.ReorderingGroup|ActivatePositionIndicator|3	siblingIndex,position,size
SFS.UI.ReorderingGroup|GetIndicatorSiblingIndex|1	draggedElement
SFS.UI.ReorderingModule+<Drag>d__9|.ctor|1	<>1__state
SFS.UI.ScrollElement|set_PercentPosition|1	value
SFS.UI.ScrollElement|RegisterScrolling|2	a,apply
SFS.UI.ScrollElement|RegisterScrolling|1	a
SFS.UI.ScrollElement|Drag|1	data
SFS.UI.ScrollElement|Drag|1	deltaPixel
SFS.UI.ScrollElement|DragDirect|1	delta
SFS.UI.ScrollElement|Move|1	delta
SFS.UI.ScrollElement|<RegisterScrolling>b__27_0|1	data
SFS.UI.ScrollElement|<RegisterScrolling>b__27_1|1	data
SFS.UI.ScrollElement+<>c__DisplayClass26_0|<RegisterScrolling>b__2|1	data
SFS.UI.ScrollElement+<>c__DisplayClass26_0|<RegisterScrolling>b__3|1	f
SFS.UI.SizeSyncGroup+<>c|<Update>b__2_0|1	e
SFS.UI.SizeSyncGroup+<>c|<Update>b__2_1|1	e
SFS.UI.SkipUI|PointcastElement|1	position
SFS.UI.SkipUI|SFS.Input.I_Touchable.OnInputStart|1	data
SFS.UI.SkipUI|SFS.Input.I_Touchable.OnInputStay|1	data
SFS.UI.SkipUI|SFS.Input.I_Touchable.OnInputEnd|1	data
SFS.UI.SkipUI|SFS.Input.I_Touchable.OnTouchLongClick|1	data
SFS.UI.SkipUI|SFS.Input.I_Touchable.OnNotStationary|1	data
SFS.UI.SkipUI|SFS.Input.I_Touchable.OnDrag|1	data
SFS.UI.SkipUI|SFS.Input.I_Touchable.OnZoom|1	data
SFS.UI.ToggleButton|Bind|2	toggle,getValue
SFS.UI.ToggleButton|Bind|3	toggle,getValue,update
SFS.UI.ToggleButton|UpdateUI|1	instantAnimation
SFS.UI.FillSlider|SetFillAmount|2	newFillAmount,invokeOnSlide
SFS.UI.FillSlider|TouchStay|1	data
SFS.UI.FillSlider|GetDelta|1	deltaPixel
SFS.UI.LoadingScreen|Open|2	text,isReady
SFS.UI.LoadingScreen+<Animate>d__11|.ctor|1	<>1__state
SFS.UI.LoadMenu|OpenSaveMenu|1	cancelCloseMode
SFS.UI.LoadMenu|Delete|1	name
SFS.UI.LoadMenu|OnFileReordered|1	elementReorderingModule
SFS.UI.LoadMenu|GetSelected|1	selected
SFS.UI.LoadMenu|UpdateImportButton|1	hasMadeSelection
SFS.UI.LoadMenu|<OpenSaveMenu>g__CreateSave|2_0|1	saveName
SFS.UI.LoadMenu|<GetSelected>b__26_0|1	element
SFS.UI.LoadMenu+<>c__DisplayClass18_0|<Rename>b__0|1	input
SFS.UI.LoadMenu+<>c__DisplayClass25_0|<OnFileReordered>b__0|1	e
SFS.UI.I_SavingBase|CanSave|1	logger
SFS.UI.I_SavingBase|Save|1	name
SFS.UI.I_SavingBase|Load|1	name
SFS.UI.I_SavingBase|Delete|1	name
SFS.UI.I_SavingBase|Import|1	name
SFS.UI.I_SavingBase|Rename|2	nameOld,nameNew
SFS.UI.Quicksave_Saving|.ctor|3	paths,getQuicksave,loadQuicksave
SFS.UI.Quicksave_Saving|SFS.UI.I_SavingBase.CanSave|1	logger
SFS.UI.Quicksave_Saving|SFS.UI.I_SavingBase.Save|1	name
SFS.UI.Quicksave_Saving|SFS.UI.I_SavingBase.Load|1	name
SFS.UI.Quicksave_Saving|SFS.UI.I_SavingBase.Import|1	name
SFS.UI.Quicksave_Saving|SFS.UI.I_SavingBase.Rename|2	oldName,newName
SFS.UI.Quicksave_Saving|SFS.UI.I_SavingBase.Delete|1	name
SFS.UI.Quicksave_Saving+<>c|<SFS.UI.I_SavingBase.Save>b__10_0|1	a
SFS.UI.Quicksave_Saving+<>c__DisplayClass10_0|<SFS.UI.I_SavingBase.Save>g__Save|6|1	finalName
SFS.UI.ReadMenu|ShowReport|3	report,callback,closeMode
SFS.UI.ReadMenu|ShowReport|3	report,callback,closeMode
SFS.UI.ReadMenu|Open|4	text,closeMode,background,centerText
SFS.UI.ReadMenu|Open|5	text,onClose,closeMode,background,centerText
SFS.UI.ReadMenu|Create|5	text,onClose,closeMode,background,centerText
SFS.UI.ReadMenu|SFS.I_MsgLogger.Log|1	msg
SFS.UI.ContainerElement|SetSize_Internal|1	availableSize
SFS.UI.ContainerElementWithScaling|SetSize_Internal|1	availableSize
SFS.UI.FitBetween|ClampSize|1	size
SFS.UI.HorizontalLayout|SetSize_Internal|1	size
SFS.UI.HorizontalLayout|<GetPreferredSize_Internal>b__1_0|1	e
SFS.UI.HorizontalLayout+<>c|<SetSize_Internal>b__0_0|1	v
SFS.UI.HorizontalLayout+<>c|<GetPreferredSize_Internal>b__1_1|1	e
SFS.UI.LayoutGroup|AddElement|1	element
SFS.UI.LayoutGroup|RemoveElement|1	element
SFS.UI.LayoutGroup|RemoveElement|1	index
SFS.UI.LayoutGroup|GetSizeDistribution|1	preferredCombinedSize
SFS.UI.LayoutGroup|GetUsableSizeForChildren|2	size,elementAxis
SFS.UI.LayoutGroup|<GetElements>b__21_0|1	a
SFS.UI.LayoutGroup+<>c|<get_ActiveElements>b__18_0|1	e
SFS.UI.LayoutGroup+<>c__DisplayClass26_0|<GetChildUnscaledPreferredCombinedSize>b__0|1	e
SFS.UI.LayoutGroupUpdater|SetSize_Internal|1	size
SFS.UI.LayoutUtility|GetApplySize|4	current,newSize,apply_X,apply_Y
SFS.UI.LayoutUtility|GetFilteredSize|3	current,elementSizes,sizeMode
SFS.UI.LayoutUtility+<>c|<GetFilteredSize>b__1_0|1	e
SFS.UI.LayoutUtility+<>c|<GetFilteredSize>b__1_1|1	e
SFS.UI.LayoutUtility+<>c|<GetFilteredSize>b__1_2|1	e
SFS.UI.LayoutUtility+<>c|<GetFilteredSize>b__1_3|1	e
SFS.UI.NewElement|SetSize|1	size
SFS.UI.NewElement|SetSize_Internal|1	size
SFS.UI.NewElement|SetParent|1	parent
SFS.UI.NewElement|ApplyInsideModifiers|2	size,direction
SFS.UI.NewElement|ApplyOutsideModifiers|2	size,direction
SFS.UI.NewElement|ApplyClamp|1	size
SFS.UI.NewElement|SetRectSize|1	size
SFS.UI.NewElement+Cached`1|.ctor|1	getInstance
SFS.UI.NewSizeSyncGroup|SetSize_Internal|1	availableSize
SFS.UI.NewSizeSyncGroup|<GetElements>b__9_0|1	e
SFS.UI.NewSizeSyncGroup+<>c|<GetPreferredSize_Internal>b__6_0|1	e
SFS.UI.NewSizeSyncGroup+<>c|<GetPreferredSize_Internal>b__6_1|1	e
SFS.UI.NewSizeSyncGroup+<>c|<GetPreferredSize_Internal>b__6_2|1	e
SFS.UI.NewSizeSyncGroup+<>c|<GetPreferredSize_Internal>b__6_3|1	e
SFS.UI.ReadTextContainer|SetSize_Internal|1	availableSize
SFS.UI.ScaleTextToFit|SetSize_Internal|1	size
SFS.UI.SettingsMenuSizer|SetSize_Internal|1	size
SFS.UI.VerticalLayout|SetSize_Internal|1	size
SFS.UI.VerticalLayout|<GetPreferredSize_Internal>b__1_1|1	e
SFS.UI.VerticalLayout+<>c|<SetSize_Internal>b__0_0|1	d
SFS.UI.VerticalLayout+<>c|<GetPreferredSize_Internal>b__1_0|1	e
SFS.UI.ClampSize|ApplyClamp|1	input
SFS.UI.ClampSize+OptionalFloat|set_Value|1	value
SFS.UI.MenuElement|.ctor|2	object,method
SFS.UI.MenuElement|Invoke|1	data
SFS.UI.MenuElement|BeginInvoke|3	data,callback,object
SFS.UI.MenuElement|EndInvoke|1	result
SFS.UI.OptionsMenuDrawer|CreateDelegate|5	onEscape,cancelButton,onOpen,onClose,elements
SFS.UI.ButtonPC|SetSelected|1	selected
SFS.UI.ButtonPC|SetEnabled|1	enabled
SFS.UI.ButtonPC|SetState|2	over,fadeDuration
SFS.UI.SliderText|valueChanged|1	a
SFS.UI.Rect_Utility|Rect|1	A
SFS.UI.Rect_Utility|Rect|1	A
SFS.UI.Rect_Utility|SetPosition|2	A,position
SFS.UI.Rect_Utility|GetLocalPosition|1	A
SFS.UI.Rect_Utility|GetWorldPosition|2	A,targetPivot
SFS.UI.Rubberbanding|Rubberband|7	position,positionMin,positionMax,maxRubberbandDistance,time,velocity,outOfBounds
SFS.UI.Rubberbanding|SmoothDamp|5	current,target,velocity,smoothTime,deltaTime
SFS.UI.Rubberbanding|Clamp|5	oldValue,newValue,min,max,distance
SFS.UI.TextInputMenu|Open|5	cancelButtonText,confirmButtonText,confirmCallback,closeMode,elements
SFS.UI.TextInputMenu|Open|6	cancelButtonText,confirmButtonText,confirmCallback,confirmCloseMode,cancelCloseMode,elements
SFS.UI.TextInputMenu|CloseMenu|1	closeMode
SFS.UI.TextInputMenu|Element|2	titleText,defaultText
SFS.UI.TextInputMenu|<CloseMenu>g__CloseMenu|14_0|2	screen,arg1
SFS.UI.UI_Raycaster|RaycastScreenClamped|5	origin,ray,safeArea,border,hitPos
SFS.UI.UI_Raycaster|Raycast|5	origin,ray,border,bestDistance,raycastable
SFS.UI.UI_Raycaster|GetBounds_World|2	rect,border
SFS.UI.TextAdapter|set_Text|1	value
SFS.UI.TextAdapter|set_Color|1	value
SFS.UI.TextBoxAdapter|set_Text|1	value
SFS.UI.TextBoxAdapter|set_Holder|1	value
SFS.UI.AstronautMenu|OpenMenu|2	seat,redrawSeat
SFS.UI.AstronautMenu|GetSelected|1	selected
SFS.UI.AstronautMenu|Create|1	astronautName
SFS.UI.AstronautMenu|<DrawList>g__GetSortingScore|16_1|1	a
SFS.UI.AstronautMenu|<GetSelected>b__18_0|1	element
SFS.UI.AstronautMenu|<CreateAstronaut>b__19_0|1	textInput
SFS.UI.AstronautMenu+<>c|<DrawList>b__16_0|2	a,b
SFS.UI.ResourceBar|UpdatePercent|1	percent
SFS.UI.CreateWorldMenu|SetSolarSystem|1	a
SFS.UI.CreateWorldMenu|CreateWorld|5	worldName,solarSystemName,difficulty,mode,quicksaves
SFS.UI.CreateWorldMenu+<>c__DisplayClass16_0|<OpenSelectSolarSystemMenu>g__AddButton|0|2	text,solarSystemName
SFS.UI.HomeManager|ShowIsNewPlayerMenu|1	callback
SFS.UI.HomeManager|ShowUpgradeVersionMenu|2	versionText,callback
SFS.UI.HomeManager|<ShowUpgradeVersionMenu>g__Display|20_1|4	forced,currentVersion,newVersion,arg3
SFS.UI.HomeManager+<>c|<Start>b__17_3|1	launchingBuild
SFS.UI.HomeManager+<>c|<ShowUpgradeVersionMenu>b__20_0|1	a
SFS.UI.HomeManager+<>c|<GetVersion>b__21_0|1	a
SFS.UI.WorldElement|set_World|1	value
SFS.UI.WorldElement|Setup|1	world
SFS.UI.WorldsMenu|UpdateWorldActions|1	selectedButton
SFS.UI.WorldsMenu|OnReorder|1	reorderedModule
SFS.UI.WorldsMenu|LoadUI|1	autoSelectTarget
SFS.UI.WorldsMenu|OnWorldCreated|1	worldName
SFS.UI.WorldsMenu|<RenameWorld>b__17_0|1	newName
SFS.UI.WorldsMenu+<>c|<LoadUI>b__20_0|1	x
SFS.UI.WorldsMenu+<>c|<GetOrdered>b__22_0|1	f
SFS.UI.WorldsMenu+<>c__DisplayClass13_0|<UpdateWorldActions>b__0|1	element
SFS.UI.WorldsMenu+<>c__DisplayClass13_0|<UpdateWorldActions>b__1|1	button
SFS.UI.WorldsMenu+<>c__DisplayClass18_0|<OnReorder>b__0|1	x
SFS.UI.ModGUI.Builder|CreateHolder|2	mode,name
SFS.UI.ModGUI.Builder|CreateButtonWithLabel|8	parent,width,height,posX,posY,labelText,buttonText,onClick
SFS.UI.ModGUI.Builder|CreateToggleWithLabel|8	parent,width,height,getToggleValue,onChange,posX,posY,labelText
SFS.UI.ModGUI.Builder|CreateInputWithLabel|8	parent,width,height,posX,posY,labelText,inputText,onInputChange
SFS.UI.ModGUI.Builder|CreateWindow|10	parent,ID,width,height,posX,posY,draggable,savePosition,opacity,titleText
SFS.UI.ModGUI.Builder|CreateButton|7	parent,width,height,posX,posY,onClick,text
SFS.UI.ModGUI.Builder|CreateTextInput|7	parent,width,height,posX,posY,text,onChange
SFS.UI.ModGUI.Builder|CreateToggle|5	parent,getToggleValue,posX,posY,onChange
SFS.UI.ModGUI.Builder|CreateLabel|6	parent,width,height,posX,posY,text
SFS.UI.ModGUI.Builder|CreateContainer|3	parent,posX,posY
SFS.UI.ModGUI.Builder|CreateBox|6	parent,width,height,posX,posY,opacity
SFS.UI.ModGUI.Builder|CreateWebImage|9	parent,width,height,posX,posY,link,useMask,loadingIndicatorType,preserveAspect
SFS.UI.ModGUI.Builder|CreateSeparator|4	parent,width,posX,posY
SFS.UI.ModGUI.Builder|CreateSpace|3	parent,width,height
SFS.UI.ModGUI.Builder|CreateSlider|7	parent,size,value,minMaxValue,wholeNumbers,onSliderChange,getValueWithUnits
SFS.UI.ModGUI.Builder|AttachToCanvas|2	holder,mode
SFS.UI.ModGUI.Builder+<>c|<CreateSlider>b__17_0|1	f
SFS.UI.ModGUI.Box|set_Color|1	value
SFS.UI.ModGUI.Box|set_Opacity|1	value
SFS.UI.ModGUI.Box|Init|2	self,parent
SFS.UI.ModGUI.Box|CreateLayoutGroup|5	type,childAlignment,spacing,padding,disableChildSizeControl
SFS.UI.ModGUI.Button|set_Text|1	value
SFS.UI.ModGUI.Button|set_TextColor|1	value
SFS.UI.ModGUI.Button|set_TextOpacity|1	value
SFS.UI.ModGUI.Button|set_OnClick|1	value
SFS.UI.ModGUI.Button|Init|2	self,parent
SFS.UI.ModGUI.ButtonWithLabel|Init|2	self,parent
SFS.UI.ModGUI.Container|Init|2	self,parent
SFS.UI.ModGUI.Container|CreateLayoutGroup|5	type,childAlignment,spacing,padding,disableChildSizeControl
SFS.UI.ModGUI.TextInput|set_FieldColor|1	value
SFS.UI.ModGUI.TextInput|set_FieldOpacity|1	value
SFS.UI.ModGUI.TextInput|set_Text|1	value
SFS.UI.ModGUI.TextInput|set_OnChange|1	value
SFS.UI.ModGUI.TextInput|Init|2	self,parent
SFS.UI.ModGUI.InputWithLabel|Init|2	self,parent
SFS.UI.ModGUI.Label|set_Text|1	value
SFS.UI.ModGUI.Label|set_Color|1	value
SFS.UI.ModGUI.Label|set_Opacity|1	value
SFS.UI.ModGUI.Label|set_TextAlignment|1	value
SFS.UI.ModGUI.Label|set_AutoFontResize|1	value
SFS.UI.ModGUI.Label|set_FontSize|1	value
SFS.UI.ModGUI.Label|set_FontStyle|1	value
SFS.UI.ModGUI.Label|Init|2	self,parent
SFS.UI.ModGUI.Separator|Init|2	self,parent
SFS.UI.ModGUI.Slider|Init|2	self,parent
SFS.UI.ModGUI.Slider|set_OnSliderChanged|1	value
SFS.UI.ModGUI.Slider|set_GetValueWithUnit|1	value
SFS.UI.ModGUI.Slider|set_SliderType|1	value
SFS.UI.ModGUI.Slider|set_MinMaxValue|1	value
SFS.UI.ModGUI.Slider|set_WholeNumbersOnly|1	value
SFS.UI.ModGUI.Slider|set_Value|1	value
SFS.UI.ModGUI.Slider+<>c__DisplayClass6_0|<set_GetValueWithUnit>b__0|1	f
SFS.UI.ModGUI.Space|Init|2	self,parent
SFS.UI.ModGUI.Toggle|set_Size|1	value
SFS.UI.ModGUI.Toggle|Init|2	self,parent
SFS.UI.ModGUI.ToggleWithLabel|Init|2	self,parent
SFS.UI.ModGUI.WebImage|Init|2	self,parent
SFS.UI.ModGUI.WebImage|set_ImageLink|1	value
SFS.UI.ModGUI.WebImage|set_LoadingIndicatorType|1	value
SFS.UI.ModGUI.WebImage|set_LoadingIndicatorColor|1	value
SFS.UI.ModGUI.WebImage|set_PreserveAspect|1	value
SFS.UI.ModGUI.WebImage|set_UseMask|1	value
SFS.UI.ModGUI.Window|set_Title|1	value
SFS.UI.ModGUI.Window|set_TitleColor|1	value
SFS.UI.ModGUI.Window|set_TitleOpacity|1	value
SFS.UI.ModGUI.Window|set_WindowColor|1	value
SFS.UI.ModGUI.Window|set_WindowOpacity|1	value
SFS.UI.ModGUI.Window|set_Draggable|1	value
SFS.UI.ModGUI.Window|Init|2	self,parent
SFS.UI.ModGUI.Window|CreateLayoutGroup|5	type,childAlignment,spacing,padding,disableChildSizeControl
SFS.UI.ModGUI.Window|EnableScrolling|1	type
SFS.UI.ModGUI.GUIElement|set_Size|1	value
SFS.UI.ModGUI.GUIElement|set_Position|1	value
SFS.UI.ModGUI.GUIElement|set_Active|1	value
SFS.UI.ModGUI.GUIElement|Init|2	self,parent
SFS.UI.ModGUI.GUIElement|op_Implicit|1	element
SFS.Cameras.ActiveCamera|set_Camera|1	value
SFS.Cameras.ActiveCamera|OnActiveCameraChange|2	oldValue,newValue
SFS.Cameras.CameraManager|GetView|2	x,y
SFS.WorldBase.PlanetLoader|ExportExampleAsync|1	folder
SFS.WorldBase.PlanetLoader|LoadSolarSystem|3	settings,log,callback
SFS.WorldBase.PlanetLoader|LoadTextures_Private|1	output
SFS.WorldBase.PlanetLoader|LoadHeightmaps_Private|1	output
SFS.WorldBase.PlanetLoader|LoadPlanets_Private|1	output
SFS.WorldBase.PlanetLoader|LoadSpaceCenter_Public|3	solarSystem,path,log
SFS.WorldBase.PlanetLoader|LoadTextures_Public|4	solarSystem,path,outputTextures,log
SFS.WorldBase.PlanetLoader|LoadHeightmaps_Public|4	solarSystem,path,outputHeightmaps,log
SFS.WorldBase.PlanetLoader|LoadPlanets_Public|3	path,outputPlanetData,log
SFS.WorldBase.PlanetLoader|TryLoadHeightmap|2	json,heightmap
SFS.WorldBase.PlanetLoader|TryLoadHeightmapJson|2	json,heightmap
SFS.WorldBase.PlanetLoader|TryLoadHeightmapCustom|2	json,heightmap
SFS.WorldBase.PlanetLoader|CreatePlanets|3	planets,log,success
SFS.WorldBase.PlanetLoader|GetTexture|2	name,log
SFS.WorldBase.PlanetLoader|GetHeightMap|2	name,log
SFS.WorldBase.PlanetLoader|GetSolarSystemFolder|1	solarSystemName
SFS.WorldBase.PlanetLoader|<GetAllSolarSystems>g__CollectFromPath|38_0|2	pathToCollect,arg1
SFS.WorldBase.PlanetLoader+<>c__DisplayClass22_0|<LoadSolarSystem>b__0|1	planet
SFS.WorldBase.PlanetLoader+<>c__DisplayClass22_0|<LoadSolarSystem>b__1|1	planet
SFS.WorldBase.PlanetLoader_Static|HasPlanet|1	input
SFS.WorldBase.PlanetLoader_Static|GetPlanet|1	input
SFS.WorldBase.Planet|set_DisplayName|1	value
SFS.WorldBase.Planet|GetGravity|1	radius
SFS.WorldBase.Planet|GetGravity|1	position
SFS.WorldBase.Planet|GetEscapeVelocity|1	radius
SFS.WorldBase.Planet|GetLocation|1	time
SFS.WorldBase.Planet|GetSolarSystemPosition|1	time
SFS.WorldBase.Planet|GetVerticeCount|2	size_Angular,verticeSize
SFS.WorldBase.Planet|IsInsideTerrain|3	position,threshold,clampToWater
SFS.WorldBase.Planet|GetTerrainNormal|1	globalPosition
SFS.WorldBase.Planet|GetTerrainHeightAtAngle|2	angleRadians,clampToWater
SFS.WorldBase.Planet|GetTerrainNormals|1	angles_Radians
SFS.WorldBase.Planet|GetTerrainHeightAtAngles|2	angleRadians,clampToWater
SFS.WorldBase.Planet|IsInsideAtmosphere|1	position
SFS.WorldBase.Planet|GetAtmosphericDensity|1	height
SFS.WorldBase.Planet|IsOutsideSOI|1	position
SFS.WorldBase.Planet|IsInsideSOI|1	positionToParent
SFS.WorldBase.Planet|GetTimewarpRadius_AscendDescend|1	location
SFS.WorldBase.Planet|SetupData|8	codeName,data,terrainShader,waterShader,atmosphereShader,frontCloudsShader,ringsShader,log
SFS.WorldBase.Planet|CreateAtmosphereMaterial|3	input,shader,log
SFS.WorldBase.Planet|CreateWaterMaterial|3	input,shader,log
SFS.WorldBase.Planet|CreateTerrainMaterial|3	input,shader,log
SFS.WorldBase.Planet|CreateFrontCloudsMaterial|3	input,shader,log
SFS.WorldBase.Planet|CreateRingsMaterial|3	input,shader,log
SFS.WorldBase.Planet|GetRepeat|2	size,useCommonDenominator
SFS.WorldBase.Planet|SetupInteractions|1	planets
SFS.WorldBase.Planet|GetSatellites|1	planets
SFS.WorldBase.Planet|GetTerrainColor|1	position
SFS.WorldBase.Planet|GetWaterColor|1	normalPosition
SFS.WorldBase.Planet|<SetupData>b__74_0|1	landmarkData
SFS.WorldBase.Planet|<GetSatellites>b__84_0|1	planet
SFS.WorldBase.Planet+<>c|<GetSatellites>b__84_1|2	a,b
SFS.WorldBase.SavingCache|SaveBuildPersistent|2	new_BuildPersistent,cache
SFS.WorldBase.SavingCache|SaveWorldPersistent|5	new_WorldPersistent,cache,saveRocketsAndBranches,addToRevert,deleteRevert
SFS.WorldBase.SavingCache|SaveRevertToLaunch|2	new_RevertToLaunch,cache
SFS.WorldBase.SavingCache|SaveAsync|1	save
SFS.WorldBase.SavingCache|UpdateWorldPersistent|1	a
SFS.WorldBase.SavingCache|TryLoadBuildPersistent|3	logger,buildPersistent,eraseCache
SFS.WorldBase.SavingCache|LoadWorldPersistent|3	logger,needsRocketsAndBranches,eraseCache
SFS.WorldBase.SavingCache|Preload_WorldPersistent|1	needsRocketsAndBranches
SFS.WorldBase.SavingCache|TryLoadRevertToLaunch|1	revertToLaunch
SFS.WorldBase.SavingCache|GetCopy|1	a
SFS.WorldBase.SavingCache|GetCopy|1	a
SFS.WorldBase.SavingCache|GetCopy|1	a
SFS.WorldBase.SavingCache+Data`1|Cache|2	data,cache
SFS.WorldBase.SavingCache+<>c|<GetCopy>b__16_0|1	e
SFS.WorldBase.SavingCache+<>c|<GetCopy>b__16_1|1	e
SFS.WorldBase.SavingCache+<>c|<GetCopy>b__18_0|1	e
SFS.WorldBase.SavingCache+<>c|<GetCopy>b__18_1|1	e
SFS.WorldBase.SavingCache+<>c|<GetCopy>b__18_2|1	e
SFS.WorldBase.SavingCache+<>c|<GetCopy>b__18_3|1	e
SFS.WorldBase.Revert|AddToStack|2	persistent,isCareer
SFS.WorldBase.Revert|TryGetRevert_30_Sec|1	save
SFS.WorldBase.Revert|TryGetRevert_3_Min|1	save
SFS.WorldBase.Revert|HasRevert|1	cyclesBack
SFS.WorldBase.Revert|TryGetRevert|2	cyclesBack,save
SFS.WorldBase.Revert|GetPath|1	cyclesBack
SFS.WorldBase.Revert|SavePointer|1	pointer
SFS.WorldBase.WorldBaseManager|EnterWorld|2	worldName,callback
SFS.WorldBase.WorldBaseManager|EnterWorld|3	paths,settings,callback
SFS.WorldBase.WorldBaseManager+<>c|<EnterWorld>b__11_4|1	m
SFS.WorldBase.WorldBaseManager+<>c__DisplayClass11_0|<EnterWorld>b__0|1	success
SFS.World.CrewModule|set_Rocket|1	value
SFS.World.CrewModule|OpenPartMenu|1	canBoardWorld
SFS.World.CrewModule|SFS.Parts.Modules.I_PartMenu.Draw|2	drawer,settings
SFS.World.CrewModule|DrawSeats|2	drawer,settings
SFS.World.CrewModule|EVA_Board|1	seat
SFS.World.CrewModule|EVA_Exit|1	seat
SFS.World.CrewModule+Seat|Board|3	astronautName,fuelPercent,temperature
SFS.World.CrewModule+<>c|<get_HasCrew>b__7_0|1	s
SFS.World.CrewModule+<>c|<OnSeatChange>b__16_0|1	s
SFS.World.CrewModule+<>c|<OnSeatChange>b__16_1|1	s
SFS.World.CrewModule+<>c|<SFS.Parts.Modules.I_PartMenu.Draw>b__20_3|1	seat
SFS.World.CrewModule+<>c__DisplayClass19_0|<OpenPartMenu>b__1|1	drawer
SFS.World.CrewModule+<>c__DisplayClass19_0|<OpenPartMenu>g__Close|4|1	_
SFS.World.CrewModule+<>c__DisplayClass20_0|<SFS.Parts.Modules.I_PartMenu.Draw>b__1|1	update
SFS.World.CrewModule+<>c__DisplayClass20_0|<SFS.Parts.Modules.I_PartMenu.Draw>b__2|1	update
SFS.World.CrewModule+<>c__DisplayClass21_1|<DrawSeats>b__3|1	u
SFS.World.SandboxSettings|UpdateUI|1	instantAnimation
SFS.World.TeleportMenu|SetOrbitType|1	prograde
SFS.World.TeleportMenu|GetMinMaxHeight|2	min,max
SFS.World.TeleportMenu|<Start>b__26_5|1	n
SFS.World.TeleportMenu|<Start>g__UpdateHeight|26_0|1	txt
SFS.World.TeleportMenu|<Start>g__UpdateLongitude|26_1|1	txt
SFS.World.TeleportMenu|<ConfirmTeleport>g__TeleportToLocation|37_0|3	location,rotate,arg2
SFS.World.TeleportMenu|<GetFlatPlanetTree>g__AddRecursively|39_1|2	planet,arg1
SFS.World.TeleportMenu+<>c|<GetFlatPlanetTree>b__39_0|1	p
SFS.World.AstronautManager|SpawnEVA|7	astronautName,location,rotation,angularVelocity,ragdoll,fuelPercent,temperature
SFS.World.AstronautManager|DestroyEVA|2	astronaut,death
SFS.World.AstronautManager|SpawnFlag|2	location,direction
SFS.World.AstronautManager|DestroyFlag|1	flag
SFS.World.Astronaut_EVA|OnFixedUpdate|1	gravity
SFS.World.Astronaut_EVA|RCS|2	wasd,targetAngle
SFS.World.Astronaut_EVA|SetRagdoll|1	enabled
SFS.World.Astronaut_EVA|StartDeathAnimation|1	startTime
SFS.World.Astronaut_EVA|DeathAnimation|2	startTime,delete
SFS.World.Astronaut_EVA|SFS.World.I_Physics.set_PhysicsMode|1	value
SFS.World.Astronaut_EVA|SFS.World.I_Physics.OnFixedUpdate|1	gravity
SFS.World.Astronaut_EVA|set_LocalPosition|1	value
SFS.World.Astronaut_EVA|SFS.World.I_Physics.set_LocalVelocity|1	value
SFS.World.Astronaut_EVA|TryWorldSelect|1	data
SFS.World.Astronaut_EVA|CanTimewarp|3	logger,showSpeed,isInWater
SFS.World.Astronaut_EVA|ClampTrackingOffset|2	trackingOffset,cameraDistance
SFS.World.Astronaut_EVA|OnInputEnd_AsPlayer|1	data
SFS.World.Astronaut_EVA|GetGroundRadius|2	groundAngleRadians,groundRadius
SFS.World.Astronaut_EVA|GetGroundRadius|3	location,groundAngleRadians,groundRadius
SFS.World.Astronaut_EVA|GetTargetAngle|1	loc
SFS.World.Astronaut_EVA+<DeathAnimation>d__46|.ctor|1	<>1__state
SFS.World.EVA_Resources|ConsumeFuel|1	amount
SFS.World.EVA_Resources|set_Temperature|1	value
SFS.World.EVA_Resources|set_LastAppliedIndex|1	value
SFS.World.EVA_Resources|set_ExposedSurface|1	value
SFS.World.EVA_Resources|OnOverheat|1	_
SFS.World.Physics|set_PhysicsMode|1	value
SFS.World.Physics|SetLocationAndState|2	newLocation,physicsMode
SFS.World.Physics|OnLoadedChange_Before|2	_,newValue
SFS.World.Physics|OnLoadedChange_After|2	_,newValue
SFS.World.Physics|OnPositionOffset|1	offset
SFS.World.Physics|OnVelocityOffset|1	offset
SFS.World.Physics|<Update>b__20_0|1	satellite
SFS.World.I_Physics|set_PhysicsMode|1	value
SFS.World.I_Physics|OnFixedUpdate|1	gravity
SFS.World.I_Physics|set_LocalPosition|1	value
SFS.World.I_Physics|set_LocalVelocity|1	value
SFS.World.StaticWorldObject|<Start>b__2_0|2	_,_
SFS.World.WorldLoader|set_Loaded|1	value
SFS.World.WorldLoader|add_onLoadedChange_Before|1	value
SFS.World.WorldLoader|remove_onLoadedChange_Before|1	value
SFS.World.WorldLoader|add_onLoadedChange_After|1	value
SFS.World.WorldLoader|remove_onLoadedChange_After|1	value
SFS.World.WorldLoader|OnLocationChange_Before|2	oldValue,newValue
SFS.World.WorldLoader|OnLocationChange_After|2	oldValue,newValue
SFS.World.WorldLoader|UpdateLoading|1	newValue
SFS.World.WorldLoader|SetLoaded|1	newValue
SFS.World.WorldLocation|set_Value|1	value
SFS.World.AeroDrawer+<>c|<Draw>b__9_0|2	a,b
SFS.World.ArrowkeysDrawer|OnArrowkeysChange|2	oldValue,newValue
SFS.World.EndMissionMenu|OpenEndMissionMenu|1	target
SFS.World.EndMissionMenu|SetTab|1	challenges
SFS.World.EndMissionMenu|DrawLog|2	branch,location
SFS.World.EndMissionMenu|IsNewLog|2	a,previousInMission
SFS.World.EndMissionMenu|DrawChallenges|1	log
SFS.World.EndMissionMenu|SaveLogsAndRewardFunds|2	logRecorder,location
SFS.World.EndMissionMenu|AskRate|1	asked
SFS.World.EndMissionMenu|ReplayMission|5	startBranch,location,space,orbit,moonLand
SFS.World.EndMissionMenu|IsSplit|1	startBranch
SFS.World.EndMissionMenu|<OpenEndMissionMenu>g__OpenMenu|18_0|5	buttonText,openMenu,recovered,log,location
SFS.World.EndMissionMenu|<DrawLog>g__Create|22_0|3	a,b,arg2
SFS.World.EndMissionMenu|<IsNewLog>g__IsNew|23_0|2	previous,arg1
SFS.World.EndMissionMenu|<Complete>g__PickOption|31_7|1	action
SFS.World.EndMissionMenu|<ReplayMission>g__Recuse|38_0|2	id,arg1
SFS.World.EndMissionMenu|<IsSplit>g__CollectParentBranches|39_0|2	branch,arg1
SFS.World.EndMissionMenu+<>c|<OpenEndMissionMenu>b__18_1|1	c
SFS.World.State|.ctor|2	logs,startTime
SFS.World.State|Merge|2	a,b
SFS.World.State|CopyState|1	launchTime
SFS.World.State|ReplayLog|4	branchId,space,LEO,moonLand
SFS.World.State|Log|3	id,reward,msg
SFS.World.FlightInfoDrawer+<>c|<Update>b__6_0|1	a
SFS.World.FlightInfoDrawer+<>c|<Update>b__6_1|1	b
SFS.World.FuelTransferUI|DrawFuelPercent|1	transfer
SFS.World.GameMenuLayout_Mobile|OnPlayerChange|2	valueOld,valueNew
SFS.World.LocationDrawer|GetIdealAngle|3	showAngle,angle,targetAngle
SFS.World.AngleInfo|.ctor|3	showAngle,angle,targetAngle
SFS.World.ResourceDrawer|OnResourcesChange|2	valueOld,valueNew
SFS.World.ResourceDrawer|CheckRedraw|1	forceRedraw
SFS.World.ResourceDrawer|DrawSingleResource|3	resourceName,register,unregister
SFS.World.ResourceDrawer|PositionTemperatureHolder|1	hasResources
SFS.World.ResourceDrawer+<>c|<Start>b__11_1|1	text
SFS.World.ResourceDrawer+<>c|<Start>b__11_3|1	bar
SFS.World.ResourceDrawer+<>c|<CheckRedraw>b__19_1|1	a
SFS.World.ResourceDrawer+<>c__DisplayClass14_0|<OnResourcesChange>b__1|1	a
SFS.World.ResourceDrawer+<>c__DisplayClass14_0|<OnResourcesChange>b__2|1	a
SFS.World.ResourceDrawer+<>c__DisplayClass19_0|<CheckRedraw>g__A|0|1	module
SFS.World.ResourceDrawer+<>c__DisplayClass19_1|<CheckRedraw>b__5|1	a
SFS.World.ResourceDrawer+<>c__DisplayClass19_1|<CheckRedraw>b__6|1	a
SFS.World.ResourceDrawer+<>c__DisplayClass19_3|<CheckRedraw>g__OnChange|12|1	fillAmount
SFS.World.ResourceDrawer+<>c__DisplayClass20_0|<DrawSingleResource>g__OnChange|3|1	fillAmount
SFS.World.StageUI|Initialize|1	stage
SFS.World.StageUI|CreatePartIcon|2	part,index
SFS.World.StageUI|DestroyPartIcon|1	index
SFS.World.StagingDrawer|OnPlayerChange|1	player
SFS.World.StagingDrawer|OnStagingChange|2	oldValue,newValue
SFS.World.StagingDrawer|UpdateIsScrolling|1	extraHeight
SFS.World.StagingDrawer|ClampToTop|1	extraHeight
SFS.World.StagingDrawer|MoveToTop|1	extraHeight
SFS.World.StagingDrawer|UseStage|1	stageToUse
SFS.World.StagingDrawer|DuplicateStage|1	a
SFS.World.StagingDrawer|RemoveStage|1	a
SFS.World.StagingDrawer|ToggleStageSelect|1	a
SFS.World.StagingDrawer|DeselectStage|1	a
SFS.World.StagingDrawer|SetSelected|1	a
SFS.World.StagingDrawer|IsSelectedStage|1	a
SFS.World.StagingDrawer|IsPartSelected|1	part
SFS.World.StagingDrawer|TogglePartSelected|3	part,playSound,createNewStep
SFS.World.StagingDrawer|AddPartSelected|3	part,playDenySound,createNewStep
SFS.World.StagingDrawer|CanStagePart|2	part,playDenySound
SFS.World.StagingDrawer|CreateStage_UI|2	A,index
SFS.World.StagingDrawer|DestroyStage_UI|1	A
SFS.World.StagingDrawer|<Initialize_Game>b__22_0|1	a
SFS.World.StagingDrawer|<Initialize>b__23_0|1	_
SFS.World.StagingDrawer+<>c|<OnReorder>b__29_0|1	ui
SFS.World.StagingDrawer+<>c|<OnReorder>b__29_1|1	ui
SFS.World.StagingDrawer+<>c|<AddStage>b__36_0|1	s
SFS.World.StagingDrawer+<>c|<UseStage>b__38_0|1	a
SFS.World.StagingDrawer+<>c|<TogglePartSelected>b__47_0|1	x
SFS.World.StagingDrawer+<>c__DisplayClass28_0|<OnHasControlChange>b__0|1	a
SFS.World.StagingDrawer+<>c__DisplayClass29_0|<OnReorder>b__2|2	a,b
SFS.World.StagingDrawer+<>c__DisplayClass50_0|<CreateStage_UI>b__0|1	duplicateButton
SFS.World.StagingDrawer+<>c__DisplayClass50_0|<CreateStage_UI>b__1|1	removeButton
SFS.World.StagingDrawer+<>c__DisplayClass50_0|<CreateStage_UI>b__2|1	useButton
SFS.World.StagingDrawer+<>c__DisplayClass51_0|<DestroyStage_UI>b__0|1	UI
SFS.World.ThrottleDrawer|OnPlayerChange|1	player
SFS.World.ThrottleDrawer|OnThrottleChange|2	oldValue,newValue
SFS.World.ThrottleDrawer|UseUI_ToSetThrottle|1	newThrottleRaw
SFS.World.ThrottleDrawer|AdjustThrottleRaw|1	delta
SFS.World.ThrottleDrawer|SetThrottleRaw|1	newThrottleRaw
SFS.World.ThrottleDrawer|CanThrottle|1	showMsg
SFS.World.ThrottleDrawer|ApplyCurve|1	a
SFS.World.ThrottleDrawer|ReverseCurve|1	a
SFS.World.VelocityArrowDrawer|OnLocationChange|2	_,location
SFS.World.VelocityArrowDrawer|GetArrowLength|2	velocity,roundToZero
SFS.World.VelocityArrowDrawer|<OnLocationChange>g__SmallGray|7_1|2	s,c
SFS.World.VelocityArrowDrawer|<OnLocationChange>g__BigWhite|7_2|2	s,c
SFS.World.VelocityArrowDrawer|<OnLocationChange>g__WrapSizeAndColor|7_3|3	s,size,c
SFS.World.VelocityArrowDrawer+Arrow|Position|4	t,lineLength,position,directionNormal
SFS.World.VelocityArrowDrawer+Arrow|SetActive|1	active
SFS.World.VelocityArrowDrawer+<>c|<OnLocationChange>b__7_8|1	_
SFS.World.VelocityArrowDrawer+<>c__DisplayClass7_0|<OnLocationChange>g__GetText|4|1	c
SFS.World.VelocityArrowDrawer+<>c__DisplayClass7_0|<OnLocationChange>g__GetText|5|1	c
SFS.World.VelocityArrowDrawer+<>c__DisplayClass7_0|<OnLocationChange>g__GetText_Forward|0|1	c
SFS.World.VelocityArrowDrawer+<>c__DisplayClass7_1|<OnLocationChange>b__6|1	_
SFS.World.VelocityArrowDrawer+<>c__DisplayClass7_1|<OnLocationChange>b__7|1	_
SFS.World.Atmosphere|Create|3	planet,parent,atmospherePrefab
SFS.World.Atmosphere|GetUV|1	verticeCount
SFS.World.Atmosphere|SetLayer|1	layer
SFS.World.FrontClouds|Create|4	planet,parent,cloudsPrefab,material
SFS.World.FrontClouds|CreateMesh|1	planet
SFS.World.FrontClouds|SetLayer|1	layer
SFS.World.Rings|Create|4	planet,parent,ringsPrefab,material
SFS.World.Rings|CreateMesh|1	planet
SFS.World.Rings|SetLayer|1	layer
SFS.World.RockSelector|TrySelect|1	clickPosition
SFS.World.RockSelector|Select|1	a
SFS.World.RockSelector|GetRockID|2	angleRadians,planet
SFS.World.RockSelector|set_Select_DisplayName|1	value
SFS.World.RockSelector|Focus_FocusConditions|2	a,b
SFS.World.TerrainSampler|GetTerrainSamples|4	a,angles_Rad,startAngle_Radians,endAngle_Radians
SFS.World.TerrainSampler|GetTextureSamples|2	planet,angles_Rad
SFS.World.TerrainSampler+TerrainSample|.ctor|2	angles,surfaceArea
SFS.World.TerrainSampler+TerrainSample|GetUserVariable|1	name
SFS.World.TerrainSampler+Executor|Calculate|2	angles_Rad,surfaceArea
SFS.World.TerrainSampler+Executor+SampleCommand|.ctor|2	object,method
SFS.World.TerrainSampler+Executor+SampleCommand|Invoke|1	sampler
SFS.World.TerrainSampler+Executor+SampleCommand|BeginInvoke|3	sampler,callback,object
SFS.World.TerrainSampler+Executor+SampleCommand|EndInvoke|1	result
SFS.World.TerrainSampler+Compiler|Assign|2	variableName,command
SFS.World.TerrainSampler+Compiler|ApplyCurve|2	arguments,log
SFS.World.TerrainSampler+Compiler|AddHeightMap|2	arguments,log
SFS.World.TerrainSampler+Compiler|Add|1	arguments
SFS.World.TerrainSampler+Compiler|Multiply|1	arguments
SFS.World.TerrainSampler+Compiler|ClampMinMax|1	arguments
SFS.World.TerrainSampler+Compiler|Compile|2	formula,log
SFS.World.TerrainSampler+Compiler|<Compile>g__GetFunctionCall|6_0|3	fname,arguments,arg2
SFS.World.TerrainSampler+Compiler+<>c__DisplayClass0_0|<Assign>b__0|1	sampler
SFS.World.TerrainSampler+Compiler+<>c__DisplayClass1_0|<ApplyCurve>b__0|1	sampler
SFS.World.TerrainSampler+Compiler+<>c__DisplayClass2_0|<AddHeightMap>b__0|1	sampler
SFS.World.TerrainSampler+Compiler+<>c__DisplayClass3_0|<Add>b__0|1	sampler
SFS.World.TerrainSampler+Compiler+<>c__DisplayClass4_0|<Multiply>b__0|1	sampler
SFS.World.TerrainSampler+Compiler+<>c__DisplayClass5_0|<ClampMinMax>b__0|1	sampler
SFS.World.WorldEnvironment|Initialize|1	launchPlanetOnly
SFS.World.WorldEnvironment|CreateEnvironments|1	launchPlanetOnly
SFS.World.WorldEnvironment|CreateEnvironment|2	planet,viewPosition
SFS.World.WorldEnvironment|<CreateEnvironments>g__Create|20_0|2	planet,arg1
SFS.World.WorldEnvironment+<>c|<GetViewRangeNormal>b__16_2|1	a
SFS.World.WorldEnvironment+<>c__DisplayClass16_0|<GetViewRangeNormal>g__GetDiff_Rotated|0|1	percent
SFS.World.WorldEnvironment+<>c__DisplayClass16_0|<GetViewRangeNormal>g__GetDiff|1|1	percent
SFS.World.WorldEnvironment+<>c__DisplayClass21_0|<CreateEnvironment>b__0|1	a
SFS.World.EffectManager|CreateExplosion|2	position,size
SFS.World.EffectManager|CreatePartOverheatEffect|2	position,size
SFS.World.EffectManager|CreateSplashEffect|2	position,size
SFS.World.EffectManager|CreateEffect|3	prefab,position,duration
SFS.World.EffectManager|EffectLifecycle|2	effect,duration
SFS.World.EffectManager+Effect|.ctor|1	effect
SFS.World.EffectManager+<>c__DisplayClass11_0+<<EffectLifecycle>g__Coroutine|0>d|.ctor|1	<>1__state
SFS.World.Flag|TryWorldSelect|1	data
SFS.World.Flag|CanTimewarp|3	logger,showSpeed,inWater
SFS.World.Flag|ClampTrackingOffset|2	trackingOffset,cameraDistance
SFS.World.Flag|OnInputEnd_AsPlayer|1	data
SFS.World.Flag+<AnimateFoldout>d__13|.ctor|1	<>1__state
SFS.World.GameCamerasManager|SetCameraAngle|1	newCameraAngle
SFS.World.GameManager|AddAxis|2	axis,output
SFS.World.GameManager|AddOnKeyDown|2	key,action
SFS.World.GameManager|AddOnKey|2	key,action
SFS.World.GameManager|RevertToLaunch|1	skipConfirmation
SFS.World.GameManager|RevertToBuild|1	skipConfirmation
SFS.World.GameManager|UpdatePersistent|3	cache,addToRevert,deleteRevert
SFS.World.GameManager|LoadAndLaunch|1	save
SFS.World.GameManager|LoadSaveForLaunch|2	save,logger
SFS.World.GameManager|LoadSave|3	save,forLaunch,logger
SFS.World.GameManager|IsOnLaunchpad|2	planet,position
SFS.World.GameManager|<Start>b__9_1|2	save,logger
SFS.World.GameManager+<>c|<OpenMenu>b__13_7|1	b
SFS.World.GameManager+<>c|<OpenMenu>b__13_9|1	b
SFS.World.GameManager+<>c|<CreateWorldSave>b__25_0|1	rocket
SFS.World.ElementDrawer|DrawTextElement|8	text,anchorNormal,fontSize,color,position,priority,clearBelow,renderOrder
SFS.World.ElementDrawer|RegisterElement|5	priority,size,position,textMesh,clearBelow
SFS.World.ElementDrawer|GetTextAnchorFromDirection|1	normal
SFS.World.ElementDrawer|GetTextAnchorFromDirection|2	normal,text
SFS.World.GameSelector|<LateUpdate>g__IsAstronautInRange|22_0|2	a,arg1
SFS.World.GameSelector+Selectable_Local|IsEqual|2	a,b
SFS.World.GameSelector+<>c__DisplayClass17_0|<Rename>b__0|1	input
SFS.World.GameSelector+<>c__DisplayClass17_0|<Rename>g__ApplyRename|1|1	input
SFS.World.MapPlayer|Focus_FocusConditions|2	relativePosition,viewDistance
SFS.World.SelectableObject|set_Select_DisplayName|1	value
SFS.World.SelectableObject|Focus_FocusConditions|2	relativePosition,viewDistance
SFS.World.Player|ClampTrackingOffset|2	trackingOffset,cameraDistance
SFS.World.Player|OnInputEnd_AsPlayer|1	data
SFS.World.Player|TryWorldSelect|1	data
SFS.World.Player|CanTimewarp|3	logger,showSpeed,isInWater
SFS.World.Resources|SetupResourceGroups|1	rocket
SFS.World.Resources|ToggleTransfer|2	part,group
SFS.World.Resources|RemoveInvalidTransfers|1	holder
SFS.World.Resources|<SetupResourceGroups>b__6_0|1	collection
SFS.World.Resources+Transfer|.ctor|2	part,group
SFS.World.Staging|SetStages|2	newStages,record
SFS.World.Staging|ClearStages|1	record
SFS.World.Staging|InsertStage|3	a,record,index
SFS.World.Staging|RemoveStage|2	a,record
SFS.World.Staging|CreateStages|2	stages,parts
SFS.World.Staging|OnSplit|2	parentRocket,childRocket
SFS.World.Staging|OnMerge|2	A,B
SFS.World.Staging|ApplyReorder|1	order
SFS.World.Staging|Load|3	stageSaves,parts,record
SFS.World.Staging|GetForUndo|1	a
SFS.World.Staging|GetPartGridType|2	part,index
SFS.World.Staging+<>c__DisplayClass13_0|<ApplyReorder>b__0|2	a,b
SFS.World.Staging+<>c__DisplayClass14_0|<Load>b__0|1	stageSave
SFS.World.PlayerController|CreateShakeEffect|4	intensity,duration,range,position
SFS.World.PlayerController|SetOffset|2	offset,smoothTime
SFS.World.PlayerController|CyclePlayable|1	offset
SFS.World.PlayerController|OnZoom|1	data
SFS.World.PlayerController|OnDrag|1	data
SFS.World.PlayerController|OnInputEnd|1	data
SFS.World.PlayerController|TrySelect|2	position,players
SFS.World.PlayerController|OnPlayerChange|2	oldValue,newValue
SFS.World.PlayerController|ClampTrackingOffset|2	oldValue,newValue
SFS.World.PlayerController|ClampCameraDistance|2	oldValue,newValue
SFS.World.PlayerController|HasControl|1	logger
SFS.World.PlayerController|SmoothChangePlayer|2	newPlayer,smoothTime
SFS.World.PlayerController|<CyclePlayable>g__GetX|16_3|1	a
SFS.World.PlayerController|<CyclePlayable>g__GetX_Base|16_4|1	pos
SFS.World.PlayerController+ShakeEffect|.ctor|3	intensity,duration,spawnTime
SFS.World.PlayerController+<>c|<CyclePlayable>b__16_0|1	rocket
SFS.World.PlayerController+<>c|<CyclePlayable>b__16_1|1	astronaut
SFS.World.PlayerController+<>c|<CyclePlayable>b__16_2|1	flag
SFS.World.PlayerController+<>c|<CyclePlayable>b__16_5|2	a,b
SFS.World.PlayerController+<>c|<OnInputEnd>b__19_0|1	a
SFS.World.PlayerController+<>c|<OnInputEnd>b__19_1|1	a
SFS.World.PlayerController+<>c|<OnInputEnd>b__19_2|1	a
SFS.World.PlayerController+<>c|<TrySelect>b__20_0|1	p
SFS.World.PlayerController+<>c|<TrackPlayer>b__28_0|1	a
SFS.World.PlayerController+<>c|<TrackPlayer>b__28_1|1	a
SFS.World.PlayerController+<>c|<TrackPlayer>b__28_2|1	engine
SFS.World.PlayerController+<>c|<TrackPlayer>b__28_3|1	booster
SFS.World.PlayerController+<>c|<TrackPlayer>b__28_4|1	rcs
SFS.World.PlayerController+<>c|<TrackPlayer>b__28_5|1	t
SFS.World.PlayerController+<>c__DisplayClass16_0|<CyclePlayable>b__6|1	a
SFS.World.PlayerController+<>c__DisplayClass20_0|<TrySelect>b__1|1	player
SFS.World.Rocket|EnableCollisionImmunity|1	duration
SFS.World.Rocket|SetJointGroup|1	jointsGroup
SFS.World.Rocket|SetParts|1	newParts
SFS.World.Rocket|ClampTrackingOffset|2	trackingOffset,cameraDistance
SFS.World.Rocket|OnInputEnd_AsPlayer|1	data
SFS.World.Rocket|ClickPart|1	position
SFS.World.Rocket|RaycastPart|2	position,hit
SFS.World.Rocket|CanUsePart|1	part
SFS.World.Rocket|TryWorldSelect|1	data
SFS.World.Rocket|CanTimewarp|3	logger,showSpeed,isInWater
SFS.World.Rocket|UseParts|2	fromStaging,regions
SFS.World.Rocket|SetPlayerToBestControllable|1	rockets
SFS.World.Rocket|GetTurnAxis|2	torque,useStopRotation
SFS.World.Rocket|GetStopRotationTurnAxis|1	torque
SFS.World.Rocket|SFS.World.I_Physics.set_PhysicsMode|1	value
SFS.World.Rocket|SFS.World.I_Physics.set_LocalPosition|1	value
SFS.World.Rocket|SFS.World.I_Physics.set_LocalVelocity|1	value
SFS.World.Rocket|SFS.World.I_Physics.OnFixedUpdate|1	gravity
SFS.World.Rocket|<Awake>b__17_0|1	addedModule
SFS.World.Rocket|<Awake>b__17_1|1	removedModule
SFS.World.Rocket+INJ_Rocket|set_Rocket|1	value
SFS.World.Rocket+INJ_IsPlayer|set_IsPlayer|1	value
SFS.World.Rocket+INJ_HasControl|set_HasControl|1	value
SFS.World.Rocket+INJ_ThrottleOn|set_ThrottleOn|1	value
SFS.World.Rocket+INJ_Throttle|set_Throttle|1	value
SFS.World.Rocket+INJ_TurnAxisTorque|set_TurnAxis|1	value
SFS.World.Rocket+INJ_TurnAxisWheels|set_TurnAxis|1	value
SFS.World.Rocket+INJ_DirectionalAxis|set_DirectionalAxis|1	value
SFS.World.Rocket+INJ_Physics|set_Rb2d|1	value
SFS.World.Rocket+INJ_Location|set_Location|1	value
SFS.World.Rocket+<>c|<Awake>b__17_3|1	module
SFS.World.Rocket+<>c|<TryWorldSelect>b__36_0|1	part
SFS.World.Rocket+<>c|<CanTimewarp>b__37_0|1	a
SFS.World.Rocket+<>c|<CanTimewarp>b__37_1|1	a
SFS.World.Rocket+<>c|<SetPlayerToBestControllable>b__39_0|2	a,b
SFS.World.Rocket+<>c|<OnRealtimePhysicsChange>b__45_0|1	engine
SFS.World.Rocket+<>c|<get_IsOnSurface>b__84_0|1	a
SFS.World.Rocket+<>c__DisplayClass30_0|<GetSizeRadius>b__0|1	part
SFS.World.Rocket+<>c__DisplayClass36_0|<TryWorldSelect>b__1|1	x
SFS.World.RocketManager|SpawnBlueprint|1	blueprint
SFS.World.RocketManager|GenerateJoints|1	parts
SFS.World.RocketManager|SpawnRockets|1	groups
SFS.World.RocketManager|GetSpawnLocation|1	group
SFS.World.RocketManager|LoadRocket|2	rocketSave,hasNonOwnedParts
SFS.World.RocketManager|CreateRocket_Child|3	jointGroup,parentRocket,offset
SFS.World.RocketManager|CreateRocket|9	jointGroup,rocketName,throttleOn,throttlePercent,RCS,rotation,angularVelocity,location,physicsMode
SFS.World.RocketManager|MergeRockets|5	rocket_A,part_A,rocket_B,part_B,anchor
SFS.World.RocketManager|DestroyRocket|2	rocket,reason
SFS.World.RocketManager|<GenerateJoints>g__Create|6_0|4	chunk_A,chunk_B,same,arg3
SFS.World.RocketManager+<>c|<SpawnBlueprint>b__5_0|1	a
SFS.World.RocketManager+<>c|<SpawnBlueprint>b__5_1|1	a
SFS.World.RocketManager+<>c|<LoadRocket>b__9_0|1	a
SFS.World.RocketManager+<>c__DisplayClass10_0|<CreateRocket_Child>g__GetLocation|0|1	childRocket
SFS.World.RocketManager+<>c__DisplayClass6_1|<GenerateJoints>b__1|1	line
SFS.World.RocketManager+<>c__DisplayClass6_1|<GenerateJoints>b__2|1	poly
SFS.World.RocketManager+<>c__DisplayClass7_0|<SpawnRockets>b__0|1	a
SFS.World.RocketManager+<>c__DisplayClass9_0|<LoadRocket>b__1|1	a
SFS.World.RocketManager+<>c__DisplayClass9_0|<LoadRocket>b__2|1	a
SFS.World.StageSave+<>c__DisplayClass2_0|<CreateSaves>b__0|1	stage
SFS.World.I_Path|GetLocation|1	time
SFS.World.I_Path|GetStopTimewarpTime|2	timeOld,timeNew
SFS.World.WorldParticle|Spawn|1	particles
SFS.World.WorldParticle|Spawn|1	particles
SFS.World.WorldParticle|Simulate|1	deltaTime
SFS.World.WorldParticle|OnPositionOffset|1	offset
SFS.World.WorldParticle|OnVelocityOffset|1	offset
SFS.World.WorldParticle|Apply|1	action
SFS.World.WorldParticle|<GetInstance>b__7_0|1	a
SFS.World.WorldParticle+<>c__DisplayClass11_0|<Simulate>b__0|1	particles
SFS.World.WorldParticle+<>c__DisplayClass12_0|<OnPositionOffset>b__0|1	particles
SFS.World.WorldParticle+<>c__DisplayClass13_0|<OnVelocityOffset>b__0|1	particles
SFS.World.WorldSave+LocationData+LocationConverter|CanConvert|1	objectType
SFS.World.WorldSave+LocationData+LocationConverter|ReadJson|4	reader,objectType,existingValue,serializer
SFS.World.WorldSave+LocationData+LocationConverter|WriteJson|3	writer,value,serializer
SFS.World.WorldSave+LocationData+LocationConverter|ReadLocationData|1	jObject
SFS.World.WorldSave+<>c__DisplayClass10_0|<Save_CareerState>b__0|1	a
SFS.World.WorldSave+<>c__DisplayClass11_0|<Save_AstronautStates>b__0|1	a
SFS.World.WorldTime|CanTimewarp|3	showMsg,showSpeed,isInWater
SFS.World.WorldTime|ShowCannotTimewarpBelowHeightMsg|3	height,logger,showSpeed
SFS.World.WorldTime|ShowCannotTimewarpMsg|2	msg,logger
SFS.World.WorldTime|SetTimewarpIndex_ForLoad|1	timewarpIndex
SFS.World.WorldTime|ApplyState|1	showMsg
SFS.World.WorldTime|GetTimewarpSpeed_Physics|1	timewarpIndex_Physics
SFS.World.WorldTime|GetTimewarpSpeed_Rails|1	timewarpIndex_Rails
SFS.World.WorldTime|StopTimewarp|1	showMsg
SFS.World.WorldTime|CheckStopTimewarp_ForUpdate|2	timeOld,timeNew
SFS.World.WorldTime|SetState|3	timewarpSpeed,realtimePhysics,showMsg
SFS.World.WorldTime+<>c|<get_MaxIndex>b__18_0|1	a
SFS.World.WorldView|set_ViewLocation|1	value
SFS.World.WorldView|ToGlobalPosition|1	localPosition
SFS.World.WorldView|ToGlobalVelocity|1	localVelocity
SFS.World.WorldView|ToLocalPosition|1	globalPosition
SFS.World.WorldView|ToLocalVelocity|1	globalVelocity
SFS.World.WorldView|SetViewLocation|1	newValue
SFS.World.WorldView|GetOffset|2	a,b
SFS.World.Terrain.DynamicTerrain|Create|11	planet,position,setupChunk,verticeSizeMultiplier,loadDistanceMultiplier,layer,material,useTerrainUV,chunkPrefab,rockData,rockPrefab
SFS.World.Terrain.DynamicTerrain|Initialized|2	planet,position
SFS.World.Terrain.DynamicTerrain|SetViewPosition|1	newPosition
SFS.World.Terrain.DynamicTerrain|SetLayer|1	layer
SFS.World.Terrain.DynamicTerrain+DynamicChunk|.ctor|4	owner,parentChunk,from,LOD
SFS.World.Terrain.DynamicTerrain+DynamicChunk|TrySplit|1	loader
SFS.World.Terrain.DynamicTerrain+DynamicChunk|TryMerge|1	loader
SFS.World.Terrain.DynamicTerrain+DynamicChunk|GetDistanceToViewPosition|1	loader
SFS.World.Terrain.DynamicTerrain+DynamicChunk|Split|2	firstHalf,secondHalf
SFS.World.Terrain.DynamicTerrain+DynamicChunk|SetLayer|1	layer
SFS.World.Terrain.DynamicTerrain+DynamicChunk+<>c|<GenerateRocks>b__12_1|1	a
SFS.World.Terrain.Chunk+TerrainPoints|.ctor|1	pointCount
SFS.World.Terrain.TerrainColliderManager|AddChunks|2	indexes,owner
SFS.World.Terrain.TerrainColliderManager|RemoveChunks|2	indexes,owner
SFS.World.Terrain.TerrainColliderManager|GetAngularChunkSize|1	planet
SFS.World.Terrain.TerrainColliderManager+Chunk|.ctor|4	from,size,planet,holder
SFS.World.Terrain.TerrainColliderManager+Chunk+<>c|<.ctor>b__3_0|1	a
SFS.World.Terrain.TerrainColliderModule|<Start>b__3_0|2	_,_
SFS.World.Terrain.TerrainColliderModule+<>c__DisplayClass5_0|<UpdateChunks>b__0|1	a
SFS.World.Terrain.TerrainColliderModule+<>c__DisplayClass5_0|<UpdateChunks>b__1|1	a
SFS.World.Maps.MapAstronaut|set_Select_DisplayName|1	value
SFS.World.Maps.MapAstronaut|CanRecover|1	astronaut
SFS.World.Maps.Landmark|Initialize|2	data,planet
SFS.World.Maps.Landmark|GetDisplayName|1	codeName
SFS.World.Maps.MapFlag|set_Select_DisplayName|1	value
SFS.World.Maps.LineDrawer|DrawLine|4	points,planet,startColor,endColor
SFS.World.Maps.LineDrawer|Reset|1	toReset
SFS.World.Maps.MapDrawer|DrawPointWithText|9	dotSize,dotColor,text,textSize,textColor,position,normal,priority,renderOrder
SFS.World.Maps.MapDrawer|DrawPoint|6	dotSize,dotColor,position,priority,clearBelow,renderOrder
SFS.World.Maps.MapDrawer|GetFadeIn|3	distance,startFadeIn,completeFadeIn
SFS.World.Maps.MapDrawer|GetFadeOut|3	distance,startFadeOut,completeFadeOut
SFS.World.Maps.MapDrawer|GetPosition|1	a
SFS.World.Maps.MapDrawer|GetPosition|2	planet,position
SFS.World.Maps.MapDrawer|<UpdateOrbitLinesAlpha>g__GetOrbitLineAlpha|4_0|4	depth,targetDepth,SOI,positionDistance
SFS.World.Maps.MapEnvironment|CreateEnvironment|2	planet,cameraPosition
SFS.World.Maps.MapEnvironment|CreateCircle|6	radius,parent,sprite,color,sortingOrder,name
SFS.World.Maps.MapEnvironment|CreateTerrain|3	planet,positionToCamera,parent
SFS.World.Maps.MapEnvironment|SetupChunk|1	a
SFS.World.Maps.MapEnvironment+<>c__DisplayClass6_0|<CreateEnvironments>b__0|1	planet
SFS.World.Maps.MapIcon|SetRotation|1	newRotation
SFS.World.Maps.MapManager|OnInputEnd|1	data
SFS.World.Maps.MapManager|TrySelect|1	clickPosition
SFS.World.Maps.MapManager|RaycastMapElements|1	clickPosition
SFS.World.Maps.MapManager|DrawPlanetName|4	normal,planet,selected,target
SFS.World.Maps.MapManager|<RaycastMapElements>g__GetDistanceSqrt|8_2|2	A,position
SFS.World.Maps.MapManager+<>c__DisplayClass8_0|<RaycastMapElements>b__0|1	element
SFS.World.Maps.MapManager+<>c__DisplayClass8_0|<RaycastMapElements>b__1|2	a,b
SFS.World.Maps.MapNavigation|OnPlayerChange|1	newPlayer
SFS.World.Maps.MapNavigation|ToggleTarget|1	A
SFS.World.Maps.MapNavigation|SetTarget|1	newTarget
SFS.World.Maps.MapNavigation|DrawTargetIcon|1	drawTargetIcon
SFS.World.Maps.MapNavigation|Rendezvous|4	location,fromOrbit,targetOrbit,encounterText
SFS.World.Maps.MapNavigation|EscapeToParent_Reentry|2	location,fromOrbit
SFS.World.Maps.MapNavigation|EscapeToEncounter|4	location,fromOrbits,targetOrbit,encounterText
SFS.World.Maps.MapNavigation|ValidateEjectionAngle|3	location,ejectionTolerance,ejectionOrbit
SFS.World.Maps.MapNavigation|ValidateTransferEfficiency|3	transfer,targetOrbit,below
SFS.World.Maps.MapNavigation|DrawDeltaV|2	location,departure
SFS.World.Maps.MapNavigation|WontBlink|1	orbit
SFS.World.Maps.MapNavigation|<DrawNavigation>g__GetOrbits|9_0|2	a,orbits
SFS.World.Maps.MapNavigation|<EscapeToEncounter>g__TryGetFutureOnCurrentPath|12_0|2	forTest,arg1
SFS.World.Maps.ManeuverTree|AddManeuver|3	orbit,deltaV,draw
SFS.World.Maps.ManeuverTree|GetBestBranch|1	deltaV
SFS.World.Maps.ManeuverTree|DrawAll|2	exclude,color
SFS.World.Maps.Maneuver|.ctor|3	orbit,deltaV,draw
SFS.World.Maps.MapPlanet|set_Select_DisplayName|1	value
SFS.World.Maps.MapPlanet|Focus_FocusConditions|2	relativePosition,viewDistance
SFS.World.Maps.MapPlanet+<>c|<get_FocusDistance>b__14_0|1	satellite
SFS.World.Maps.MapRocket|set_Select_DisplayName|1	value
SFS.World.Maps.MapRocket|CanRecover|2	rocket,checkAchievements
SFS.World.Maps.MapView|ToConstantSize|1	a
SFS.World.Maps.MapView|ViewDistanceFilter|2	oldValue,newValue
SFS.World.Maps.MapView|OnTargetChange|2	valueOld,valueNew
SFS.World.Maps.MapView|OnDrag|1	data
SFS.World.Maps.MapView|OnZoom|1	data
SFS.World.Maps.MapView|ToggleFocus|2	a,zoom
SFS.World.Maps.MapView|FocusForTimewarpTo|1	a
SFS.World.Maps.MapView|SwitchTarget|2	oldTarget,newTarget
SFS.World.Maps.MapView|SetViewSmooth|1	newView
SFS.World.Maps.MapView|SetViewSmooth|3	oldView,newView,curve
SFS.World.Maps.MapView|TransitionView|4	oldView,newView,transitionTime,curve
SFS.World.Maps.MapView+View|.ctor|3	target,position,distance
SFS.World.Maps.MapView+View|Lerp|3	a,b,t
SFS.World.Maps.MapView+View|ToLogarithmicLerp|3	distance_A,distance_B,t
SFS.World.Maps.MapView+MapObject_Local|IsEqual|2	a,b
SFS.World.Maps.MapView+<>c|<get_MaxViewDistance>b__2_0|1	planet
SFS.World.Maps.MapView+<>c|<get_MaxViewDistance>b__2_1|1	planet
SFS.World.Maps.MapView+<TransitionView>d__21|.ctor|1	<>1__state
SFS.World.Maps.TimewarpTo|TrySelect|1	clickPosition
SFS.World.Maps.TimewarpTo|RaycastOrbits|1	clickPosition
SFS.World.Maps.TimewarpTo|IsInClickRange|4	orbit,angleRadians,positionToPlanet,distance
SFS.World.Maps.TimewarpTo|RaycastTransferWindows|1	clickPosition
SFS.World.Maps.TimewarpTo|GetPosition|2	a,position
SFS.World.Maps.TimewarpTo|TryGetRadiusFromAngle|3	orbit,angleRadians,radius
SFS.World.Maps.TimewarpTo|<Start>b__3_0|1	mapMode
SFS.World.Maps.TimewarpTo|<StartTimewarp>g__StartWarp|13_0|2	warpTime,warp
SFS.World.Maps.TrajectoryDrawer|DrawSolid|4	trajectory,drawStats,drawStartAndEndText,alpha
SFS.World.Maps.TrajectoryDrawer|DrawDashed|5	orbit,drawStats,drawStartText,drawEndText,color
SFS.World.Maps.TrajectoryDrawer|DrawOrbit|6	orbit,c,drawStats,drawStartText,drawEndText,lineDrawer
SFS.World.Maps.TrajectoryDrawer|GetOrbitAlpha|1	orbit
SFS.World.Maps.TrajectoryDrawer|DrawOrbit|9	orbit,startTrueAnomaly,endTrueAnomaly,startText,endText,c,startAlpha,endAlpha,lineDrawer
SFS.World.Maps.TrajectoryDrawer|DrawHeight|4	orbit,color,radius,trueAnomaly
SFS.World.Drag.AeroModule|ApplyForce|4	exposedSurfaces,location,localToWorld,g_ForSound
SFS.World.Drag.AeroModule|CalculateDragForce|1	surfaces
SFS.World.Drag.AeroModule|FixedUpdate_Reentry_And_Heating|5	temperature,exposedSurfaces,velocityAngleRad,localToWorld,drewReentryMesh
SFS.World.Drag.AeroModule|GetTemperatureAndShockwave|4	location,Q,shockOpacity,temperature
SFS.World.Drag.AeroModule|GetIntensity|2	value,halfPoint
SFS.World.Drag.AeroModule|GetHeatTolerance|1	a
SFS.World.Drag.AeroModule|GetExposedSurfaces|1	surfacesList
SFS.World.Drag.AeroModule|Sort|1	list
SFS.World.Drag.AeroModule|RadixSort|2	keys,values
SFS.World.Drag.AeroModule|RemoveHighSlopeSurfaces|2	surfaces,maxSlope
SFS.World.Drag.AeroModule|ApplyProtectionZone|1	surfaces
SFS.World.Drag.AeroModule|RotateSurfaces|2	surfaces,localToWorld
SFS.World.Drag.AeroModule|IsInsideAtmosphereAndIsMoving|1	location
SFS.World.Drag.AeroModule|GetDragSurfaces|1	rotate
SFS.World.Drag.AeroModule|AddForceAtPosition|2	force,position
SFS.World.Drag.AeroModule|<FixedUpdate>g__Formula|9_0|2	a,center
SFS.World.Drag.AeroModule|<GetExposedSurfaces>g__RemoveSection|16_1|2	ii,arg1
SFS.World.Drag.AeroModule|<GetExposedSurfaces>g__SetSectionStart|16_2|5	part,start,arg2,arg3,arg4
SFS.World.Drag.AeroModule|<GetExposedSurfaces>g__SetSectionEnd|16_3|5	part,end,arg2,arg3,arg4
SFS.World.Drag.AeroModule|<GetExposedSurfaces>g__InsertSection|16_0|5	ii,part,start,end,arg4
SFS.World.Drag.AeroModule+<>c__DisplayClass19_0|<RemoveHighSlopeSurfaces>b__0|1	surface
SFS.World.Drag.Surface|.ctor|3	owner,valid,line
SFS.World.Drag.HeatManager|ApplyHeat|3	exposedSurfaces,temperature,frameIndex
SFS.World.Drag.HeatManager|DissipateHeat|1	frameIndex
SFS.World.Drag.HeatManager|OnSetParts|1	newParts
SFS.World.Drag.HeatManager|GetMostHeatedModules|1	count
SFS.World.Drag.HeatManager|HeatPart|1	a
SFS.World.Drag.HeatManager|<GetMostHeatedModules>g__GetTargetIndex|6_0|2	module,arg1
SFS.World.Drag.HeatManager|<GetMostHeatedModules>g__GetHeatScore|6_1|1	module
SFS.World.Drag.HeatModuleBase|set_Temperature|1	value
SFS.World.Drag.HeatModuleBase|set_LastAppliedIndex|1	value
SFS.World.Drag.HeatModuleBase|set_ExposedSurface|1	value
SFS.World.Drag.HeatModuleBase|OnOverheat|1	breakup
SFS.World.Drag.Water_Rocket|<FixedUpdate>g__Calculate|2_1|4	a,b,arg2,arg3
SFS.World.Drag.Water_Rocket|<FixedUpdate>g__Calculate|2_2|6	a,b,heightA,heightB,arg4,arg5
SFS.World.Drag.Water_Rocket|<FixedUpdate>g__GetWaveHeight|2_0|2	x,arg1
SFS.World.Drag.Aero_Astronaut|GetDragSurfaces|1	rotate
SFS.World.Drag.Aero_Astronaut|AddForceAtPosition|2	force,position
SFS.World.Drag.Aero_Astronaut+<>c__DisplayClass5_0|<GetDragSurfaces>b__0|1	p
SFS.World.Drag.Aero_Astronaut+<>c__DisplayClass5_0|<GetDragSurfaces>g__AddLine|1|2	a,b
SFS.World.Drag.Aero_Rocket|GetDragSurfaces|1	rotate
SFS.World.Drag.Aero_Rocket|GetDragSurfaces|2	partsHolder,rotate
SFS.World.Drag.Aero_Rocket|ApplyParachuteDrag|2	force,centerOfDrag_World
SFS.World.Drag.Aero_Rocket|AddForceAtPosition|2	force,position
SFS.World.Drag.Aero_Rocket|<GetDragSurfaces>g__AddLine|5_0|4	a,b,arg2,arg3
SFS.World.Legacy.LegacyConverter|CheckAndConvert_Planet|5	name,jsonText,log,converted,success
SFS.World.Legacy.LegacyConverter|FromJson_Old|1	jsonData
SFS.World.Legacy.LegacyConverter|Convert_Planet|1	oldData
SFS.World.Legacy.LegacyConverter|Convert_TerrainFormula|2	oldData,formula
SFS.World.Legacy.LegacyConverter|Convert_Terrain|1	oldData
SFS.World.Legacy.LegacyConverter|Convert_PostProcessing|1	oldData
SFS.World.Legacy.LegacyConverter|Convert_Orbit|1	oldData
SFS.World.Legacy.LegacyConverter|Convert_Basic|1	oldData
SFS.World.Legacy.LegacyConverter|Convert_Atmosphere_Physics|1	oldData
SFS.World.Legacy.LegacyConverter|Convert_Atmosphere_Visuals|2	oldData,oldPlanet
SFS.World.Legacy.LegacyConverter+<>c|<Convert_PostProcessing>b__5_0|1	oldKey
SFS.World.Legacy.LegacyConverter+<>c|<Convert_Atmosphere_Visuals>b__9_0|1	oldFogKey
SFS.IO.BasePath|set_Path|1	value
SFS.IO.BasePath|.ctor|1	initialLocation
SFS.IO.BasePath|op_Implicit|1	wrapper
SFS.IO.FilePath|.ctor|1	initialLocation
SFS.IO.FilePath|WriteText|1	text
SFS.IO.FilePath|WriteBytes|1	data
SFS.IO.FilePath|AppendText|1	text
SFS.IO.FilePath|Move|1	path
SFS.IO.FilePath|Copy|1	path
SFS.IO.FilePath|CleanupName|1	fileName
SFS.IO.FilePath|GetRelativePath|1	root
SFS.IO.FilePath|Write|1	writeAction
SFS.IO.FolderPath|set_FolderName|1	value
SFS.IO.FolderPath|.ctor|1	initialLocation
SFS.IO.FolderPath|CloneAndExtend|1	path
SFS.IO.FolderPath|Extend|1	path
SFS.IO.FolderPath|RenameFolder|1	name
SFS.IO.FolderPath|ExtendToFile|1	nameWithExtension
SFS.IO.FolderPath|ExtendToFile|2	nameWithExtension,createNecessaryFolders
SFS.IO.FolderPath|GetRelativePath|1	root
SFS.IO.FolderPath|GetFilesInFolder|1	recursively
SFS.IO.FolderPath|GetFoldersInFolder|1	recursively
SFS.IO.FolderPath|Move|1	path
SFS.IO.FolderPath+<EnumerateContents>d__16|.ctor|1	<>1__state
SFS.IO.FolderPath+<EnumerateContentsRecursively>d__17|.ctor|1	<>1__state
SFS.IO.FolderPath+<GetFilesInFolder>d__14|.ctor|1	<>1__state
SFS.IO.FolderPath+<GetFoldersInFolder>d__15|.ctor|1	<>1__state
SFS.IO.OrderedPathList|.ctor|2	root,paths
SFS.IO.OrderedPathList|Rename|2	oldName,newName
SFS.IO.OrderedPathList|Move|2	name,newIndex
SFS.IO.OrderedPathList|Remove|1	name
SFS.IO.OrderedPathList+<>c|<.ctor>b__3_0|2	a,b
SFS.IO.OrderedPathList+<>c__DisplayClass7_0|<Remove>b__0|1	fileName
SFS.IO.PathUtility|MakeUsable|2	name,defaultName
SFS.IO.PathUtility|AutoNameExisting|2	name,path
SFS.IO.PathUtility|AutoNameExisting|2	name,pathList
SFS.IO.PathUtility|UseUntakenName|2	name,taken
SFS.IO.PathUtility|IsValidFileName|1	name
SFS.IO.PathUtility+<>c|<IsValidFileName>b__4_0|1	c
SFS.Input.InputManager|add_onReset|1	value
SFS.Input.InputManager|remove_onReset|1	value
SFS.Input.InputManager|CheckMouseOverState|1	touchPosition
SFS.Input.InputManager|InputStart|3	inputIndex,inputType,touchPosition
SFS.Input.InputManager|InputStay|4	inputIndex,inputType,touchPosition,delta
SFS.Input.InputManager|TouchEnd|3	inputIndex,inputType,touchPosition
SFS.Input.InputManager|ApplyDrag|1	delta
SFS.Input.InputManager|ApplyZoom|1	zoom
SFS.Input.InputManager|GetTouchesCountOnElement|1	touchable
SFS.Input.InputManager|HasMoved|2	a,b
SFS.Input.InputManager|<GetMouseInputs>g__ProcessMouseButton|8_0|3	index,inputType,arg2
SFS.Input.InputManager+InputState|.ctor|4	element,touchDownPosPixel,touchDownTime,lastTouchPosPixel
SFS.Input.InputManager+<>c__DisplayClass15_0|<GetTouchesCountOnElement>b__0|1	a
SFS.Input.OnInputStartData|.ctor|2	inputType,position
SFS.Input.OnInputStayData|.ctor|3	inputType,position,delta
SFS.Input.OnInputEndData|.ctor|3	inputType,position,click
SFS.Input.OnTouchLongClickData|.ctor|1	position
SFS.Input.OnNotStationary|.ctor|1	inputType
SFS.Input.TouchPosition|.ctor|1	pixel
SFS.Input.TouchPosition|World|1	positionZ
SFS.Input.DragData|.ctor|1	deltaPixel
SFS.Input.DragData|DeltaWorld|1	positionZ
SFS.Input.ZoomData|.ctor|2	zoomDelta,zoomPosition
SFS.Input.TouchElements|RaycastElements|1	touchPosition
SFS.Input.TouchElements|RaycastElements_MouseScroll|1	touchPosition
SFS.Input.TouchElements|AddElement|1	element
SFS.Input.TouchElements|RemoveElement|1	element
SFS.Input.TouchElements|SortCompare|2	a,b
SFS.Input.TouchElements|SortCompare|2	path_A,path_B
SFS.Input.TouchElements|GetPriority|1	a
SFS.Input.TouchElements|PointcastElement|8	position,a,advancedBorder,border,top,bottom,left,right
SFS.Input.I_Touchable|PointcastElement|1	position
SFS.Input.I_Touchable|OnInputStart|1	data
SFS.Input.I_Touchable|OnInputStay|1	data
SFS.Input.I_Touchable|OnInputEnd|1	data
SFS.Input.I_Touchable|OnTouchLongClick|1	data
SFS.Input.I_Touchable|OnNotStationary|1	data
SFS.Input.I_Touchable|OnDrag|1	data
SFS.Input.I_Touchable|OnZoom|1	data
SFS.Input.InputMask2D|Pointcast|1	canvasPosition
SFS.Input.ScreenManager|set_CurrentScreen|1	value
SFS.Input.ScreenManager|SetStack|1	screen
SFS.Input.ScreenManager|OpenScreen|1	screen
SFS.Input.Screen_Base|AddOnKeyDown|2	key,action
SFS.Input.Screen_Game|SFS.Input.I_Touchable.PointcastElement|1	position
SFS.Input.Screen_Game|SFS.Input.I_Touchable.OnInputStart|1	data
SFS.Input.Screen_Game|SFS.Input.I_Touchable.OnInputStay|1	data
SFS.Input.Screen_Game|SFS.Input.I_Touchable.OnInputEnd|1	data
SFS.Input.Screen_Game|SFS.Input.I_Touchable.OnTouchLongClick|1	data
SFS.Input.Screen_Game|SFS.Input.I_Touchable.OnNotStationary|1	data
SFS.Input.Screen_Game|SFS.Input.I_Touchable.OnDrag|1	data
SFS.Input.Screen_Game|SFS.Input.I_Touchable.OnZoom|1	data
SFS.Input.Axis|AddPositiveKey|1	positiveKey
SFS.Input.Axis|AddNegativeKey|1	negativeKey
SFS.Input.Axis+<>c|<UpdateValue>b__3_0|1	positiveKey
SFS.Input.Axis+<>c|<UpdateValue>b__3_1|1	negativeKey
SFS.Input.TextBox|set_Text|1	value
SFS.Input.TextBox|GetDisplayText|1	useBlink
SFS.Input.TextBox|ClampToCharacterLimit|1	text
SFS.Input.TextBox+<HoldingBackspace>d__13|.ctor|1	<>1__state
SFS.Input.TextBox+<HoldingLeftArrow>d__14|.ctor|1	<>1__state
SFS.Input.TextBox+<HoldingRightArrow>d__15|.ctor|1	<>1__state
SFS.Input.KeyBinder|Initialize|4	holder,key,defaultKey,apply
SFS.Input.KeyBinder|GetDisplayName|1	k
SFS.Input.KeybindingsPC|Create|3	key,defaultKey,name
SFS.Input.KeybindingsPC|Create|3	keys,defaultKeys,name
SFS.Input.KeybindingsPC|Create|4	keys,defaultKeys,name,apply
SFS.Input.KeybindingsPC|CreateText|1	text
SFS.Input.KeybindingsPC+Key|Ctrl_|1	key
SFS.Input.KeybindingsPC+Key|op_Implicit|1	key
SFS.Parts.CustomAssetsPacksLoader|LoadPackAssets|1	allAssets
SFS.Parts.CustomAssetsPacksLoader+<>c|<LoadAssetPacks>b__0_2|1	x
SFS.Parts.CustomAssetsPacksLoader+<LoadAssetPacks>d__0|SetStateMachine|1	stateMachine
SFS.Parts.TextureLoader|CreateExampleTexturePack|3	basePath,serializer,serializerForShadowTexture
SFS.Parts.TextureLoader|LoadTexturePack|3	folder,serializer,serializerForShadowTexture
SFS.Parts.TextureLoader+T2DConverter|ReadJson|5	reader,objectType,existingValue,hasExistingValue,serializer
SFS.Parts.TextureLoader+T2DConverter|WriteJson|3	writer,value,serializer
SFS.Parts.TextureLoader+ShadowTextureConverter|WriteJson|3	writer,value,serializer
SFS.Parts.TextureLoader+ShadowTextureConverter|ReadJson|5	reader,objectType,existingValue,hasExistingValue,serializer
SFS.Parts.TextureLoader+SpriteConverter|WriteJson|3	writer,value,serializer
SFS.Parts.TextureLoader+SpriteConverter|ReadJson|5	reader,objectType,existingValue,hasExistingValue,serializer
SFS.Parts.TextureLoader+<LoadTexturePack>d__2|SetStateMachine|1	stateMachine
SFS.Parts.TextureLoader+<LoadTexturePacks>d__0|SetStateMachine|1	stateMachine
SFS.Parts.WheelModule+<>c__DisplayClass6_0|<Draw>b__2|1	update
SFS.Parts.WheelModule+<>c__DisplayClass6_0|<Draw>b__3|1	update
SFS.Parts.Part+<>c__DisplayClass16_0|<DrawPartStats>b__1|1	update
SFS.Parts.Part+<>c__DisplayClass16_0|<DrawPartStats>b__2|1	update
SFS.Parts.Part+<>c__DisplayClass16_0|<DrawPartStats>b__4|1	update
SFS.Parts.Part+<>c__DisplayClass16_0|<DrawPartStats>b__5|1	update
SFS.Parts.Part+<>c__DisplayClass16_0|<DrawPartStats>g__DrawMultiple|30|3	drawn,getID,draw
SFS.Parts.UsePartData|.ctor|2	sharedData,clickPolygon
SFS.Parts.UsePartData+SharedData|.ctor|1	fromStaging
SFS.Parts.PartHolder+<>c__DisplayClass22_0|<TrackParts>b__0|1	addedParts
SFS.Parts.PartHolder+<>c__DisplayClass22_0|<TrackParts>b__1|1	removedParts
SFS.Parts.PartHolder+<>c__DisplayClass23_0`1|<TrackModules>b__0|1	addedParts
SFS.Parts.PartHolder+<>c__DisplayClass23_0`1|<TrackModules>b__1|1	removedParts
SFS.Parts.Part_Utility|RaycastParts|4	parts,worldPoint,threshold,hit
SFS.Parts.Part_Utility|GetHighestDepthAtPoint|3	worldPoint,hits,threshold
SFS.Parts.Part_Utility|GetClosestPartToClick|4	point,hits,bestDistance,bestHit
SFS.Parts.Part_Utility|CollidersIntersect|2	part_A,part_B
SFS.Parts.Part_Utility|GetBuildColliderPolygons|1	parts
SFS.Parts.Part_Utility|GetBuildColliderPolygons_WithPart|1	parts
SFS.Parts.Part_Utility|PositionParts|5	position,pivot,round,useLaunchBounds,parts
SFS.Parts.Part_Utility|OffsetPartPosition|3	offset,round,parts
SFS.Parts.Part_Utility|CenterParts|2	parts,boxSize
SFS.Parts.Part_Utility|ApplyOrientationChange|3	change,pivot,parts
SFS.Parts.Part_Utility|GetFramingBounds_WorldSpace|2	bounds,parts
SFS.Parts.Part_Utility|GetFramingBounds_WorldSpace|2	bounds,part
SFS.Parts.Part_Utility|GetBuildColliderBounds_WorldSpace|3	bounds,useLaunchBounds,parts
SFS.Parts.Part_Utility|GetBounds_WorldSpace|2	bounds,polygons
SFS.Parts.Part_Utility|GetBounds_WorldSpace|5	bounds,usePolygon,useLaunchBounds,useFramingBounds,parts
SFS.Parts.Part_Utility|ExpandToFitPoint|3	min,max,points
SFS.Parts.Part_Utility|GetModules|1	parts
SFS.Parts.Part_Utility+<>c|<GetBuildColliderPolygons_WithPart>b__5_0|1	part
SFS.Parts.Part_Utility+<>c|<GetFramingBounds_WorldSpace>b__11_0|1	x
SFS.Parts.Part_Utility+<>c|<GetFramingBounds_WorldSpace>b__11_1|1	bounds
SFS.Parts.Part_Utility+<>c|<GetBuildColliderBounds_WorldSpace>b__12_0|1	x
SFS.Parts.Part_Utility+<>c|<GetBounds_WorldSpace>b__14_0|1	x
SFS.Parts.Part_Utility+<>c|<GetBounds_WorldSpace>b__14_1|1	x
SFS.Parts.Part_Utility+<>c__DisplayClass0_0|<RaycastParts>b__0|1	part
SFS.Parts.Part_Utility+<>c__DisplayClass0_0|<RaycastParts>b__1|1	polygonData
SFS.Parts.Part_Utility+<>c__DisplayClass0_1|<RaycastParts>b__2|1	x
SFS.Parts.Part_Utility+<>c__DisplayClass13_0|<GetBounds_WorldSpace>b__0|1	poly
SFS.Parts.PartHit|.ctor|2	part,polygon
SFS.Parts.Modules.FuelPipeModule+<>c__DisplayClass9_0|<FixedUpdate_FuelPipeFlow>b__6|1	from
SFS.Parts.Modules.ResourceModule+<>c__DisplayClass16_0|<Draw>g__Register|3|1	update
SFS.Parts.Modules.ResourceModule+<>c__DisplayClass16_0|<Draw>g__Unregister|4|1	update
SFS.Parts.Modules.ResourceModule+<>c__DisplayClass16_0|<Draw>g__SetResource|5|2	newValue,touchStart
SFS.Parts.Modules.ColliderModule+<>c__DisplayClass9_0|<OnCollisionEnter2D>b__0|1	x
SFS.Parts.Modules.ColliderModule+<>c__DisplayClass9_0|<OnCollisionEnter2D>b__1|1	x
SFS.Parts.Modules.DockingPortModule+<>c__DisplayClass17_0|<UpdateOccupied>b__0|1	joint
SFS.Parts.Modules.DockingPortModule+<>c__DisplayClass28_0|<Draw>b__3|1	x
SFS.Parts.Modules.DockingPortModule+<>c__DisplayClass28_0|<Draw>b__4|1	x
SFS.Parts.Modules.DockingPortModule+<>c__DisplayClass28_0|<Draw>g__SetForce|5|2	value,touchStart
SFS.Parts.Modules.LES_Module+<>c__DisplayClass1_0|<Draw>b__2|1	update
SFS.Parts.Modules.LES_Module+<>c__DisplayClass1_0|<Draw>b__3|1	update
SFS.Parts.Modules.LES_Module+<>c__DisplayClass7_0|<Detach>b__0|1	j
SFS.Parts.Modules.Splittable|Split|2	segment,A
SFS.Parts.Modules.Splittable|GetSplits|2	cut,A
SFS.Parts.Modules.Splittable|Split|1	splits
SFS.Parts.Modules.Points_Splittable|.ctor|1	elements
SFS.Parts.Modules.Points_Splittable|Split|1	splits
SFS.Parts.Modules.Points_Splittable+<>c|<GetSplits>b__3_0|1	x
SFS.Parts.Modules.UV_Splittable|.ctor|1	element
SFS.Parts.Modules.UV_Splittable|Split|1	splits
SFS.Parts.Modules.UV_Splittable+<>c|<GetSplits>b__2_0|1	uv
SFS.Parts.Modules.Color_Splittable|.ctor|1	element
SFS.Parts.Modules.Color_Splittable|Split|1	splits
SFS.Parts.Modules.Color_Splittable+<>c|<GetSplits>b__2_0|1	UV
SFS.Parts.Modules.MathModule+NumericCalculator+<>c__DisplayClass2_0|<Register>g__OnChange|0|2	_,value
SFS.Parts.Modules.VariableConverterModule+StringToBool+<>c__DisplayClass4_0|<Convert>b__0|1	s
SFS.Parts.Modules.Own_Size+<>c|<get_IsPremium>b__2_0|1	a
SFS.Parts.Modules.SplitModule+<>c__DisplayClass18_0|<Draw>b__4|2	newValue,touchStart
SFS.Parts.Modules.SplitModule+<>c__DisplayClass18_0|<Draw>b__5|1	update
SFS.Parts.Modules.SplitModule+<>c__DisplayClass18_0|<Draw>b__6|1	update
SFS.Parts.Modules.SplitModule+<>c__DisplayClass18_0|<Draw>b__9|1	update
SFS.Parts.Modules.SplitModule+<>c__DisplayClass18_0|<Draw>b__10|1	update
SFS.Parts.Modules.Pipe|AddPoint_SideAnchor|2	position,width
SFS.Parts.Modules.Pipe|AddPoint|2	position,width
SFS.Parts.Modules.Pipe|GetWidthAtHeight|1	height
SFS.Parts.Modules.PipePoint|.ctor|5	position,width,height,cutLeft,cutRight
SFS.Parts.Modules.PipePoint|GetPosition|1	t
SFS.Parts.Modules.PipePoint|LerpByHeight|3	a,b,height
SFS.Parts.Modules.PipePoint|Lerp|3	a,b,t
SFS.Parts.Modules.Surfaces|.ctor|3	points,loop,owner
SFS.Parts.Modules.Surfaces|<GetSurfacesWorld>b__4_0|1	p
SFS.Parts.Modules.SurfaceUtility|SurfacesConnect|4	A,B,overlap,center
SFS.Parts.Modules.SurfaceUtility|SurfacesConnect|4	A,B,overlap,center
SFS.Parts.Modules.SurfaceUtility|SurfacesConnect|4	A,B,overlap,center
SFS.Parts.Modules.SurfaceUtility|SurfacesConnect|4	surfaces_A,surfaces_B,overlap,center
SFS.Parts.Modules.SurfaceUtility|SurfacesConnect|4	A,B,overlap,center
SFS.Parts.Modules.SurfaceUtility|BiggestOverlap|3	A,B,center
SFS.Parts.Modules.SurfaceUtility|ShortestDistance|2	A,B
SFS.Parts.Modules.SurfaceUtility|DistanceToSegment|2	segment,point
SFS.Parts.Modules.SurfaceUtility|Intersect|2	A,B
SFS.Parts.Modules.SurfaceUtility|Direction|3	start,end,point
SFS.Parts.Modules.SurfaceUtility|OnLine|2	line,point
SFS.Parts.Modules.SurfaceUtility+<>c|<SurfacesConnect>b__5_0|1	a
SFS.Parts.Modules.SurfaceUtility+<>c|<SurfacesConnect>b__5_1|1	b
SFS.Parts.Modules.BurnMark+MeshReference|.ctor|2	renderer,filter
SFS.Parts.Modules.BurnMark+<>c__DisplayClass18_0|<ApplyIntensity>b__0|1	a
SFS.Parts.Modules.I_PartMenu|Draw|2	drawer,settings
SFS.Parts.Modules.PartDrawSettings|.ctor|4	showTitle,build,game,showDescription
SFS.Parts.Modules.ToggleModule+<>c__DisplayClass3_0|<Draw>b__2|1	update
SFS.Parts.Modules.ToggleModule+<>c__DisplayClass3_0|<Draw>b__3|1	update
SFS.Parts.Modules.VariablesDrawer+<>c__DisplayClass1_1|<Draw>b__1|1	action
SFS.Parts.Modules.VariablesDrawer+<>c__DisplayClass1_1|<Draw>b__2|1	action
SFS.Parts.Modules.VariablesDrawer+<>c__DisplayClass1_1|<Draw>b__5|1	action
SFS.Parts.Modules.VariablesDrawer+<>c__DisplayClass1_1|<Draw>b__6|1	action
SFS.Parts.Modules.VariablesDrawer+<>c__DisplayClass1_1|<Draw>g__SetFillAmount|8|2	t,touchStart
SFS.Parts.Modules.VariablesDrawer+<>c__DisplayClass1_1|<Draw>b__11|1	action
SFS.Parts.Modules.VariablesDrawer+<>c__DisplayClass1_1|<Draw>b__12|1	action
SFS.Parts.Modules.VariablesDrawer+<>c__DisplayClass1_1|<Draw>b__16|1	action
SFS.Parts.Modules.VariablesDrawer+<>c__DisplayClass1_1|<Draw>b__17|1	action
SFS.Utilities.WorldAddress|GetMapAddress|1	mapInstance
SFS.Utilities.WorldAddress|GetMapInstance|2	address,allowNull
SFS.Utilities.WorldAddress|GetPlayerAddress|1	player
SFS.Utilities.WorldAddress|GetPlayerInstance|1	address
SFS.Utilities.WorldAddress|GetPlayerLocationFromSave|1	save
SFS.Utilities.WorldAddress|TryGetRocketIndex_SupportsLegacy|2	address,rocketIndex
SFS.Utilities.WorldAddress|GetPlanetAddress|1	planet
SFS.Utilities.WorldAddress|GetRocketAddress|1	rocketIndex
SFS.Utilities.WorldAddress|GetAstronautAddress|1	astronautName
SFS.Utilities.WorldAddress|GetFlagAddress|1	flagIndex
SFS.Utilities.WorldAddress|TryGetPlanetFromAddress|2	address,planetName
SFS.Utilities.WorldAddress+<>c__DisplayClass1_0|<GetMapInstance>b__0|1	a
SFS.Utilities.WorldAddress+<>c__DisplayClass1_0|<GetMapInstance>b__1|1	a
SFS.Utilities.WorldAddress+<>c__DisplayClass3_0|<GetPlayerInstance>b__0|1	astronaut
SFS.Utilities.WorldAddress+<>c__DisplayClass3_0|<GetPlayerInstance>b__1|1	astronaut
SFS.Utilities.WorldAddress+<>c__DisplayClass4_0|<GetPlayerLocationFromSave>b__0|1	a
SFS.Utilities.WorldAddress+<>c__DisplayClass4_0|<GetPlayerLocationFromSave>b__1|1	a
SFS.Utilities.GZipUtility|Compress|1	data
SFS.Utilities.GZipUtility|Decompress|1	data
SFS.Variables.I_ObservableMonoBehaviour|set_OnDestroy|1	value
SFS.Variables.VariableList`1+Variable|set_Save|1	value
SFS.Variables.VariableList`1+Variable|.ctor|1	save
SFS.Variables.VariableList`1+Variable|set_Value|1	value
SFS.Audio.MusicPlaylistPlayer|StartPlaying|1	fadeTime
SFS.Audio.MusicPlaylistPlayer|StopPlaying|1	fadeTime
SFS.Audio.MusicPlaylistPlayer|PlayNext|1	lastTrack
SFS.Audio.MusicPlaylistPlayer|LoadByResourceName|1	name
SFS.Audio.MusicPlaylistPlayer|PlayTrack|1	newTrack
SFS.Audio.SoundPlayer|PlaySound_3D|4	soundEffect,holder,volume,loop
SFS.Audio.SoundPlayer|PlaySound_2D|2	soundEffect,volume
SFS.Audio.SoundPlayer|GetFreeSource|1	id
SFS.Audio.PlayingSoundEffect3D|.ctor|2	sources,volume
SFS.Audio.PlayingSoundEffect3D|SetVolume|1	volume
SFS.Audio.PlayingSoundEffect3D|SetPitch|1	pitch
SFS.Audio.PlayingSoundEffect3D+<>c|<get_IsPlaying>b__4_0|1	a
SFS.Audio.PlayingSoundEffect2D|.ctor|2	sources,volume
SFS.Audio.AudioSettings|OnSoundChange|1	value
SFS.Audio.AudioSettings|OnMusicChange|1	value
SFS.Analytics.AnalyticsUtility|SendEvent|2	eventName,eventData
SFS.Analytics.AnalyticsUtility|SendEvent|2	eventName,eventData
SFS.Analytics.AnalyticsUtility|SendEvent|1	eventName
SFS.Analytics.AnalyticsUtility|SetUserProperty|2	name,property
SFS.Analytics.AnalyticsUtility|SendEventToJordiServer|2	eventName,eventData
SFS.Analytics.AnalyticsUtility+<>c|<SendEvent>b__0_0|1	x
SFS.Analytics.AnalyticsUtility+<>c|<SendEvent>b__0_1|1	x
SFS.Analytics.AnalyticsUtility+<>c|<SendEventToJordiServer>b__4_0|1	a
SFS.Analytics.AnalyticsUtility+<>c|<SendEventToJordiServer>b__4_1|1	b
SFS.Analytics.FbRemoteSettings|FetchValue|1	valueName
SFS.Analytics.FbRemoteSettings|GetString|2	keyName,defaultValue
SFS.Analytics.FbRemoteSettings|GetBool|2	keyName,defaultValue
SFS.Analytics.FbRemoteSettings|GetLong|2	keyName,defaultValue
SFS.Analytics.FbRemoteSettings|GetDouble|2	keyName,defaultValue
SFS.Analytics.FbRemoteSettings|GetInt|2	keyName,defaultValue
SFS.Analytics.FbRemoteSettings|<Awake>b__11_1|1	success
SFS.Analytics.FbRemoteSettings|<Awake>b__11_2|2	sender,obj
SFS.Analytics.FbRemoteSettings|<SetDefaults>b__12_0|1	task
SFS.Analytics.FbRemoteSettings|<LoadValues>b__13_0|1	task
SFS.Analytics.FbRemoteSettings|<LoadValues>b__13_1|1	_
Firebase.Internal.FirebaseInterops|LogError|1	message
Firebase.Internal.FirebaseInterops|GetIsDataCollectionDefaultEnabled|1	firebaseApp
Firebase.Internal.FirebaseInterops|GetAppCheckTokenAsync|1	firebaseApp
Firebase.Internal.FirebaseInterops|GetAuthTokenAsync|1	firebaseApp
Firebase.Internal.FirebaseInterops|AddFirebaseTokensAsync|2	request,firebaseApp
Firebase.Internal.FirebaseInterops|AddFirebaseTokensAsync|2	socket,firebaseApp
Firebase.Internal.FirebaseInterops+<AddFirebaseTokensAsync>d__26|SetStateMachine|1	stateMachine
Firebase.Internal.FirebaseInterops+<AddFirebaseTokensAsync>d__27|SetStateMachine|1	stateMachine
Firebase.Internal.FirebaseInterops+<GetAppCheckTokenAsync>d__23|SetStateMachine|1	stateMachine
Firebase.Internal.FirebaseInterops+<GetAuthTokenAsync>d__25|SetStateMachine|1	stateMachine
Firebase.Internal.HttpHelpers|SetRequestHeaders|2	request,firebaseApp
Firebase.Internal.HttpHelpers|ValidateHttpResponse|1	response
Firebase.Internal.HttpHelpers+<SetRequestHeaders>d__0|SetStateMachine|1	stateMachine
Firebase.Internal.HttpHelpers+<ValidateHttpResponse>d__1|SetStateMachine|1	stateMachine
Firebase.Internal.HttpRequestExceptionExtensions|GetStatusCode|1	exception
